-- phpMyAdmin SQL Dump
-- version 4.7.0
-- https://www.phpmyadmin.net/
--
-- Servidor: 127.0.0.1
-- Tiempo de generación: 28-12-2017 a las 23:45:31
-- Versión del servidor: 10.1.25-MariaDB
-- Versión de PHP: 7.1.7

SET SQL_MODE = "NO_AUTO_VALUE_ON_ZERO";
SET AUTOCOMMIT = 0;
START TRANSACTION;
SET time_zone = "+00:00";


/*!40101 SET @OLD_CHARACTER_SET_CLIENT=@@CHARACTER_SET_CLIENT */;
/*!40101 SET @OLD_CHARACTER_SET_RESULTS=@@CHARACTER_SET_RESULTS */;
/*!40101 SET @OLD_COLLATION_CONNECTION=@@COLLATION_CONNECTION */;
/*!40101 SET NAMES utf8mb4 */;

--
-- Base de datos: `vise_pereira`
--

-- --------------------------------------------------------

--
-- Estructura de tabla para la tabla `academias`
--

CREATE TABLE `academias` (
  `nit_academia` varchar(100) NOT NULL,
  `nombre` varchar(100) NOT NULL
) ENGINE=InnoDB DEFAULT CHARSET=utf8;

--
-- Volcado de datos para la tabla `academias`
--

INSERT INTO `academias` (`nit_academia`, `nombre`) VALUES
('8300211325', 'Escuela Colombiana De Seguridad Privada ECOSEP Ltda'),
('8300393700', 'Escuela Colombiana De Capacitacionen Vigilancia Privada '),
('8300703391', 'Academia de Seguridad y Vigilancia Cognoseguridad LTDA'),
('8300833785', 'Academia De Seguridad Privada Marshals Service '),
('8301012190', 'Academia Colombiana de Profesionales en Seguridad'),
('8301283282', 'Escuela de Entrenamiento en Vigilancia y Seguridad Privada SEGURED LTDA'),
('9000172529', 'Academia Nacional de Entrenamiento en Vigilancia y Seguridad Privada AESS Ltda'),
('9000296358', 'Academia Nacional de Seguridad Privada CLAVE A.N.S.P.'),
('9002025368', 'Centro De Formacion En Vigilancia Y Seguridad Privada CEFORVIG');

-- --------------------------------------------------------

--
-- Estructura de tabla para la tabla `acreditacion`
--

CREATE TABLE `acreditacion` (
  `acreditacion_id` int(100) NOT NULL,
  `empleado_id` int(20) NOT NULL,
  `estado_acreditacion` varchar(45) NOT NULL,
  `fecha_acreditacion` date NOT NULL,
  `estado_radicado` varchar(20) NOT NULL,
  `fecha_radicado` date NOT NULL,
  `numero_radicado` int(20) NOT NULL
) ENGINE=InnoDB DEFAULT CHARSET=utf8;

--
-- Volcado de datos para la tabla `acreditacion`
--

INSERT INTO `acreditacion` (`acreditacion_id`, `empleado_id`, `estado_acreditacion`, `fecha_acreditacion`, `estado_radicado`, `fecha_radicado`, `numero_radicado`) VALUES
(1, 18606864, 'ACREDITADO', '2018-09-28', '', '0000-00-00', 0),
(2, 16226344, 'ACREDITADO', '2018-05-30', '', '0000-00-00', 0),
(3, 18598209, 'ACREDITADO', '2018-01-23', '', '0000-00-00', 0),
(4, 1112770431, 'ACREDITADO', '2018-03-21', '', '0000-00-00', 0),
(5, 2316358, 'ACREDITADO', '2018-05-30', '', '0000-00-00', 0),
(6, 94463013, 'ACREDITADO', '2018-03-21', '', '0000-00-00', 0),
(7, 9921457, 'ACREDITADO', '2018-05-30', '', '0000-00-00', 0),
(8, 75084858, 'ACREDITADO', '2018-05-30', '', '0000-00-00', 0),
(9, 1112780067, 'ACREDITADO', '2018-12-11', '', '0000-00-00', 0),
(10, 15956575, 'ACREDITADO', '2018-01-23', '', '0000-00-00', 0),
(11, 75079795, 'ACREDITADO', '2018-01-23', '', '0000-00-00', 0),
(12, 1053794211, 'ACREDITADO', '2018-01-23', '', '0000-00-00', 0),
(13, 1094882530, 'ACREDITADO', '2018-05-18', '', '0000-00-00', 0),
(14, 16485243, 'ACREDITADO', '2018-04-06', '', '0000-00-00', 0),
(15, 1094911267, 'ACREDITADO', '2018-09-28', '', '0000-00-00', 0),
(16, 4391851, 'ACREDITADO', '2018-01-23', '', '0000-00-00', 0),
(17, 89004457, 'ACREDITADO', '2018-01-23', '', '0000-00-00', 0),
(18, 94533834, 'ACREDITADO', '2018-09-28', '', '0000-00-00', 0),
(19, 16627207, 'ACREDITADO', '2018-01-23', '', '0000-00-00', 0),
(20, 10127786, 'ACREDITADO', '2018-01-23', '', '0000-00-00', 0),
(21, 4372275, 'ACREDITADO', '2018-12-21', '', '0000-00-00', 0),
(22, 1061625000, 'ACREDITADO', '2018-01-23', '', '0000-00-00', 0),
(23, 1053791943, 'ACREDITADO', '2018-07-13', '', '0000-00-00', 0),
(24, 1143946915, 'ACREDITADO', '2018-03-21', '', '0000-00-00', 0),
(25, 1116726252, 'ACREDITADO', '2018-01-23', '', '0000-00-00', 0),
(26, 1114120754, 'ACREDITADO', '2018-07-17', '', '0000-00-00', 0),
(27, 75033492, 'ACREDITADO', '2018-01-23', '', '0000-00-00', 0),
(28, 1093215267, 'ACREDITADO', '2018-05-15', '', '0000-00-00', 0),
(29, 1112302799, 'ACREDITADO', '2018-11-07', '', '0000-00-00', 0),
(30, 1113779033, 'ACREDITADO', '2018-03-21', '', '0000-00-00', 0),
(31, 16045186, 'ACREDITADO', '2018-07-28', '', '0000-00-00', 0),
(32, 75146518, 'ACREDITADO', '2018-12-21', '', '0000-00-00', 0),
(33, 4415933, 'ACREDITADO', '2018-05-30', '', '0000-00-00', 0),
(34, 4446750, 'ACREDITADO', '2018-06-21', '', '0000-00-00', 0),
(35, 1060590364, 'ACREDITADO', '2018-06-21', '', '0000-00-00', 0),
(36, 30360511, 'ACREDITADO', '2018-03-21', '', '0000-00-00', 0),
(37, 1097729714, 'ACREDITADO', '2018-03-21', '', '0000-00-00', 0),
(38, 13993559, 'ACREDITADO', '2018-01-23', '', '0000-00-00', 0),
(39, 7549474, 'ACREDITADO', '2018-09-28', '', '0000-00-00', 0),
(40, 9971779, 'ACREDITADO', '2018-09-28', '', '0000-00-00', 0),
(41, 1109293858, 'ACREDITADO', '2018-05-30', '', '0000-00-00', 0),
(42, 1112784664, 'ACREDITADO', '2018-07-17', '', '0000-00-00', 0),
(43, 94393066, 'ACREDITADO', '2018-03-21', '', '0000-00-00', 0),
(44, 94310956, 'ACREDITADO', '2018-05-15', '', '0000-00-00', 0),
(45, 1116264342, 'ACREDITADO', '2018-07-13', '', '0000-00-00', 0),
(46, 75144459, 'ACREDITADO', '2018-07-24', '', '0000-00-00', 0),
(47, 1088238927, 'ACREDITADO', '2018-01-23', '', '0000-00-00', 0),
(48, 9957041, 'ACREDITADO', '2018-07-13', '', '0000-00-00', 0),
(49, 14571153, 'ACREDITADO', '2018-05-30', '', '0000-00-00', 0),
(50, 75085511, 'ACREDITADO', '2018-12-21', '', '0000-00-00', 0),
(51, 1088321795, 'ACREDITADO', '2018-05-30', '', '0000-00-00', 0),
(52, 1112761152, 'ACREDITADO', '2018-06-21', '', '0000-00-00', 0),
(53, 1113512846, 'ACREDITADO', '2018-11-15', '', '0000-00-00', 0),
(54, 1059785331, 'ACREDITADO', '2018-05-30', '', '0000-00-00', 0),
(55, 1061624208, 'ACREDITADO', '2018-04-20', '', '0000-00-00', 0),
(56, 1109296032, 'ACREDITADO', '2018-04-27', '', '0000-00-00', 0),
(57, 10186008, 'ACREDITADO', '2018-09-28', '', '0000-00-00', 0),
(58, 10273868, 'ACREDITADO', '2018-05-30', '', '0000-00-00', 0),
(59, 75081513, 'ACREDITADO', '2018-05-30', '', '0000-00-00', 0),
(60, 10286362, 'ACREDITADO', '2018-05-30', '', '0000-00-00', 0),
(61, 18532107, 'ACREDITADO', '2018-05-30', '', '0000-00-00', 0),
(62, 15908017, 'ACREDITADO', '2018-05-30', '', '0000-00-00', 0),
(63, 93383597, 'ACREDITADO', '2018-05-30', '', '0000-00-00', 0),
(64, 1089746531, 'ACREDITADO', '2018-11-15', '', '0000-00-00', 0),
(65, 31412768, 'ACREDITADO', '2018-05-30', '', '0000-00-00', 0),
(66, 10263787, 'ACREDITADO', '2018-06-21', '', '0000-00-00', 0),
(67, 75077610, 'ACREDITADO', '2018-06-21', '', '0000-00-00', 0),
(68, 75143474, 'ACREDITADO', '2018-05-30', '', '0000-00-00', 0),
(69, 14571892, 'ACREDITADO', '2018-10-24', '', '0000-00-00', 0),
(70, 16055698, 'ACREDITADO', '2018-09-28', '', '0000-00-00', 0),
(71, 1088292581, 'ACREDITADO', '2018-06-02', '', '0000-00-00', 0),
(72, 18598051, 'ACREDITADO', '2018-01-23', '', '0000-00-00', 0),
(73, 1053800432, 'ACREDITADO', '2018-06-23', '', '0000-00-00', 0),
(74, 1088003280, 'ACREDITADO', '2018-09-28', '', '0000-00-00', 0),
(75, 9728928, 'ACREDITADO', '2018-05-18', '', '0000-00-00', 0),
(76, 18492028, 'ACREDITADO', '2018-07-24', '', '0000-00-00', 0),
(77, 15959151, 'ACREDITADO', '2018-07-24', '', '0000-00-00', 0),
(78, 9726942, 'ACREDITADO', '2018-01-23', '', '0000-00-00', 0),
(79, 7959553, 'ACREDITADO', '2018-09-28', '', '0000-00-00', 0),
(80, 1088002131, 'ACREDITADO', '2018-09-28', '', '0000-00-00', 0),
(81, 9862498, 'ACREDITADO', '2018-09-28', '', '0000-00-00', 0),
(82, 1116437684, 'ACREDITADO', '2018-09-28', '', '0000-00-00', 0),
(83, 1088313813, 'ACREDITADO', '2018-09-28', '', '0000-00-00', 0),
(84, 1113533829, 'ACREDITADO', '2018-07-28', '', '0000-00-00', 0),
(85, 1088327284, 'ACREDITADO', '2018-07-28', '', '0000-00-00', 0),
(86, 1112769004, 'ACREDITADO', '2018-07-28', '', '0000-00-00', 0),
(87, 9697467, 'ACREDITADO', '2018-08-16', '', '0000-00-00', 0),
(88, 9735423, 'ACREDITADO', '2018-01-23', '', '0000-00-00', 0),
(89, 75102420, 'ACREDITADO', '2018-12-21', '', '0000-00-00', 0),
(90, 1054990354, 'ACREDITADO', '2018-07-28', '', '0000-00-00', 0),
(91, 18402946, 'ACREDITADO', '2018-10-05', '', '0000-00-00', 0),
(92, 41912001, 'ACREDITADO', '2018-05-30', '', '0000-00-00', 0),
(93, 1096646154, 'ACREDITADO', '2018-08-01', '', '0000-00-00', 0),
(94, 9977165, 'ACREDITADO', '2018-06-21', '', '0000-00-00', 0),
(95, 1060646253, 'ACREDITADO', '2018-07-17', '', '0000-00-00', 0),
(96, 18398705, 'ACREDITADO', '2018-07-17', '', '0000-00-00', 0),
(97, 1054916493, 'ACREDITADO', '2018-09-28', '', '0000-00-00', 0),
(98, 10008438, 'ACREDITADO', '2018-09-28', '', '0000-00-00', 0),
(99, 1057757266, 'ACREDITADO', '2018-09-28', '', '0000-00-00', 0),
(100, 29435277, 'ACREDITADO', '2018-12-11', '', '0000-00-00', 0),
(101, 9697804, 'ACREDITADO', '2018-09-28', '', '0000-00-00', 0),
(102, 4512715, 'ACREDITADO', '2018-01-23', '', '0000-00-00', 0),
(103, 42159210, 'ACREDITADO', '2018-09-28', '', '0000-00-00', 0),
(104, 24398541, 'ACREDITADO', '2018-09-28', '', '0000-00-00', 0),
(105, 1088245901, 'ACREDITADO', '2018-09-28', '', '0000-00-00', 0),
(106, 83241316, 'ACREDITADO', '2018-09-28', '', '0000-00-00', 0),
(107, 72252082, 'ACREDITADO', '2018-01-23', '', '0000-00-00', 0),
(108, 75050002, 'ACREDITADO', '2018-01-30', '', '0000-00-00', 0),
(109, 1088300094, 'ACREDITADO', '2018-12-11', '', '0000-00-00', 0),
(110, 1104675026, 'ACREDITADO', '2018-01-23', '', '0000-00-00', 0),
(111, 1059812970, 'ACREDITADO', '2018-11-02', '', '0000-00-00', 0),
(112, 1088248409, 'ACREDITADO', '2018-03-16', '', '0000-00-00', 0),
(113, 1096032319, 'ACREDITADO', '2018-01-23', '', '0000-00-00', 0),
(114, 1088028024, 'ACREDITADO', '2018-09-28', '', '0000-00-00', 0),
(115, 16232307, 'ACREDITADO', '2018-07-13', '', '0000-00-00', 0),
(116, 1088021467, 'ACREDITADO', '2018-09-28', '', '0000-00-00', 0),
(117, 10281008, 'ACREDITADO', '2018-06-21', '', '0000-00-00', 0),
(118, 4578632, 'ACREDITADO', '2018-07-24', '', '0000-00-00', 0),
(119, 1004211221, 'ACREDITADO', '2018-12-21', '', '0000-00-00', 0),
(120, 9809507, 'ACREDITADO', '2018-07-13', '', '0000-00-00', 0),
(121, 1114092888, 'ACREDITADO', '2018-08-16', '', '0000-00-00', 0),
(122, 18403227, 'ACREDITADO', '2018-03-10', '', '0000-00-00', 0),
(123, 75101610, 'ACREDITADO', '2018-11-02', '', '0000-00-00', 0),
(124, 1094902525, 'ACREDITADO', '2018-07-17', '', '0000-00-00', 0),
(125, 1088273174, 'ACREDITADO', '2018-12-11', '', '0000-00-00', 0),
(126, 18596498, 'ACREDITADO', '2018-01-23', '', '0000-00-00', 0),
(127, 1090336662, 'ACREDITADO', '2018-12-21', '', '0000-00-00', 0),
(128, 10128205, 'ACREDITADO', '2018-09-28', '', '0000-00-00', 0),
(129, 2680820, 'ACREDITADO', '2018-05-30', '', '0000-00-00', 0),
(130, 15959842, 'ACREDITADO', '2018-03-10', '', '0000-00-00', 0),
(131, 1086278089, 'ACREDITADO', '2018-09-28', '', '0000-00-00', 0),
(132, 9992812, 'ACREDITADO', '2018-03-10', '', '0000-00-00', 0),
(133, 94288775, 'ACREDITADO', '2018-01-23', '', '0000-00-00', 0),
(134, 9727897, 'ACREDITADO', '2018-05-30', '', '0000-00-00', 0),
(135, 1109298865, 'ACREDITADO', '2018-12-21', '', '0000-00-00', 0);

-- --------------------------------------------------------

--
-- Estructura de tabla para la tabla `cargo`
--

CREATE TABLE `cargo` (
  `id_cargo` int(50) NOT NULL,
  `descripcion` varchar(50) NOT NULL,
  `salario` int(50) NOT NULL
) ENGINE=InnoDB DEFAULT CHARSET=utf8;

--
-- Volcado de datos para la tabla `cargo`
--

INSERT INTO `cargo` (`id_cargo`, `descripcion`, `salario`) VALUES
(1000, 'VIGILANTE', 737717),
(1003, 'MANEJADOR CANINO', 737717),
(1004, 'OPERADOR DE MEDIOS TECNOLÓGICOS         ', 737717),
(1005, 'ESCOLTA                                 ', 2285800),
(1006, 'MENSAJERO                               ', 737717),
(1007, 'RECEPCIONISTA                           ', 1338275),
(1010, 'VIGILANTE CONDUCTOR                     ', 773645),
(1011, 'VIGILANTE MOTORIZADO                    ', 737717),
(1013, 'AUXILIAR CONTABLE                       ', 800000),
(1014, 'AUXILIAR DE TECNOLOGÍA                  ', 911700),
(1015, 'AUXILIAR ADMINISTRATIVO', 762600),
(1016, 'ASISTENTE DE GERENCIA                   ', 1958225),
(1019, 'AGENTE DE CONTROL TIEMPO COMPLETO', 1326636),
(1020, 'AGENTE DE CONTROL MEDIO TIEMPO          ', 663319),
(1021, 'OFICIOS VARIOS', 737717),
(1022, 'AUXILIAR DE CREDITOS                    ', 1002500),
(1024, 'AUXILIAR LOGISTICO                      ', 737717),
(1026, 'VIGILANTE RECEPCIONISTA                 ', 737717),
(1027, 'VIGILANTE AGENTE DE SALAS               ', 737717),
(1029, 'SERVICIOS GENERALES                     ', 368858),
(1030, 'APRENDIZ ETAPA PRODUCTIVA               ', 566700),
(1031, 'AGENTE DE CONTROL ADMINISTRATIVO        ', 1958226),
(1034, 'CONDUCTOR ESCOLTA                       ', 1475434),
(1037, 'CONDUCTOR HY-RAIL                       ', 773645),
(1038, 'CONDUCTOR TANQUERO                      ', 1373638),
(1039, 'ASISTENTE DE SEGURIDAD INDUSTRIAL       ', 1538683),
(1040, 'AUXILIAR  DE SERVICIOS GRALES           ', 368900),
(1041, 'ASISTENTE ADMINISTRATIVO                ', 800000),
(1044, 'OPERADOR DE SEGURIDAD                   ', 1200000),
(1045, 'OPERADOR LOGISTICO', 737717),
(1046, 'MANEJADOR CANINO (E)                    ', 737717),
(1047, 'OPERADOR MEDIOS TECNOLOGICOS(E)         ', 737717),
(1048, 'VIGILANTE GUIA CANINO                   ', 737717),
(1049, 'MECANICO                                ', 773645),
(1050, 'RADIO OPERADOR                          ', 737717),
(1056, 'VIGILANTE RADIO OPERADOR                ', 737717),
(1057, 'TECNICO DE SEG ELECTRONICA              ', 1284001),
(1059, 'TECNICO GPS', 737717),
(1060, 'VIGILANTE RESIDENTE                     ', 737717),
(1062, 'TECNICO 2                               ', 912000),
(1063, 'TECNICO 3                               ', 1373880),
(1064, 'CONDUCTOR                               ', 1230500),
(1068, 'CONDUCTOR ADMINISTRATIVO', 1475434),
(1070, 'AGENTE DE CONTROL', 737717),
(1400, 'SUPERVISOR                              ', 737717),
(1401, 'COORDINADOR DE OPERACIONES              ', 1157600),
(1402, 'INSTRUCTOR CANINO                       ', 1269000),
(1403, 'JEFE DE SALUD OCUPACIONAL               ', 2353600),
(1404, 'COORDINADOR ADMINISTRATIVO              ', 1475434),
(1405, 'SUPERVISOR CONDUCTOR', 2065607),
(1407, 'COORDINADOR DE NÓMINA                   ', 1357800),
(1409, 'SUPERVISOR DE ZONA (MOTORIZADO)         ', 737717),
(1410, 'SUPERVISOR DE INTENDENCIA               ', 840100),
(1412, 'JEFE DEPARTAMENTO CAPACITACIÓN          ', 2226400),
(1413, 'JEFE DEPARTAMENTO DISCIPLINA            ', 1995600),
(1416, 'JEFE DE OPERACIONES                     ', 3113740),
(1417, 'JEFE DE SERVICIOS GENERALES', 1584100),
(1418, 'JEFE ADMINISTRATIVO                     ', 2200000),
(1419, 'JEFE DE SEGURIDAD INFORMÁTICA           ', 1898500),
(1420, 'JEFE DE CARTERA                         ', 1131500),
(1421, 'JEFE DE RECURSOS LOGÍSTICOS             ', 3348400),
(1424, 'COORDINADOR DE CENTRAL DE MONITOREO     ', 737717),
(1426, 'COORDINADOR DE ESCOLTAS                 ', 954314),
(1427, 'ANALISTA DISCIPLINA E INVESTIGACIONES   ', 1093600),
(1428, 'ANALISTA DE INVESTIGACIONES             ', 1414400),
(1429, 'ANALISTA LICITACIONES                   ', 1489000),
(1432, 'ANALISTA CREDITO Y CARTERA              ', 1002500),
(1433, 'ANALISTA DE TESORERIA                   ', 1267600),
(1434, 'ANALISTA CONTABLE                       ', 1307400),
(1435, 'ANALISTA FACTURACIÓN                    ', 1212000),
(1436, 'ANALISTA DE SEGURIDAD                   ', 737717),
(1437, 'ANALISTA ADMINISTRATIVO', 881800),
(1438, 'INSPECTOR DE CALIDAD                    ', 737717),
(1439, 'COORDINADOR DE SISTEMAS                 ', 2400000),
(1442, 'COORDINADOR TESORERÍA                   ', 3205700),
(1443, 'COORDINADOR DE CALIDAD                  ', 1586300),
(1444, 'COORDINADOR DE LICITACIONES             ', 2367200),
(1445, 'COORDINADOR DE BIENESTAR                ', 1183600),
(1446, 'COORDINADOR DE PROGRAMACIÓN             ', 1331800),
(1447, 'PROFESIONAL DE AUDITORIA                ', 3353300),
(1448, 'AUDITOR INTERNO                         ', 4280000),
(1450, 'PROFESIONAL HSE', 1488370),
(1451, 'ANALISTA ADMINISTRATIVO (Nómina)', 1200000),
(1452, 'ABOGADO                                 ', 3005400),
(1454, 'LIDER DE CONTROL                        ', 2074095),
(1457, 'JEFE DE SEGURIDAD INDUSTRIAL            ', 2462339),
(1462, 'INSTRUCTOR D.C.R.C                      ', 2074324),
(1463, 'INGENIERO DE SOPORTE                    ', 4319281),
(1464, 'SUPERVISOR CONTROL LOGISTICO            ', 737717),
(1465, 'INSPECTOR DE SEGURIDAD                  ', 2065607),
(1468, 'INSTRUCTOR                              ', 2544100),
(1471, 'COORDINADOR OPERATIVO (E)               ', 1538683),
(1473, 'COORDINADOR DE CUMPLIMIENTO ESTANDARES  ', 1560273),
(1476, 'COORDINADOR LOGISTICO', 1475434),
(1478, 'JEFE DE PUESTO                          ', 1103123),
(1479, 'REVISOR FISCAL                          ', 3700060),
(1480, 'SUPERVISOR MNTO VEHICULOS               ', 737717),
(1481, 'SUPERVISOR MOTORIZADO €', 818080),
(1482, 'SUPERVISOR (E)                          ', 737717),
(1483, 'INSPECTOR DE SEGURIDAD OCENSA           ', 1475434),
(1484, 'LABORES DE SEGURIDAD ENCARGADO €', 737717),
(1486, 'COORDINADOR DE POLIGRAFIA               ', 2722200),
(1487, 'LABORES DE SEGURIDAD                    ', 737717),
(1488, 'ANALISTA DE SISTEMAS                    ', 1584100),
(1491, 'ADMR. SISTEMAS DE SEG. ELECTRONICA      ', 4793206),
(1493, 'ANALISTA DE CARTERA                     ', 0),
(1494, 'COORDINADOR TECNICO                     ', 1160000),
(1495, 'INSPECTOR HSE                           ', 1343000),
(1496, 'INVESTIGADOR                            ', 1200000),
(1499, 'LABORES DE SEGURIDAD CONDUCTOR          ', 737717),
(1500, 'PROFESIONAL ADMINISTRATIVO              ', 2754405),
(1501, 'JEFE CONTROL DE RIESGOS', 2115000),
(1502, 'SUPERVISOR MOTORIZADO', 818080),
(1505, 'AUDITOR AQD', 4031449),
(1507, 'INSPECTOR DE CALIDAD SENIOR', 954000),
(1508, 'INSPECTOR DE CALIDAD JUNIOR', 954000),
(1510, 'COORDINADOR DE SELECCION', 1831000),
(1511, 'PSICOLOGO JUNIOR', 923200),
(1512, 'COORDINADOR DE INVESTIGACIONES', 1800000),
(1513, 'COORDINADOR DE ACCESOS', 773645),
(1514, 'ANALISTA JURIDICO', 1015200),
(1515, 'ANALISTA DE CALIDAD Y CAPACITACION', 854000),
(1518, 'JEFE HSE', 2749500),
(1800, 'DIRECTOR DE PROYECTOS                   ', 2603900),
(1801, 'GERENTE DE SUCURSAL                     ', 2500000),
(1802, 'DIRECTOR DE SUCURSAL                    ', 2187200),
(1803, 'DIRECTOR DE GESTIÓN HUMANA              ', 3509300),
(1804, 'GERENTE DE LOGÍSTICA', 6420000),
(1805, 'GERENTE GENERAL                         ', 10222500),
(1806, 'GERENTE COMERCIAL Y DE SERVICIO         ', 5350000),
(1808, 'GERENTE DE TECNOLOGIA                   ', 7079000),
(1810, 'GERENTE ADMINISTRATIVO Y FINANCIERO', 10257800),
(1811, 'DIRECTOR DE COMPRAS                     ', 2434700),
(1813, 'DIRECTOR DE OPERACIONES                 ', 2500000),
(1815, 'DIRECTOR DE SISTEMAS                    ', 3550800),
(1817, 'DIRECTOR JURIDICO COMERCIAL             ', 2749500),
(1818, 'DIRECTOR OFICINA JURIDICA               ', 3807000),
(1820, 'DIRECTOR DE PROYECTOS (E)               ', 2407400),
(1824, 'DIRECTOR DE RIESGOS', 3734000),
(1826, 'DIRECTOR FINANCIERO Y CONTABLE', 4280000),
(1828, 'GERENTE DE TALENTO HUMANO', 5724500),
(1830, 'GERENTE JUNIOR AVSEC', 4000000);

-- --------------------------------------------------------

--
-- Estructura de tabla para la tabla `cliente`
--

CREATE TABLE `cliente` (
  `id_cliente` int(50) NOT NULL,
  `nombre_cliente` varchar(100) NOT NULL
) ENGINE=InnoDB DEFAULT CHARSET=utf8;

--
-- Volcado de datos para la tabla `cliente`
--

INSERT INTO `cliente` (`id_cliente`, `nombre_cliente`) VALUES
(3759, 'BANCO DE LA REPUBLICA'),
(3773, 'AEROVIAS DEL CONTINENTE AMERICANO S A  AVIANCA'),
(3800, 'BAVARIA S A '),
(3833, 'VISE LTDA'),
(3871, 'BBVA COLOMBIA'),
(3884, 'SEGUROS BOLIVAR S A '),
(3892, 'SEGUROS COMERCIALES BOLIVAR S A '),
(3896, 'OLEODUCTO CENTRAL S A '),
(3900, 'BANCO COMPARTIR'),
(3925, 'LEWIS ENERGY COLOMBIA'),
(3934, 'TRANSPORTES TEV S A'),
(3938, 'EXXON MOBIL DE COLOMBIA S A'),
(3943, 'HOLCIM COLOMBIA S A'),
(3947, 'COMUNICACIÓN CELULAR S A  - COMCEL S A '),
(3966, 'EXXONMOBIL EXPLORATION COLOMBIA LIMITED'),
(3971, 'NUEVA EPS'),
(3991, 'PROMIORIENTE S A E S P'),
(3998, 'AUTOGERMANA SA'),
(4002, 'CONSORCIO CONECTIVIDAD VIAL SAN GIL'),
(4012, 'PATRIMONIOS AUTONOMOS ADMINISTRATIVOS POR LA SOC FIDUCIARIA DAVIVIENDA'),
(4027, 'FISCALIA GENERAL DE LA NACION SECCIONAL SANTANDER'),
(4395, 'COLEGIO DE LA CIA DE MARIA LA ENSEÑANZA'),
(4402, 'COMBARRANQUILLA S A '),
(4413, 'JARDIN INFANTIL CARITAS ALEGRES'),
(4417, 'BANCO POPULAR'),
(4422, 'COLFONDOS S A '),
(4427, 'TAMPA CARGO S A S'),
(4472, 'SUZUKI MOTOR DE COLOMBIA S A'),
(4481, 'YARA COLOMBIA S A ');

-- --------------------------------------------------------

--
-- Estructura de tabla para la tabla `contrato`
--

CREATE TABLE `contrato` (
  `id_contrato` int(100) NOT NULL,
  `fecha_ingreso` date NOT NULL,
  `fecha_vencimiento` date NOT NULL,
  `prorrogas` int(20) NOT NULL,
  `empleado_id` int(20) NOT NULL,
  `tipo_contrato_id` int(20) NOT NULL
) ENGINE=InnoDB DEFAULT CHARSET=utf8;

--
-- Volcado de datos para la tabla `contrato`
--

INSERT INTO `contrato` (`id_contrato`, `fecha_ingreso`, `fecha_vencimiento`, `prorrogas`, `empleado_id`, `tipo_contrato_id`) VALUES
(2, '2017-02-13', '2018-02-12', 3, 16226344, 20),
(3, '2017-11-13', '2018-05-12', 2, 18598209, 40),
(4, '2017-02-07', '2018-02-06', 2, 1112770431, 20),
(5, '2017-05-01', '2018-04-30', 2, 2316358, 3),
(6, '2017-02-09', '2018-02-08', 3, 94463013, 40),
(7, '2017-05-01', '2018-04-30', 4, 9921457, 3),
(8, '2017-05-01', '2018-04-30', 2, 75084858, 3),
(9, '2017-11-03', '2018-05-02', 2, 1112780067, 20),
(10, '1997-05-03', '1900-01-00', 1, 15956575, 1),
(11, '2017-04-28', '2018-04-27', 2, 75079795, 100),
(12, '2017-02-08', '2018-02-07', 3, 1053794211, 40),
(13, '2017-01-07', '2018-01-06', 4, 1094882530, 20),
(14, '1997-01-08', '1900-01-00', 2, 16485243, 1),
(15, '2017-02-12', '2018-02-11', 3, 1094911267, 22),
(16, '1997-04-09', '1900-01-00', 4, 4391851, 1),
(17, '2017-03-07', '2018-03-06', 1, 89004457, 40),
(18, '2017-03-19', '2018-03-18', 2, 94533834, 22),
(19, '1996-11-16', '1900-01-00', 2, 16627207, 1),
(20, '2017-09-01', '2018-02-28', 1, 10127786, 40),
(21, '2017-10-24', '2018-04-23', 1, 4372275, 100),
(22, '2016-12-22', '2017-12-31', 2, 1061625000, 20),
(23, '2017-05-24', '2018-05-23', 4, 1053791943, 22),
(24, '2017-05-03', '2018-05-02', 3, 1143946915, 3),
(25, '2017-11-01', '2018-04-30', 1, 1116726252, 22),
(26, '2016-06-13', '2999-12-31', 2, 1114120754, 40),
(27, '2017-06-27', '2018-06-26', 2, 75033492, 22),
(28, '2017-01-14', '2018-01-13', 4, 1093215267, 20),
(29, '2017-11-07', '2018-01-06', 2, 1112302799, 40),
(30, '2017-02-15', '2018-02-14', 3, 1113779033, 40),
(31, '2017-03-28', '2018-03-27', 2, 16045186, 40),
(32, '2017-08-19', '2018-02-18', 2, 75146518, 100),
(33, '2016-02-28', '2999-12-31', 1, 4415933, 40),
(34, '2017-02-15', '2018-02-14', 1, 30360511, 40),
(35, '2017-02-21', '2018-02-20', 3, 1097729714, 40),
(36, '2017-11-11', '2018-05-10', 1, 13993559, 60),
(37, '2012-12-28', '2017-12-31', 4, 7549474, 40),
(38, '2017-04-27', '2018-04-26', 2, 9971779, 100),
(39, '2017-03-07', '2018-03-06', 4, 1109293858, 22),
(40, '2016-02-28', '2999-12-31', 1, 1112784664, 40),
(41, '2017-03-04', '2999-12-31', 3, 94393066, 40),
(42, '2017-04-29', '2018-04-28', 3, 94310956, 22),
(43, '2016-02-28', '2999-12-31', 3, 1116264342, 40),
(44, '2017-03-27', '2018-03-26', 4, 75144459, 100),
(45, '2017-11-01', '2018-04-30', 2, 1088238927, 3),
(46, '2017-03-07', '2018-03-06', 4, 9957041, 20),
(47, '2017-04-06', '2018-04-05', 4, 14571153, 20),
(48, '2017-12-04', '2018-06-03', 2, 75085511, 40),
(49, '2017-11-28', '2018-05-27', 3, 1088321795, 40),
(50, '2017-04-18', '2018-04-17', 3, 1112761152, 20),
(51, '2017-10-20', '2018-04-19', 3, 1113512846, 40),
(52, '2017-03-01', '2018-02-28', 4, 1059785331, 40),
(53, '2017-04-07', '2018-04-06', 3, 1061624208, 60),
(54, '2017-03-30', '2999-12-31', 4, 1109296032, 40),
(55, '2017-08-24', '2018-02-23', 2, 10186008, 40),
(56, '2017-05-01', '2018-04-30', 2, 10273868, 3),
(57, '2017-05-01', '2018-04-30', 3, 75081513, 3),
(58, '2017-05-01', '2018-04-30', 2, 10286362, 3),
(59, '2017-05-01', '2018-04-30', 1, 18532107, 3),
(60, '2017-05-01', '2018-04-30', 1, 15908017, 3),
(61, '2017-05-01', '2018-04-30', 4, 93383597, 3),
(62, '2017-10-20', '2018-04-19', 1, 1089746531, 20),
(63, '2017-04-01', '2018-03-31', 2, 31412768, 20),
(64, '2017-04-11', '2018-04-10', 3, 75143474, 40),
(65, '2017-08-30', '2018-02-28', 1, 14571892, 22),
(66, '2017-05-16', '2018-05-15', 1, 16055698, 22),
(67, '2017-10-01', '2018-03-31', 3, 1088292581, 1),
(68, '2016-09-16', '2018-01-15', 4, 18598051, 100),
(69, '2017-05-31', '2018-01-30', 3, 1053800432, 40),
(70, '2017-10-01', '2018-03-31', 3, 1088003280, 1),
(71, '2017-06-23', '2018-06-22', 4, 9728928, 100),
(72, '2017-02-28', '2018-02-27', 1, 18492028, 40),
(73, '2017-03-01', '2018-02-28', 4, 15959151, 20),
(74, '2017-08-01', '2018-01-31', 4, 9726942, 22),
(75, '2003-04-03', '2999-12-31', 4, 7959553, 3),
(76, '2017-10-01', '2018-03-31', 2, 1088002131, 1),
(77, '2017-05-05', '2018-05-04', 2, 9862498, 100),
(78, '2017-06-19', '2018-06-18', 3, 1116437684, 20),
(79, '2017-08-12', '2018-02-11', 1, 1088313813, 22),
(80, '2017-05-15', '2018-05-14', 1, 1113533829, 20),
(81, '2017-05-15', '2018-05-14', 2, 1088327284, 20),
(82, '2017-05-15', '2018-05-14', 2, 1112769004, 20),
(83, '2017-11-13', '2018-05-12', 4, 9697467, 22),
(84, '2017-10-03', '2018-04-02', 1, 9735423, 22),
(85, '2017-08-19', '2018-02-18', 1, 75102420, 20),
(86, '2017-05-12', '2018-01-11', 3, 1054990354, 40),
(87, '2016-09-21', '2018-01-20', 4, 18402946, 100),
(88, '2017-07-06', '2018-01-05', 2, 41912001, 22),
(89, '2017-10-27', '2018-02-26', 3, 1096646154, 22),
(90, '2017-10-11', '2018-02-10', 1, 1060646253, 40),
(91, '2017-04-10', '2018-04-09', 1, 18398705, 20),
(92, '2017-10-01', '2018-09-30', 3, 1054916493, 1),
(93, '2017-10-01', '2018-09-30', 2, 10008438, 1),
(94, '2017-10-01', '2018-03-31', 2, 1057757266, 1),
(95, '2017-10-30', '2018-04-29', 2, 29435277, 20),
(96, '2017-10-01', '2018-09-30', 3, 9697804, 1),
(97, '2017-09-20', '2018-03-19', 3, 4512715, 22),
(98, '2011-02-16', '1900-01-00', 3, 42159210, 1),
(99, '2017-10-01', '2018-09-30', 2, 24398541, 1),
(100, '2017-10-01', '2018-09-30', 2, 1088245901, 1),
(101, '2011-02-16', '1900-01-00', 4, 83241316, 1),
(102, '2017-08-01', '2018-01-31', 3, 72252082, 22),
(103, '2017-01-13', '2018-01-12', 1, 75050002, 22),
(104, '2017-10-30', '2018-02-28', 4, 1088300094, 40),
(105, '2017-04-29', '2018-04-28', 2, 1104675026, 3),
(106, '2016-10-11', '2018-02-15', 3, 1059812970, 40),
(107, '2017-04-09', '2018-04-08', 2, 1088248409, 22),
(108, '2017-09-27', '2018-03-26', 2, 1096032319, 22),
(109, '2017-10-01', '2018-03-31', 2, 1088028024, 1),
(110, '2017-02-19', '2018-02-18', 1, 16232307, 60),
(111, '2017-10-01', '2018-03-30', 2, 1088021467, 1),
(112, '1997-04-14', '1900-01-00', 3, 4578632, 3),
(113, '2017-12-04', '2018-06-03', 2, 1004211221, 40),
(114, '2017-01-09', '2018-01-08', 4, 9809507, 22),
(115, '2017-06-11', '2018-06-10', 4, 1114092888, 22),
(116, '2017-10-24', '2018-04-23', 3, 18403227, 60),
(117, '2017-10-06', '2018-04-05', 3, 75101610, 1),
(118, '2017-03-20', '2018-03-19', 3, 1094902525, 20),
(119, '2017-11-15', '2018-05-15', 3, 1088273174, 20),
(120, '1998-01-06', '1900-01-00', 2, 18596498, 3),
(121, '2017-12-11', '2018-06-10', 2, 1090336662, 40),
(122, '1996-11-16', '1900-01-00', 1, 10128205, 1),
(123, '2003-06-10', '2999-12-31', 3, 2680820, 1),
(124, '2017-03-08', '2018-03-07', 1, 15959842, 40),
(125, '2017-02-14', '2018-02-13', 1, 1086278089, 22),
(126, '1998-03-04', '1900-01-00', 3, 9992812, 1),
(127, '2017-11-16', '2018-05-15', 3, 94288775, 40),
(128, '2017-11-24', '2018-05-23', 3, 9727897, 22),
(129, '2017-12-13', '2999-12-31', 2, 1109298865, 40),
(130, '0000-00-00', '0000-00-00', 0, 0, 0),
(131, '0000-00-00', '0000-00-00', 0, 0, 0),
(132, '0000-00-00', '0000-00-00', 0, 0, 0);

-- --------------------------------------------------------

--
-- Estructura de tabla para la tabla `control_cursos`
--

CREATE TABLE `control_cursos` (
  `cargo_id` int(20) NOT NULL,
  `nro_curso` varchar(45) NOT NULL,
  `empleado_id` int(20) NOT NULL,
  `fecha_vencimiento` date NOT NULL,
  `academia_nit` int(100) NOT NULL,
  `curso_id` int(11) NOT NULL
) ENGINE=InnoDB DEFAULT CHARSET=utf8;

-- --------------------------------------------------------

--
-- Estructura de tabla para la tabla `cursos`
--

CREATE TABLE `cursos` (
  `id_cursos` int(20) NOT NULL,
  `descripcion` varchar(50) NOT NULL
) ENGINE=InnoDB DEFAULT CHARSET=utf8;

-- --------------------------------------------------------

--
-- Estructura de tabla para la tabla `documento`
--

CREATE TABLE `documento` (
  `empleado_id` int(20) NOT NULL,
  `vencimiento_visita` date NOT NULL,
  `vencimiento_pasadoj` date NOT NULL
) ENGINE=InnoDB DEFAULT CHARSET=utf8;

-- --------------------------------------------------------

--
-- Estructura de tabla para la tabla `empleado`
--

CREATE TABLE `empleado` (
  `id_empleado` int(20) NOT NULL,
  `nombre_1` varchar(50) NOT NULL,
  `nombre_2` varchar(30) NOT NULL,
  `apellido_1` varchar(50) NOT NULL,
  `apellido_2` varchar(30) NOT NULL,
  `fecha_nacimiento` date NOT NULL,
  `ciudad_nacimiento` varchar(30) NOT NULL,
  `ciudad_expedicion` varchar(30) NOT NULL,
  `tipo_sangre` varchar(8) NOT NULL,
  `direccion` varchar(50) NOT NULL,
  `ciudad_residencia` varchar(30) NOT NULL,
  `telefono` int(20) NOT NULL,
  `genero` varchar(15) NOT NULL
) ENGINE=InnoDB DEFAULT CHARSET=utf8;

--
-- Volcado de datos para la tabla `empleado`
--

INSERT INTO `empleado` (`id_empleado`, `nombre_1`, `nombre_2`, `apellido_1`, `apellido_2`, `fecha_nacimiento`, `ciudad_nacimiento`, `ciudad_expedicion`, `tipo_sangre`, `direccion`, `ciudad_residencia`, `telefono`, `genero`) VALUES
(2316358, 'GERMAN', '', 'URREGO ', 'VELASQUEZ', '1966-08-22', 'PEREIRA', 'PEREIRA', 'O+', 'CRA 16  15  15  -BARRIO- REPUBLICA', 'PEREIRA', 2147483647, 'MASCULINO'),
(2680820, 'ALVARO', 'JAIR', 'FLOREZ', 'RENDON', '1962-04-14', 'PEREIRA', 'PEREIRA', 'O+', 'CR 1J N° 35-44 BR JOSÉ GABRIEL CALDERÓN, CARTAGO  ', 'PEREIRA', 2147483647, 'MASCULINO'),
(4372275, 'ERWIN', '', 'GIRALDO', 'ACEVEDO', '1981-08-25', 'PEREIRA', 'PEREIRA', 'O+', 'MZ E CS 3 BR QUINTAS DE LA MARINA, ARMENIA  -BARRI', 'PEREIRA', 2147483647, 'MASCULINO'),
(4391851, 'ALCIBIADES', 'DE JESÃ?S ', 'LEON', 'CARDONA', '1957-08-10', 'PEREIRA', 'PEREIRA', 'O+', 'MZ 4 CS 26 BR LA GRACIELA, DOSQUEBRADAS  -BARRIO- ', 'PEREIRA', 2147483647, 'MASCULINO'),
(4415933, 'ALDEMAR', '', 'GALLEGO', '', '1982-05-05', 'PEREIRA', 'PEREIRA', 'O+', 'CRA  -BARRIO- NUEVO HORIZONTE ETAP', 'PEREIRA', 2147483647, 'MASCULINO'),
(4446750, 'RAFAEL', 'ALBERTO', 'VINASCO', 'SALDARRIAGA', '1978-05-28', 'PEREIRA', 'PEREIRA', 'O+', 'EL LLANO GUAYABITO  -BARRIO- ', 'PEREIRA', 3280452, 'MASCULINO'),
(4512715, 'JOHN', 'JAIRO', 'VARELA', '', '1983-10-04', 'PEREIRA', 'PEREIRA', 'O+', 'CALLE 10 N° 23-14 BR EL  JAPON DOSQUEBRADAS  -BARR', 'PEREIRA', 2147483647, 'MASCULINO'),
(4578632, 'DANIEL', '', 'PEÃ?A', 'MORALES', '1956-07-09', 'PEREIRA', 'PEREIRA', 'O+', 'CR 15A BIS C SUR 41 03 ESTE  -BARRIO- BUENOS AIRES', 'PEREIRA', 2147483647, 'MASCULINO'),
(7549474, 'EFRAIN', '', 'FANDIÃ?O', 'VELASQUEZ', '1966-03-17', 'PEREIRA', 'PEREIRA', 'O+', 'MZ 48 CS 30 BR LA FACHADA, ARMENIA  -BARRIO- LA FA', 'PEREIRA', 2147483647, 'MASCULINO'),
(7959553, 'OMAR', 'ENRIQUE', 'PADILLA', 'OLIVO', '1975-05-26', 'PEREIRA', 'PEREIRA', 'O+', 'CR 7 N° 32-117 BR SANTA ISABEL, D/DAS  -BARRIO- ST', 'PEREIRA', 2147483647, 'MASCULINO'),
(9697467, 'JORGE', 'IVAN', 'TORO', 'OBANDO', '1981-10-15', 'PEREIRA', 'PEREIRA', 'O+', 'CRA 9 BIS  47  28  -BARRIO- VILLA ELENA', 'PEREIRA', 3220669, 'MASCULINO'),
(9697804, 'JOSE', 'ASDRUBAL', 'ROJAS', 'CALLE', '1982-11-04', 'PEREIRA', 'PEREIRA', 'O+', 'CL 6 BIS N°24-62 BR EL JAPÓN, DOSQUEBRADAS  -BARRI', 'PEREIRA', 3300770, 'MASCULINO'),
(9726942, 'JORGE', 'ELIECER', 'MEDINA', 'MONTILLA', '1980-12-07', 'PEREIRA', 'PEREIRA', 'O+', 'MZ E CS 8 BR ALFONSO LÓPEZ, ARMENIA  -BARRIO- ALFO', 'PEREIRA', 2147483647, 'MASCULINO'),
(9727897, 'OSCAR', 'JAVIER', 'CALEÃ?O', 'GRANADOS', '1981-04-05', 'PEREIRA', 'PEREIRA', 'O+', '  -BARRIO- LA GRECIA', 'PEREIRA', 3234107, 'MASCULINO'),
(9728928, 'OSCAR', 'ALBERTO', 'BERMUDEZ', 'RODRIGUEZ', '1981-10-07', 'PEREIRA', 'PEREIRA', 'O+', 'BLQ 5 APTO 102 CR MARÍA CRISTINA ET. 2, ARMENIA  -', 'PEREIRA', 2634068, 'MASCULINO'),
(9735423, 'FABIO', 'HERNAN', 'SANCHEZ', 'GARZON', '1982-04-08', 'PEREIRA', 'PEREIRA', 'O+', 'MZ 35 CS 16 BR SIMÓN BOLIVAR, ARMENIA  -BARRIO- SI', 'PEREIRA', 2147483647, 'MASCULINO'),
(9809507, 'JHON', 'GEY', 'QUIGUANAS', 'CARREÃ?O', '1976-06-14', 'PEREIRA', 'PEREIRA', 'O+', 'MANZANA 8 CASA 8 VILLA ALEJANDRA ARMENIA  -BARRIO-', 'PEREIRA', 2147483647, 'MASCULINO'),
(9862498, 'HERNAN', 'DAVID', 'NAVARRETE', 'RAMIREZ', '1985-12-18', 'PEREIRA', 'PEREIRA', 'O+', 'CR 9 N° 8E-34 BR KENEDY, PEREIRA  -BARRIO- KENNEDY', 'PEREIRA', 2147483647, 'MASCULINO'),
(9921457, 'NESTOR', 'ANGEL', 'BERMUDEZ', 'CARDENAS', '1968-12-12', 'PEREIRA', 'PEREIRA', 'O+', 'av 30 de agosto 42-15', 'PEREIRA', 2147483647, 'MASCULINO'),
(9957041, 'JHON', 'FREDY', 'AGUDELO', 'YANTEN', '1974-11-12', 'PEREIRA', 'PEREIRA', 'O+', 'MZ 17 CASA 25  -BARRIO- PARQUE INDUSTRI', 'PEREIRA', 2147483647, 'MASCULINO'),
(9971779, 'ROGELIO', '', 'MEJIA', 'LOPEZ', '1977-12-01', 'PEREIRA', 'PEREIRA', 'O+', 'CR 16A Nº 3-40 BR LA PRADERA, VILLAMARIA  -BARRIO-', 'PEREIRA', 2147483647, 'MASCULINO'),
(9977165, 'JOHNNATAN', '', 'MANRIQUE', 'TOVAR', '1984-01-17', 'PEREIRA', 'PEREIRA', 'O+', 'CRA 18  4  45  -BARRIO- VILLAMARIA', 'PEREIRA', 2147483647, 'MASCULINO'),
(9992812, 'LUIS', 'FERNANDO', 'CALLE', '', '1968-06-22', 'PEREIRA', 'PEREIRA', 'O+', 'MZ 24 CS 3 BR CAMPESTRE A, DOSQUEBRADAS  -BARRIO- ', 'PEREIRA', 3405848, 'MASCULINO'),
(10008438, 'NESTOR', 'YESID', 'MARIN', 'HERRERA', '1978-10-12', 'PEREIRA', 'PEREIRA', 'O+', '  -BARRIO- PANORAMA 1', 'PEREIRA', 2147483647, 'MASCULINO'),
(10127786, 'YHON', 'JAIRO', 'VELEZ', 'TORRES', '1967-11-22', 'PEREIRA', 'PEREIRA', 'O+', 'MZ 14 CASA 24 ET III BR BOSQUES ACUARELA, D/DAS  -', 'PEREIRA', 2147483647, 'MASCULINO'),
(10128205, 'ARTURO', '', 'ROTAVISTA', 'PEREZ', '1967-12-09', 'PEREIRA', 'PEREIRA', 'O+', 'MZ 1 CS 8 BR ALTO DE LA CAPILLA, DOSQUEBRADAS  -BA', 'PEREIRA', 2147483647, 'MASCULINO'),
(10186008, 'CESAR', 'AUGUSTO', 'MANZANO', 'DUQUE', '1978-09-09', 'PEREIRA', 'PEREIRA', 'O+', 'MZ 7 CASA 13 BARRIO SAMARIA I PEREIRA', 'PEREIRA', 2147483647, 'MASCULINO'),
(10263787, 'ALBEIRO', '', 'CARDONA', 'DIAZ', '1964-03-31', 'PEREIRA', 'PEREIRA', 'O+', 'CALLEB  41  63  -BARRIO- MALHABAR', 'PEREIRA', 3431013, 'MASCULINO'),
(10273868, 'ENRIQUE', '', 'SALINAS ', 'MORALES', '1966-07-25', 'PEREIRA', 'PEREIRA', 'O+', 'av 30 de agosto 42-15', 'PEREIRA', 2147483647, 'MASCULINO'),
(10281008, 'CESAR', 'AUGUSTO', 'SALDARRIAGA', 'VICTORIA', '1968-08-06', 'PEREIRA', 'PEREIRA', 'O+', 'VEREDA EL LLANO  -BARRIO- ', 'PEREIRA', 2147483647, 'MASCULINO'),
(10286362, 'VICTOR ', 'FABIO', 'CELIS ', 'BUITRAGO', '1970-01-19', 'PEREIRA', 'PEREIRA', 'O+', 'av 30 de agosto 42-15', 'PEREIRA', 7485692, 'MASCULINO'),
(13993559, 'JOSE', 'ALBEIRO', 'SANCHEZ', 'CASTAÃ?EDA', '1983-03-10', 'PEREIRA', 'PEREIRA', 'O+', 'CRA 14   13 B  03  -BARRIO- ZARAZAL', 'PEREIRA', 2147483647, 'MASCULINO'),
(14571153, 'WILMAR', 'ANDRES', 'MARIN', 'ALZATE', '1984-11-21', 'PEREIRA', 'PEREIRA', 'O+', 'CRA 5A NORTE # 25-04 VILLA JULIANA  -BARRIO- VILLA', 'PEREIRA', 8881717, 'MASCULINO'),
(14571892, 'GERMAN', 'ANDRES', 'CUAN', 'GALLEGO', '1985-07-28', 'PEREIRA', 'PEREIRA', 'O+', 'K 26A # 2-33 MZ L CS 7 SAN AGUSTIN CATGAO', 'PEREIRA', 2147483647, 'MASCULINO'),
(15908017, 'LUIS', 'CARLOS', 'VALENCIA', '', '1968-04-14', 'PEREIRA', 'PEREIRA', 'O+', 'av 30 de agosto 42-15', 'PEREIRA', 2147483647, 'MASCULINO'),
(15956575, 'CARLOS', 'ARIEL', 'CIFUENTES', 'LOAIZA', '1960-10-13', 'PEREIRA', 'PEREIRA', 'O+', 'MZ 27 CS 5-20 BR LA LINDA, MANIZALES  -BARRIO- LA ', 'PEREIRA', 2147483647, 'MASCULINO'),
(15959151, 'JOSE', 'WILLIAM', 'VILLEGAS', 'ATEHORTUA', '1969-07-03', 'PEREIRA', 'PEREIRA', 'O+', 'CR 33 N° 49D-15 BR GALICIA, MANIZALES  -BARRIO- GA', 'PEREIRA', 2147483647, 'MASCULINO'),
(15959842, 'JOSE', 'HERIBERTO', 'MARIN', 'MARULANDA', '1971-07-04', 'PEREIRA', 'PEREIRA', 'O+', 'CRA 9 # 2-49 BR EMPLEADOS / SALAMINA  -BARRIO- EMP', 'PEREIRA', 2147483647, 'MASCULINO'),
(16045186, 'RONY', 'ALEXANDER', 'VIDAL', 'MOLINA', '1985-01-29', 'PEREIRA', 'PEREIRA', 'O+', 'MZ 2 CASA 34  -BARRIO- VILLANAVARRA', 'PEREIRA', 3221695, 'MASCULINO'),
(16055698, 'DUVERNEY', '', 'NARANJO', 'OTALVARO', '1984-12-08', 'PEREIRA', 'PEREIRA', 'O+', 'MZ 6 CS 9 BR ALTOS DE SANTA MÓNICA, DOSQUEBRADAS  ', 'PEREIRA', 2147483647, 'MASCULINO'),
(16226344, 'JAIME', 'ALBERTO', 'SOTO', 'RAMIREZ', '1971-06-08', 'PEREIRA', 'PEREIRA', 'O+', 'CL 8 N° 9-46 BR SAN NICOLAS, CARTAGO  -BARRIO- SAN', 'PEREIRA', 2147483647, 'MASCULINO'),
(16232307, 'EUGENIO', '', 'SANCHEZ', 'PAREJA', '1977-03-08', 'PEREIRA', 'PEREIRA', 'O+', 'CALLE 39  M 6 C 17  -BARRIO- EL JAZMIN', 'PEREIRA', 2147483647, 'MASCULINO'),
(16485243, 'RAFAEL', 'ARCANGEL', 'CASTRO', 'GAVIRIA', '1965-02-06', 'PEREIRA', 'PEREIRA', 'O+', 'CL 13 Nº 4A-35 BARRIO BUENOS AIRES LA VIRGINIA  -B', 'PEREIRA', 2147483647, 'MASCULINO'),
(16627207, 'JOSE', 'NEFTALI', 'SOACHE', '', '1956-11-17', 'PEREIRA', 'PEREIRA', 'O+', 'MZ 4 CS 28 BR ALTO DE LA CAPILLA, D/DAS  -BARRIO- ', 'PEREIRA', 2147483647, 'MASCULINO'),
(18398705, 'WILLIAN', 'ALEXANDER', 'MEDINA', 'IDROBO', '1979-08-12', 'PEREIRA', 'PEREIRA', 'O+', 'CL 49 Nº 46-03 BR ANTONIO NARIÑO, ARMENIA  -BARRIO', 'PEREIRA', 2147483647, 'MASCULINO'),
(18402946, 'JHON', 'DEIBER', 'ESTRADA', 'MARTINEZ', '1985-07-30', 'PEREIRA', 'PEREIRA', 'O+', 'CR 26 Nº 32-22 BR LAS AMERICAS, CALARCÁ  -BARRIO- ', 'PEREIRA', 2147483647, 'MASCULINO'),
(18403227, 'CHRISTIAN', 'EMILIO', 'VELANDIA', 'GALLEGO', '1986-01-20', 'PEREIRA', 'PEREIRA', 'O+', 'MZ O CS 20 GAITAN CALARCA  -BARRIO- GAITAN CALARCA', 'PEREIRA', 3458660, 'MASCULINO'),
(18492028, 'JOVANNY', '', 'PUENTES', 'CARDONA', '1978-03-29', 'PEREIRA', 'PEREIRA', 'O+', 'MZ D #34 MIRADOR CIRCASIA  -BARRIO- MIRADOR-CIRCAS', 'PEREIRA', 2147483647, 'MASCULINO'),
(18532107, 'JENRY', 'DE JESUS', 'MARTINEZ', 'MOLINA', '1976-03-06', 'PEREIRA', 'PEREIRA', 'O+', 'av 30 de agosto 42-15', 'PEREIRA', 2147483647, 'MASCULINO'),
(18596498, 'LUIS', 'FERNANDO', 'RAMIREZ', 'GARCIA', '1970-11-13', 'PEREIRA', 'PEREIRA', 'O+', 'CR 17 Nº 19-12 BR SAN VICENTE, SANTA ROSA DE CABAL', 'PEREIRA', 2147483647, 'MASCULINO'),
(18598051, 'JOSE', 'HENRY', 'CARDONA', '', '1973-06-02', 'PEREIRA', 'PEREIRA', 'O+', 'MZ 23 CS 3A BR PRIMAVERA AZUL, DOSQUEBRADAS  -BARR', 'PEREIRA', 2147483647, 'MASCULINO'),
(18598209, 'JORGE', 'WILSON', 'CARDONA', 'LOPEZ', '1973-08-11', 'PEREIRA', 'PEREIRA', 'O+', 'MZ 8 CASA 32  -BARRIO- PARQUE INDUSTRIAL', 'PEREIRA', 3302553, 'MASCULINO'),
(18606864, 'OSCAR', 'ALBERTO', 'FLOREZ', 'VANEGAS', '1974-12-14', 'PEREIRA', 'PEREIRA', 'O+', 'CL 12 Nº 2-16 BR PUERTO CALDAS, PEREIRA  -BARRIO- ', 'PEREIRA', 2147483647, 'MASCULINO'),
(24398541, 'GIOVANINA', '', 'BOHORQUEZ', 'CORDOBA', '1983-10-15', 'PEREIRA', 'PEREIRA', 'O+', 'MZ3 CS3 LOS SAUCES 3 CUBA  -BARRIO- LOS SAUCES', 'PEREIRA', 2147483647, 'FEMENINO'),
(29435277, 'MONICA', 'ALEXANDRA', 'OBANDO', 'CORDOBA', '1978-11-05', 'PEREIRA', 'PEREIRA', 'O+', 'MZ O CS 8 TERRANOVA III CUBA', 'PEREIRA', 2147483647, 'FEMENINO'),
(30360511, 'BIBIANA', '', 'MONSALVE', '', '1982-10-16', 'PEREIRA', 'PEREIRA', 'O+', 'CALLE 719  62  -BARRIO- CHINCHINA', 'PEREIRA', 2147483647, 'FEMENINO'),
(31412768, 'LILIANA', '', 'MOLINA', 'DELGADO', '1968-03-14', 'PEREIRA', 'PEREIRA', 'O+', 'CRA 28#46-45 FINCA BATADAN CALARCA QUINDIO  -BARRI', 'PEREIRA', 317471775, 'FEMENINO'),
(41912001, 'AMANDA', 'PATRICIA', 'OCAMPO', 'CARO', '1966-11-22', 'PEREIRA', 'PEREIRA', 'O+', 'MANZANA 25 CASA 3 PTO ESPEJO ARMENIA  -BARRIO- PUE', 'PEREIRA', 2147483647, 'FEMENINO'),
(42159210, 'SANDRA', 'MILENA', 'CALDERON', 'GIRALDO', '1984-07-06', 'PEREIRA', 'PEREIRA', 'O+', 'MZ 3 CS 32  -BARRIO- EL DORADO (CUBA)', 'PEREIRA', 2147483647, 'FEMENINO'),
(72252082, 'JADER', 'ANDRES', 'BOHORQUEZ', 'GALEANO', '1980-07-23', 'PEREIRA', 'PEREIRA', 'O+', 'MZ 10 CS 31 BR 2500 LOTES (COMUNIDAD LOS HEROES AL', 'PEREIRA', 2147483647, 'MASCULINO'),
(75033492, 'JUAN', 'CARLOS', 'PEREZ', '', '1971-06-11', 'PEREIRA', 'PEREIRA', 'O+', 'CALLE 61#32E-06 BR FATIMA  -BARRIO- FATIMA', 'PEREIRA', 2147483647, 'MASCULINO'),
(75050002, 'JOSE', 'HUMBERTO', 'DUQUE', 'AGUIRRE', '1977-10-06', 'PEREIRA', 'PEREIRA', 'O+', 'CRA 22  8   42  -BARRIO- EL JAPON', 'PEREIRA', 2147483647, 'MASCULINO'),
(75077610, 'RICARDO', '', 'GONZALEZ', 'PINEDA', '1975-06-15', 'PEREIRA', 'PEREIRA', 'O+', 'CALLE 69 CASA 31  -BARRIO- ZAFIRO', 'PEREIRA', 2147483647, 'MASCULINO'),
(75079795, 'CARLOS', 'IVAN', 'LOPEZ', 'MARULANDA', '1976-03-12', 'PEREIRA', 'PEREIRA', 'O+', 'CR 12B Nº 48-43 BR EL CARIBE, MANIZALES  -BARRIO- ', 'PEREIRA', 2147483647, 'MASCULINO'),
(75081513, 'JOSE ', 'ELKIN', 'HUIGITA ', 'CARDONA', '1976-09-16', 'PEREIRA', 'PEREIRA', 'O+', 'av 30 de agosto 42-15', 'PEREIRA', 3285628, 'MASCULINO'),
(75084858, 'HECTOR ', 'MAURICIO', 'ARANGO ', 'NARANJO', '1976-12-15', 'PEREIRA', 'PEREIRA', 'O+', 'av 30 de agosto 42-15', 'PEREIRA', 3236822, 'MASCULINO'),
(75085511, 'JHON', 'JAMES', 'RAMIREZ', '', '1977-10-26', 'PEREIRA', 'PEREIRA', 'O+', 'CRA 9A #50A-61 COMUNEROS MANIZALES', 'PEREIRA', 2147483647, 'MASCULINO'),
(75101610, 'JESUS', 'ASDRUBAL', 'SANCHEZ', 'MORALES', '1984-05-28', 'PEREIRA', 'PEREIRA', 'O+', 'av 30 de agosto 42-15', 'PEREIRA', 2147483647, 'MASCULINO'),
(75102420, 'HERMAN', 'DARIO', 'GARCIA', 'CASTAÃ?O', '1983-03-29', 'PEREIRA', 'PEREIRA', 'O+', 'CL 26 N° 10-30 BR EL JAZMÍN, MANIZALES  -BARRIO- E', 'PEREIRA', 2147483647, 'MASCULINO'),
(75143474, 'WILSON', '', 'FLOREZ', 'MONTES', '1972-04-08', 'PEREIRA', 'PEREIRA', 'O+', 'CALLE 51 # 51-05  -BARRIO- ', 'PEREIRA', 2147483647, 'MASCULINO'),
(75144459, 'JOSE', 'UBALDO', 'CARDENAS', 'ORREGO', '1974-01-21', 'PEREIRA', 'PEREIRA', 'O+', 'MZ 11 CS 27 PARQUE INDUSTRIAL SECTOR D  -BARRIO- P', 'PEREIRA', 2147483647, 'MASCULINO'),
(75146518, 'JORGE', 'HERNAN', 'ARBOLEDA', 'GRISALES', '1977-12-29', 'PEREIRA', 'PEREIRA', 'O+', 'MZ 11 CS 24 BR CAMPESTRE A, DOSQUEBRADAS  -BARRIO-', 'PEREIRA', 2147483647, 'MASCULINO'),
(83241316, 'YHON', 'FREDY', 'BURITICA', 'ROJAS', '1976-05-24', 'PEREIRA', 'PEREIRA', 'O+', '  -BARRIO- CUBA LA ACUARELA', 'PEREIRA', 2147483647, 'MASCULINO'),
(89004457, 'JOSE', 'HERIBERTO', 'MORA', 'ERAZO', '1976-01-20', 'PEREIRA', 'PEREIRA', 'O+', 'MZ 13 CS 8  BR LOS QUINDOS, ARMENIA  -BARRIO- LOS ', 'PEREIRA', 7485213, 'MASCULINO'),
(93383597, 'CARLOS', 'ALBERTO', 'MARTINEZ', 'ACOSTA', '1971-05-11', 'PEREIRA', 'PEREIRA', 'O+', 'av 30 de agosto 42-15', 'PEREIRA', 7423439, 'MASCULINO'),
(94288775, 'ROBINSON', '', 'ROMAN', 'QUINTERO', '1984-04-21', 'PEREIRA', 'PEREIRA', 'O+', 'MANZANA 18 CASA 22  -BARRIO- EL REMANSO', 'PEREIRA', 3123606, 'MASCULINO'),
(94310956, 'EDUAR', '', 'GIRALDO', 'OSORIO', '1971-06-03', 'PEREIRA', 'PEREIRA', 'O+', 'MZ 2 CS 3 BR LA GRACIELA, DOSQUEBRADAS  -BARRIO- L', 'PEREIRA', 2147483647, 'MASCULINO'),
(94393066, 'YERMAIN', '', 'MADRID', 'GIL', '1976-04-25', 'PEREIRA', 'PEREIRA', 'O+', 'CALLE 910  55  -BARRIO- BELEN', 'PEREIRA', 2147483647, 'MASCULINO'),
(94463013, 'DIEGO', 'ALBERTO', 'CORREA', '', '1981-12-02', 'PEREIRA', 'PEREIRA', 'O+', 'CRA 13  8  40  -BARRIO- LAS AMERICAS', 'PEREIRA', 3154495, 'MASCULINO'),
(94533834, 'JOHN', 'ALEXANDER', 'PRADA', 'MENDOZA', '1978-07-01', 'PEREIRA', 'PEREIRA', 'O+', 'MZ 7 CS 5 BR CIUDAD DORADA, ARMENIA  -BARRIO- CIUD', 'PEREIRA', 2147483647, 'MASCULINO'),
(1004211221, 'BALMIRO', 'DE JESUS', 'OROZCO', 'BOLAÑOS', '1992-04-04', 'PEREIRA', 'PEREIRA', 'O+', 'CRA 15 #9-42 BERDUM 1 ETAPA CHINCHINA', 'PEREIRA', 2147483647, 'MASCULINO'),
(1053791943, 'JOHN', 'FELIX', 'CUTA', 'CASTRO', '1988-08-12', 'PEREIRA', 'PEREIRA', 'O+', 'CALLE 65H# 41-53 LAS COLINAS MANIZALES  -BARRIO- L', 'PEREIRA', 7353912, 'MASCULINO'),
(1053794211, 'VICTOR', 'ALFONSO', 'OSORIO', 'VARGAS', '1989-04-13', 'PEREIRA', 'PEREIRA', 'O+', '  -BARRIO- VEREDA CUEVA SANTA', 'PEREIRA', 2147483647, 'MASCULINO'),
(1053800432, 'JULIAN', 'DAVID', 'GARCIA', 'ORTEGON', '1990-01-11', 'PEREIRA', 'PEREIRA', 'O+', 'CRA 25 # 11B EL BOSQUE MANIZALES', 'PEREIRA', 2147483647, 'MASCULINO'),
(1054916493, 'MONICA', 'MARIA', 'CARDONA', 'SALDARRIAGA', '1986-03-10', 'PEREIRA', 'PEREIRA', 'O+', 'CLL 32 N° 10-10 APTO 1 GUADALUPE DOSQUEBRADAS  -BA', 'PEREIRA', 2147483647, 'FEMENINO'),
(1054990354, 'JHON', 'FERNANDO', 'TORRES', 'LONDOÑO', '1989-10-24', 'PEREIRA', 'PEREIRA', 'O+', 'CLL 65 # 33-05 FATIMA MANIZALES', 'PEREIRA', 2147483647, 'MASCULINO'),
(1057757266, 'JHON', 'EDUARD', 'SANCHEZ', 'LONDOÑO', '1989-06-04', 'PEREIRA', 'PEREIRA', 'O+', 'MZ 15  C 10 B  -BARRIO- PRIMAVERA  AZUL', 'PEREIRA', 2147483647, 'MASCULINO'),
(1059785331, 'JOHAN', 'SEBASTIAN', 'VALENCIA', 'CARVAJAL', '1990-04-26', 'PEREIRA', 'PEREIRA', 'O+', 'CR 33B    99A 42  -BARRIO- LA ENEA, MANIZALES', 'PEREIRA', 2094974, 'MASCULINO'),
(1059812970, 'UBEIMAR', '', 'LOPEZ', 'AMAYA', '1992-07-23', 'PEREIRA', 'PEREIRA', 'O+', 'KR 10    54 22  -BARRIO- ALTO VILLA HERMOSA', 'PEREIRA', 2147483647, 'MASCULINO'),
(1060590364, 'MICHAEL', 'ANDERSON', 'SUAZA', 'REYES', '1990-06-01', 'PEREIRA', 'PEREIRA', 'O+', 'PUERTO NUEVO LA FELISA  -BARRIO- ', 'PEREIRA', 2147483647, 'MASCULINO'),
(1060646253, 'JORGE', 'ARMANDO', 'HURTADO', 'RENDON', '1986-07-20', 'PEREIRA', 'PEREIRA', 'O+', 'CALLE 3A#19-20  LOS CEREZOS VILLA MARIA CALDAS  -B', 'PEREIRA', 2147483647, 'MASCULINO'),
(1061624208, 'WILLIAM', 'ANDRES', 'GONZALEZ', 'RIOS', '1986-09-06', 'PEREIRA', 'PEREIRA', 'O+', 'MZ B CS 10 BR VILLA ASIS, PALESTINA, CALDAS  -BARR', 'PEREIRA', 2147483647, 'MASCULINO'),
(1061625000, 'JUAN', 'GABRIEL', 'MORALES', 'VALENCIA', '1989-11-27', 'PEREIRA', 'PEREIRA', 'O+', 'CL 17 N° 18-40 BR LOS AGUSTINOS, MANIZALES  -BARRI', 'PEREIRA', 2147483647, 'MASCULINO'),
(1086278089, 'ALVARO', 'DIEGO', 'ECHEVERRI', 'QUICENO', '1986-08-21', 'PEREIRA', 'PEREIRA', 'O+', 'CR 7° N° 6-63 BR VILLAVICENCIO, PEREIRA  -BARRIO- ', 'PEREIRA', 2147483647, 'MASCULINO'),
(1088002131, 'LEIDY', 'JOHANA', 'SANCHEZ', 'ORTIZ', '1990-02-22', 'PEREIRA', 'PEREIRA', 'O+', 'CALLE 23   19  81  -BARRIO- LA PRADERA', 'PEREIRA', 2147483647, 'FEMENINO'),
(1088003280, 'EVERARDO', 'ANTONIO', 'MORALES', 'CARDONA', '1990-06-20', 'PEREIRA', 'PEREIRA', 'O+', 'PLAN 3 ZONA 7 CASA 80  -BARRIO- CAMILO TORRES', 'PEREIRA', 7327605, 'MASCULINO'),
(1088021467, 'SARA', 'CAMILA', 'MONTOYA', 'MANRIQUE', '1995-02-14', 'PEREIRA', 'PEREIRA', 'O+', 'CRA 29  10  52  -BARRIO- OCARINA', 'PEREIRA', 2147483647, 'FEMENINO'),
(1088028024, 'ALBA', 'MARCELA', 'PINEDA', 'BEDOYA', '1996-08-12', 'PEREIRA', 'PEREIRA', 'O+', 'CASA 18 BARRIO VERACRUZ DOSQUEBRADAS', 'PEREIRA', 2147483647, 'FEMENINO'),
(1088238927, 'RONALD ', '', 'MACHADO', 'GOMEZ', '1984-10-30', 'PEREIRA', 'PEREIRA', 'O+', 'CRA 8  N° 78-75  -BARRIO- SALAMANGA', 'PEREIRA', 2147483647, 'MASCULINO'),
(1088245901, 'JESSICA ', '', 'GIRALDO', 'OROZCO', '1986-11-27', 'PEREIRA', 'PEREIRA', 'O+', 'M    1C 12  -BARRIO- BRISAS DEL CONSOTA', 'PEREIRA', 2147483647, 'FEMENINO'),
(1088248409, 'LEANDRO', 'ALEXANDER', 'RAMIREZ', 'SALAZAR', '1987-01-04', 'PEREIRA', 'PEREIRA', 'O+', 'KR 41A    63 06  -BARRIO- NORMANDIA', 'PEREIRA', 2147483647, 'MASCULINO'),
(1088273174, 'PAULA', 'ANDREA', 'JIMENEZ', 'MONTOYA', '1989-10-12', 'PEREIRA', 'PEREIRA', 'O+', 'CALLE 64B 1B-57 ETAPA C BLQ 16 APTO 1654 MIRADOR D', 'PEREIRA', 2147483647, 'FEMENINO'),
(1088292581, 'GUSTAVO', 'ADOLFO', 'LOPEZ', 'GAONA', '1991-09-15', 'PEREIRA', 'PEREIRA', 'O+', 'MZ 20 CS 50 LAS MERCEDES CUBA  -BARRIO- LAS MERCED', 'PEREIRA', 2147483647, 'MASCULINO'),
(1088300094, 'OSCAR', 'IVAN', 'CALLE', 'ORTIZ', '1992-07-02', 'PEREIRA', 'PEREIRA', 'O+', 'av 30 de agosto 42-15', 'PEREIRA', 2147483647, 'MASCULINO'),
(1088313813, 'YEISON', 'ALEXANDER', 'MORALES', 'GUARUMO', '1993-12-17', 'PEREIRA', 'PEREIRA', 'O+', 'MZ 9 CS 196 BR SAN MARCOS CUBA  -BARRIO- SAN MARCO', 'PEREIRA', 2147483647, 'MASCULINO'),
(1088321795, 'MARIO', 'ALEJANDRO', 'MARULANDA', 'SERNA', '1994-10-27', 'PEREIRA', 'PEREIRA', 'O+', 'MZ 10 CS 22 PARQUE INDUSTRIAL  -BARRIO- PARQUE IND', 'PEREIRA', 2147483647, 'MASCULINO'),
(1088327284, 'ERIK', 'SANTIAGO', 'ZAPATA', 'CANDELA', '1995-06-16', 'PEREIRA', 'PEREIRA', 'O+', 'CRA 31A # 71-34 LOS SAUCES', 'PEREIRA', 2147483647, 'MASCULINO'),
(1089746531, 'MISCIO', '', 'RODAS', 'SANCHEZ', '1992-06-30', 'PEREIRA', 'PEREIRA', 'O+', 'TRANSVERSAL 6 # 17-22 CENTRO LA VIRGINIA', 'PEREIRA', 2147483647, 'MASCULINO'),
(1090336662, 'JHON', 'FABER', 'MONCADA', 'BECERRA', '1994-01-08', 'PEREIRA', 'PEREIRA', 'O+', 'CUBA LA PLAYITA', 'PEREIRA', 2147483647, 'MASCULINO'),
(1093215267, 'JORGE', 'HERNAN', 'CARVAJAL', 'SERNA', '1988-02-03', 'PEREIRA', 'PEREIRA', 'O+', 'MZ 1 CS 74, EL ACUARIO,PEREIRA', 'PEREIRA', 2147483647, 'MASCULINO'),
(1094882530, 'LUIS', 'CARLOS', 'CARDENAS', 'DUQUE', '1986-04-10', 'PEREIRA', 'PEREIRA', 'O+', 'MZ 24 CS 5 BR LOS QUINDOS, ARMENIA  -BARRIO- LOS Q', 'PEREIRA', 2539298, 'MASCULINO'),
(1094902525, 'JUAN', 'DAVID', 'VILLABONA', 'HERNANDEZ', '1989-01-25', 'PEREIRA', 'PEREIRA', 'O+', 'MZ F CS 1 BR CENTENARIO, ARMENIA  -BARRIO- CENTENA', 'PEREIRA', 2147483647, 'MASCULINO'),
(1094911267, 'FABER', '', 'CHAMORRO', 'ACEVEDO', '1990-01-25', 'PEREIRA', 'PEREIRA', 'O+', 'MZ Ñ CS 18 ET 1 BR VILLA CAROLINA, ARMENIA  -BARRI', 'PEREIRA', 2147483647, 'MASCULINO'),
(1096032319, 'CAROLINA', '', 'DUQUE', 'TABARES', '1986-08-04', 'PEREIRA', 'PEREIRA', 'O+', 'MZ 42 CS 7 NUEVA TEBAIDA  -BARRIO- NUEVA TEBAIDA', 'PEREIRA', 2147483647, 'FEMENINO'),
(1096646154, 'JUAN', 'DAVID', 'BRIJALBA', 'GUERRERO', '1994-08-31', 'PEREIRA', 'PEREIRA', 'O+', 'CALLE 31  7  33  -BARRIO- LAS MERCEDES', 'PEREIRA', 2147483647, 'MASCULINO'),
(1097729714, 'CAROLINA', '', 'HINCAPIE', 'RIOS', '1997-06-30', 'PEREIRA', 'PEREIRA', 'O+', 'CALLE 13  5  12  -BARRIO- MONTENEGRO', 'PEREIRA', 2147483647, 'FEMENINO'),
(1104675026, 'JORGE', 'ULISES', 'AGUIRRE', 'GONZALEZ', '1991-09-17', 'PEREIRA', 'PEREIRA', 'O+', 'av 30 de agosto 42-15', 'PEREIRA', 2147483647, 'MASCULINO'),
(1109293858, 'CAMILO', 'ANDRES', 'LADINO', 'GIL', '1988-09-15', 'PEREIRA', 'PEREIRA', 'O+', 'CRA 13 #4-103 BR EL TOPACIO MANIZALES  -BARRIO- EL', 'PEREIRA', 2147483647, 'MASCULINO'),
(1109296032, 'OSCAR', 'ADOLFO', 'LONDOÑO', 'OSORIO', '1990-09-29', 'PEREIRA', 'PEREIRA', 'O+', 'CALLE 2 CON CARRERA 5  -BARRIO- FRESNO', 'PEREIRA', 2147483647, 'MASCULINO'),
(1109298865, 'JUAN', 'SEBASTIÁN', 'LONDOÑO', 'OSORIO', '1994-12-22', 'PEREIRA', 'PEREIRA', 'O+', 'VEREDA AGUADITA CASA 106 FRESNO TOLIMA  ', 'PEREIRA', 2147483647, 'MASCULINO'),
(1112302799, 'CESAR', 'AUGUSTO', 'SUAREZ', 'SERNA', '1996-02-09', 'PEREIRA', 'PEREIRA', 'O+', 'av 30 de agosto 42-15', 'PEREIRA', 8907989, 'MASCULINO'),
(1112761152, 'EDGAR', 'ANTONIO', 'ACEVEDO', 'DIAZ', '1987-01-26', 'PEREIRA', 'PEREIRA', 'O+', 'MANZANA C 5  -BARRIO- EL POBLADO', 'PEREIRA', 3307006, 'MASCULINO'),
(1112769004, 'YUDITH', 'ANDREA', 'ZAPATA', 'RIOS', '1990-01-07', 'PEREIRA', 'PEREIRA', 'O+', 'CALLE 66 BIS 27 BIS 19 CUBA', 'PEREIRA', 2147483647, 'FEMENINO'),
(1112770431, 'CRISTIAN', 'CAMILO', 'RENDON', 'RESTREPO', '1990-06-19', 'PEREIRA', 'PEREIRA', 'O+', 'CRA 16  15  15  -BARRIO- REPUBLICA', 'PEREIRA', 2147483647, 'MASCULINO'),
(1112780067, 'CAMILO', '', 'ECHEVERRY', 'RIOS', '1993-10-03', 'PEREIRA', 'PEREIRA', 'O+', 'av 30 de agosto 42-15', 'PEREIRA', 2147483647, 'MASCULINO'),
(1112784664, 'BRAYHAN', 'STEEVEN', 'VALDES', 'MEDINA', '1995-05-10', 'PEREIRA', 'PEREIRA', 'O+', 'CR 22    18 17  -BARRIO- TRUJILLO', 'PEREIRA', 2147483647, 'MASCULINO'),
(1113512846, 'HAROLD', 'AUGUSTO', 'HOYOS', 'CASTRO', '1986-01-28', 'PEREIRA', 'PEREIRA', 'O+', 'CRA 8 # 14A-19 PROGRESAR 1 CHINCHINA', 'PEREIRA', 2147483647, 'MASCULINO'),
(1113533829, 'KARINA', '', 'ORTIZ', 'RINCON', '1995-12-11', 'PEREIRA', 'PEREIRA', 'O+', 'MZ 43 CASA 12  2500 LOTES', 'PEREIRA', 8838175, 'FEMENINO'),
(1113779033, 'JULIETH', '', 'RODRIGUEZ', 'CORREA', '1986-07-12', 'PEREIRA', 'PEREIRA', 'O+', 'CARRERA 14  13 B  03  -BARRIO- ZARZALITO', 'PEREIRA', 2147483647, 'FEMENINO'),
(1114092888, 'JHOAN', 'STIVEN', 'GALVIS', 'ORREGO', '1993-01-14', 'PEREIRA', 'PEREIRA', 'O+', 'CRA 17C#7-20 EL ROSARIO CARTAGO  -BARRIO- EL ROSAR', 'PEREIRA', 2147483647, 'MASCULINO'),
(1114120754, 'JHONATAN', '', 'GORDILLO', 'CASTAÑEDA', '1992-08-06', 'PEREIRA', 'PEREIRA', 'O+', 'CORREGIMIENTO DE ROBLEDO  -BARRIO- SILOE', 'PEREIRA', 2147483647, 'MASCULINO'),
(1116264342, 'CARLOS', 'ANDRES', 'RODAS', 'MARIN', '1994-05-15', 'PEREIRA', 'PEREIRA', 'O+', 'HUASANO  -BARRIO- HUASANO', 'PEREIRA', 2147483647, 'MASCULINO'),
(1116437684, 'ANDRES', 'ADOLFO', 'TORRES', 'GARCIA', '1989-12-04', 'PEREIRA', 'PEREIRA', 'O+', 'CRA 8#2-27 BELLAVISTA CARTAGO  -BARRIO- BELLAVISTA', 'PEREIRA', 2147483647, 'MASCULINO'),
(1116726252, 'FRANCISCO', 'JAVIER ', 'GRISALES', '', '1993-02-17', 'PEREIRA', 'PEREIRA', 'O+', 'FINCA BUENOS AIRES/ ROCIO  -BARRIO- ROCIO', 'PEREIRA', 2147483647, 'MASCULINO'),
(1143946915, 'ANDRES', 'MAURICIO', 'RESTREPO', 'IDARRAGA', '1992-04-24', 'PEREIRA', 'PEREIRA', 'O+', 'CALLE 31  0  94  -BARRIO- MANIZALES', 'PEREIRA', 7452558, 'MASCULINO');

-- --------------------------------------------------------

--
-- Estructura de tabla para la tabla `modalidad`
--

CREATE TABLE `modalidad` (
  `id_modalidad` int(20) NOT NULL,
  `descripcion` varchar(50) NOT NULL
) ENGINE=InnoDB DEFAULT CHARSET=utf8;

--
-- Volcado de datos para la tabla `modalidad`
--

INSERT INTO `modalidad` (`id_modalidad`, `descripcion`) VALUES
(1000, '24HP 6A18 18A6 (6X1)'),
(1001, '24HP 6A18 18A6 (5X5)'),
(1004, '24HP 6A18 18A6 (2X2)(FISCALIA-COCA COLA)'),
(1005, '24H 06:00A18:00  - 18:00A06:00 LAV'),
(1006, '24HP 6A18 18A6 (5X5) FLEXIBILIZADO'),
(1007, '24HP 6A18 18A6 (5X5) EPM (FLEXIB.)'),
(1009, '24HP 6A18 18A6 (5X5X2)'),
(1012, '24HP 6A18 18A6 (5X2)'),
(1014, '24HP 6A14 14A22 22A06(TRIPLETA)'),
(1015, '24HP 6A14 14A22 22A06'),
(1017, '24HP 6A18 18A6 (3X3X3)(ANTIGUA CONTRATA)'),
(1018, '24HP 6A14 14A22 22A06'),
(1022, '24HP 6A18 18A6 (7X3 CERREJON)'),
(1027, '24HP 7A19 19A7 (7X5X2)'),
(1031, '24HP 5A13 13A21 21A5 (3R)'),
(1033, '24HM 7A19 19A7DV - 22HM 7A17 19A7S'),
(1035, '24HM 6A18 18A6 LS'),
(1036, '24HM 6A18-18A6 SDYF-12H18A 6 V BANCO POP'),
(1038, '24HM 6A18 - 18A6 LAV  8HD 6:00 A 14:00 S'),
(1041, '24HM 06:00A18:00 - 18:00A06:00 LAS,F'),
(1042, '24HM 6A18-18A06 S,D,F CDA AUTOMAS'),
(1043, '24H V-S-D-F'),
(1044, '24H 06A14 - 14A22 -22A6 LS'),
(1045, '24HP 06A14 - 14A22 -22A6 LS (ROTA)'),
(1050, '24HP 6A18 18A6 (6X6X3)'),
(1052, '24HP 6A18 18A6 (6X1X6X1)'),
(1055, '24HP 6A18 18A6 5X5X2'),
(1056, '24HP 6A14 - 14A22 -22A6(TRIPLETA)'),
(1058, '24HP 6A18 18A6 4X1-4X2'),
(1059, '24HP 6A18 18A6 (6X2-6X2)'),
(1061, '24HP 6A18 18A6 3X3X1'),
(1062, '24HP 6A14 - 14A22 -22A6(TRIPLETA 2)'),
(1065, '24HP 6A14 14A22 22A06(TRIPLETA3G)'),
(1066, '24HP 6A18 18A6 (5X1X7X1) PLANA'),
(1068, '24HP 06:00 A 18:00 - 18:00 A 06:00'),
(1073, '24HP 6A18 18A06(7X5X2)'),
(1074, '24HP 6A18 18A6 (7X6x1)'),
(1076, '24HP 6A18-18A6 5x2 OPAIN PLAN'),
(1077, '24HP 5A13-13A21-21A5 OPAIN PLANA DIA'),
(1078, '24HP 6A18 18A6 (2X2) OPAIN PLANA'),
(1079, '24HP 5A13-13A21-21A5 OPAIN PLANA TARDE'),
(1080, '24HP 5A13-13A21-21A5 OPAIN PLANA NOCHE'),
(1081, '24HP 6A14  14A22  22A06 (ECOPETROL)'),
(1083, '24HP 6A18 18A6 (3X3X3) CERREJON'),
(1084, '24HP 6A18 -18A6 (2X2) PROMIGAS - NUEVA E'),
(1086, '24HP 6A14 14A22 22A06 (2X2X2X1) OCENSA'),
(1087, '24HP 14A22 6A14 22A6 (2X2X2X1) OCENSA'),
(1088, '24HP 6A14 14A22 22A06 (TRIPLETA ASOBANC)'),
(1090, '24HP 6A18 18A6 (6X1)SUPER M GARANTIZADOS'),
(1092, '24HP 6A18 18A6 (6X1) (NÓMINA PLANA)'),
(1102, '24HP 6A18 18A6 4X4X2 SUPERVISORES MOTO'),
(1103, '24HP 6A18 18A6 3X3X1 GARANTIZADO MOTO'),
(1104, '24HP 6A18 18A6 (7X6) SUPERVISORES MOTO'),
(1105, '24HP 6A18 18A6 6X2X6X2'),
(1111, '24HP 6A18 18A6 (2X2) PLANA BLUETOWER'),
(1113, '24HP 6A14 14A22 22A06'),
(1114, '24HP 6A14-14A22-22A6 BANCO POPULAR PLANA'),
(1115, '24HP 6A18-18A6 PLANA COOMEVA'),
(1117, '24HP 06A14-14A22-22A06 (EXXONMOBIL)'),
(1120, '24 HP 6A18  18A6 (5x5x5) EXXONMOBIL'),
(1122, '24HP 6A18 18A6 (5X2) EXXON'),
(1130, '24HP 6A18 18A6 (12x24)PLANA LA SALLE'),
(1133, '24HP 6A14  14A22  22A06 (2X2X2)'),
(1134, '24HP 6A18 18A6 (5X5X2) SPV TAMPA GARANT'),
(1135, '24HP 6A18 18A6  (6X1)BANCO POPULAR'),
(1137, '24HP 6A18 18A6 (3X3X3)(EXXON EXPLRATI)'),
(1138, '24HP 6A18 18A6 (5X5X3)CLARO'),
(1139, '24HP 6A18-18A6 (2X2) (NÓMINA PLANA)'),
(1140, '24HP 6A18-18A6 (2X2)'),
(1141, '24HP 6A14 14A22 22A06(PLANA PACIFIC)'),
(1144, '24HP 6A18 18A6 (5X1-5X2)'),
(1148, '24HP 22A06 14A22 6A14(LEWIS)'),
(1150, '24HP 6A14  14A22  22A06 (2X2X2X1) LEWIS'),
(1151, '24HP 6A18 18A6 5X5X2(GARANTIZADA)'),
(1152, '24HP 6A14 14A22 22A06 (6X1)'),
(1153, '24HP 06A14-14A22-22A06 (ROTADA LEWIS)'),
(1154, '24HP 6A18 18A6 (7X6x1) (SUP. CHÍA)'),
(1155, '24HP 6A18 18A6 (7X6x1) (SUP. D.C.)'),
(1163, '24HP 6A18 18A6 (7X5X2)UDEA'),
(1164, '24HP 6A14-14A22-22A06(LEWIS)'),
(1166, '24HP 6A18 - 18A06 PLANA CENCOSUD'),
(1168, '24HP 06A18-18A06 (GARANTIZADO ESCOLTA)'),
(1172, '24HP 06 A 18 - 18 A 06 4*2 CERREJON'),
(1176, '24H 06A18 - 18A06  LAV - 06A18 S'),
(1178, '24HP 06:00A18:00 - 18:00A06:00 (4*2)'),
(1179, '24HP 07:00A18:00 - 18:00A07:00'),
(1184, '24HP 06A14-14A22-22A06 SUPER ECOPETROL'),
(1185, '24HP 06A18-18A06 7X7X7 SUPER ECOPETROL'),
(2006, '19 HP 4A14 14A23 (6X1)'),
(2007, '19HMP 6A14 14A01 (6X1)'),
(2008, '13HMP 21A6- 6A10 (6X1)'),
(2009, '19HMP 4A13.30 13.30A23 (6X1)'),
(2010, '19HMP 5A14.30 14.30A24 (6X1)'),
(2011, '19HMP 4A13 13 A23 (6X1)'),
(2015, '19:30HDP 06:00A16:00 - 14:00A23:30'),
(2020, '22HMP 03:00 A 15:00 - 15:00 A 01:00'),
(2021, '21HMP 04:00 A 14:30 - 14:30 A 01:00'),
(2022, '20HM 05A15- 15A01LAS- 06A15-15A01D,F'),
(2024, '19HMP 4.00 A 13:30 - 13:30 A 23.00'),
(2025, '19HMP 5A14 - 14A24'),
(2027, '20HMP 05:00 A15:00 - 19:00 A 05:00'),
(2031, '22HMP 8:00 A 18:00 -18:00 A 6:00'),
(2033, '20HM 6:00 A 02:00 LAS'),
(2037, '20HP 02:00 A 12:00-12 A 22:00'),
(3000, '18HMP 04:00A13:00 - 13:00A22:00'),
(3001, '18HMP 05:00A14:00 - 14:00A23:00 (6X1)'),
(3002, '18HMP 05:00A13:00 - 13:00A23:00 (6X1)'),
(3004, '17HDP 5A13 13A22 (1RD 1RN)'),
(3005, '17HDP 05:00A14:00 - 14:00A22:00 (6X1)'),
(3006, '17HDP 5A13.30 13:30A22 (6X1)'),
(3007, '17HDP 5A13 13A22 (6X1)'),
(3008, '17HDP 06:00A14:00 - 14:00A23:00 (6X1)'),
(3011, '16HD 06:00A14:00 - 14:00A22:00 LV'),
(3012, '16HDP 06:00A14:00 - 14:00A22:00(6X1)'),
(3013, '16HDP 05:00A13:00 - 13:00A21:00'),
(3014, '16HDP 06:00A14:00 - 14:00A22:00'),
(3015, '16HD 06:00A14:00 - 14:00A22:00 LS,F'),
(3016, '16HDP  06:00A22:00'),
(3019, '16HDP 7:00A15:00 - 15:00A23:00'),
(3020, '16HDP  6A14 14A22 LV - 8HD 6A14 S'),
(3022, '16HD  6A14 14A22 L,M,MI,F -12HD 6A18 J,V'),
(3023, '16HD  06:00A14:00 - 14:00A22:00LS'),
(3025, '16HDP 12:00A04:00 (6X1)'),
(3026, '16HDP 13:00A21:00 - 21:00A05:00 (5X5X2)'),
(3028, '16HDP 06:00A22:00 LV (ESC)'),
(3036, '14HMP 8A14 14A22 PLANA LIDER SPV TAM'),
(3039, '16HMP 6A18 18A22 LS,F - 9HD 9A18 D'),
(3041, '16HP 14A22 22A6'),
(3045, '16HM 6.30A14.30 14.30A22.30 LAS'),
(3051, '16HM 10:00A18:00 - 21:00A05:00 TAMPA'),
(3062, '17HMP 5:30 A 13:30 - 13:30 A 22:30'),
(3063, '17HM 5:30 A 13:30 - 13:30 A 22:00 LS'),
(3074, '18HMP 05:00A14:00 - 14:00A23:00 (6X1)'),
(3076, '16HDP 06:00A14:00-14:00A22:00 TAMPA 6*1'),
(3077, '16HP 06:00A16:00-16:00A22:00'),
(3078, '16HD 10:00A18:00-12:00A20:00 TAMPA'),
(3080, '16HDP 05:00A13:00-13:00A21:00 OPAIN PL D'),
(3082, '16HDP 06:00A14:00-14:00A22:00 OPAIN PL D'),
(3083, '16HDP 06:00A14:00-14:00A22:00 OPAIN PL T'),
(3084, '16HMP 04:00A12:00-12:00A20:00 OPAIN PL D'),
(3086, '16HDP 05:00A13:00 - 13:00A21:00 TAMPA BG'),
(3087, '16HD 06:00A14:00 - 14:00A22:00 LV UNISAL'),
(3092, '17HDP 05:00A14:00 - 14:00A22:00 (6X1)'),
(3093, '17HDP 05:00A14:00 - 14:00A22:00 (6X1)'),
(3094, '16HDP 06:00A14:00 - 14:00A22:00'),
(3095, '16HDP 6A14 - 14A22'),
(3097, '16HDP 06:00A14:00-14:00A22:00 (PLANA)'),
(3100, '18HMP 05:00A14:00 - 14:00A23:00 AVA'),
(3102, '16HDP 06:00A14:00 - 14:00A22:00 AVA'),
(3104, '16HD 06:00A14:00 - 14:00A22:00 LS,F PLAN'),
(3107, '17HMP 06:00 A 14:00 - 14:00 A 23:00'),
(3108, '18HMP 05:00 A 14:00 - 14:00 A 23:00'),
(3110, '16HD 06:00 A 14:00 - 14:00 A 22:00 LAV'),
(3113, '16HD  06:00A14:00 - 14:00A22:00LS'),
(3115, '16HDP 06:00A14:00-14:00A22:00(2x2)OCENSA'),
(3122, '17.30HD 04:30A12:30-12:30A22:00'),
(3123, '18HMP 06:00 A 15:00 - 15:00 A 24:00'),
(3126, '18HM 6:00A15:00-15:00 A 24:00LASF'),
(3127, '16HD 6A22LV - 11HD 7A18S - 10HD 7A17D'),
(3128, '16HMP 21:00 A 5:00 -5:00 A 13:00'),
(3131, '17.5HDP 06 A 15 23.30'),
(3132, '16HD 6A14-14A22 LV 07HD 07 A 14 DOS FINE'),
(3133, '16HMP 04 A 12 - 12 A 20'),
(3134, '18HMP 04:00A22:00'),
(3136, '16.5HD 5:30A22LAV - 5:30A20S 8A16 D'),
(3138, '16HDP 06A14 16A00'),
(3141, '16HM 06A22 LV 12HD 06A18 SDF'),
(3144, '16HD 06 A 22 D A J 16HM 07A23 VS'),
(3145, '16HDP 08:00A16:00 - 16:00A00:00'),
(3146, '18HD 5A14-14A23 L,M,M,V,F'),
(3147, '18HDP 04:30 A 22:30'),
(3148, '16HD 6A14 14A22 LAV  12HD 6A18 SD'),
(3149, '16HDP  06:30A14:30 - 14:30A22:30(PLANA)'),
(3155, '16HD 06:00A22:00LAV -24H06A18-18A06SDF'),
(3156, '17HDP 05:00A14:00 - 14:00A22:00 (5X1)'),
(3157, '3HD 10:30 A 13:30 LMIV'),
(4000, '15HD 06:00A21:00 LV'),
(4001, '15HDP 07A13 - 14A22 (PLANA CENCOSUD)'),
(4002, '15HDP 06:00A21:00'),
(4003, '15HMP 08:00A15:30 - 15:30A23:00'),
(4004, '15HMP 15:00A22:00 - 22:00A06:00'),
(4008, '15HDP 07:00A14:30 - 14:30A22:00'),
(4012, '15HMP 07:30A22:30'),
(4014, '15HMP 06:00A21:00 LV - 13HD 7A20 S'),
(4020, '14HD 06:00A20:00 LV'),
(4021, '14HDP 07:00 A 21:00'),
(4024, '14HDP 08:00A22:00'),
(4026, '14HMP 16:00A22:00 - 22:00A06:00'),
(4028, '14HM 17A7 LV - 24H 6A18 18A6 SDF'),
(4032, '14HDP 06:00A20:00 LV'),
(4033, '14HDP 06A20 LV - 06A13 S'),
(4041, '14HD 6A20 LAS 08A18DF (ESPECIAL)'),
(4054, '13HMP 18:00A07:00'),
(4058, '13HP 05:00A18:00'),
(4062, '13HDP 7A20'),
(4066, '13HD 5.30A15.30 18A21 LAV 10H SDF'),
(4073, '13HMP 17:00 A 06:00'),
(4086, '13HD 08:00A21:00 LV - 6:00A20:00 S'),
(4091, '13HMP 18:00A07:00(5X2)'),
(4093, '13HP 05:00A18:00 SIN RELEVO'),
(4094, '14HD 6A14 14A20 LV'),
(4116, '14HDP 08A22 (PLANA CENCOSUD)'),
(4121, '13HM 18A07LAV-12:30A18-18A06S-24H06A18-1'),
(4123, '14HMP 16:00 A 06:00'),
(4124, ' 13HD 6A19 LV - 8HD 6A14 S'),
(4126, '13HN 18A7LV-17HM 14A7S-24H 7A19-19A7DF'),
(4135, '14HMP 17A7'),
(4136, '15HDP 7A22'),
(4138, '13HD 6A19LS'),
(4140, '13HN 18 A 07 S 24 HORAS DF'),
(4143, '14HDP 05A19'),
(4144, '13HN 18A07 LV 19HM 12A07SDF'),
(4145, '13HN 18A07 LV 14A06 06A18 S'),
(4147, '13HD 06A12 14A21 LV, 13HD 06A12 13A20 S'),
(4148, '15HD 06A21 LV 14HD 06A20 S'),
(4149, '14HD 06A20 LV 10HD 06A16 S'),
(4150, '13HD 06A19 L,V 8HD 07A15 S'),
(4151, '13HNM LAV 24H S,D,F'),
(4154, '14HM 17A7 LV  -  24H 6A18-18A6 SDF'),
(4156, '15.5HDP 06:00A14:00-14:00A21:30(PLANA)'),
(4158, '13HD 7:00A20:00 LAS'),
(4159, '13HN 18A7LAV- 13A07S - 07A19-19A07D,F'),
(4160, '14.30HD 7A14-14A21.30LAV- 07A14-14A22S'),
(4162, ' 14HM 8A22 LV - 13HD 7A20 S'),
(4165, '15HM 17A08LAV -24H 6A18-18A6 SDF'),
(4166, '15HM 05:30 A 13:30 - 13:00 A 21:00'),
(4167, '13HM LAS 08A21 - 12HD 08A20 D'),
(4168, '13HD 06A13-15A21LAV-08A13-15A21 S,D'),
(4169, '13HD 6A13-14:3A20:3LAV-08A13-14:3A20:3SD'),
(5003, '12HD 07:00A19:00 LV - 08:00A13:00 S'),
(5004, '12HD  06:00A13:00 - 17:00A22:00 LS'),
(5007, '12HD 11A23D,L,M,MI  24H 11A23 23A11J,V,S'),
(5009, '12H 06:30A18:30 LV  08:00A14:00S'),
(5010, '12HD 07:00A19:00 LV(FISCALIA-COCA COLA)'),
(5014, '12HD 06:30A18:30 LV 6A14S'),
(5015, '12HD 06:00A18:00 LS'),
(5020, '12HD 06:00A18:00 LV - 06:00A14:00 S'),
(5022, '12HD 10A22 V - 09A21 S - 7A19 D,F'),
(5026, '12HNP 19:00A07:00'),
(5029, '12HD 06:00A18:00 LV - 07:00A13:00 S'),
(5033, '12HD 07:00A19:00 S,D,F'),
(5034, '12HD 06:00A18:00 DV,F'),
(5035, '12HD 07:00A19:00 DV,F'),
(5041, '12HD 07:00A19:00 LV - 07:00A15:00 S'),
(5043, '12HD 5:00A17:00 LASF'),
(5046, '12:30HD 07:00A19:30 LV - 09:00A15:30 S'),
(5050, '12HNP 18:00 A 06:00'),
(5051, '12HD 07:00A19:00 LAS'),
(5052, '12HDP 06:00A18:00 (6X1)'),
(5053, '12HD 06:00A18:00 LAV'),
(5054, '12HDP 07:00A19:00'),
(5055, '12HDP 08:00A20:00'),
(5056, '12HD 08:00 A 20:00 LS'),
(5057, '12HN 18:00A06:00 S,D,F'),
(5058, '12HD 06:00A18:00 S,D,F'),
(5060, '12HDP 10:00A22:00'),
(5061, '12HD 07:00A19:00 LV - 07:00A13:00 S'),
(5062, '12HD 06:00A18:00 D,F'),
(5063, '12HMP 05:00A17:00'),
(5064, '12HD 06:00A18:00 LS - F'),
(5066, '12HN 18:00A06:00 LS - F'),
(5069, '12HD 08:00A20:00 D,F'),
(5072, '12HMP 20:00A08:00'),
(5073, '12HD 10:00A22:00 V,S,D,F'),
(5074, '12HN 08:00A20:00 LS - F'),
(5075, '12HD 07:00A19:00 LS, F'),
(5076, '12HD 06:00A18:00 LV - 07:00A17:00 S'),
(5077, '12HD 07:00A19:00 LV - 07:00A17:00 S,F'),
(5079, '12HD 08:00A20:00 LV - 08:30A15:00 S'),
(5084, '12HD 06:00A18:00 LV - 07:00A15:00 S'),
(5087, '12HD 08:00A20:00 S,D,F'),
(5088, '12HN 08:00A20:00 LS PLANA LIDER TAMPA'),
(5089, '12HD 10:00A22:00 LS - F'),
(5090, '12HD 10:00A22:00 LS'),
(5091, '12HD 07:00A19:00 LV - 08:00A15:00 S'),
(5093, '12HMP 11:00A23:00'),
(5094, '12H 06:30A18:30 LV'),
(5095, '12HD 09:00A21:00 LS,F'),
(5097, '12HDP 06:30A18:30'),
(5098, '12HD 07:00A19:00 LV - 07:00A18:00 F'),
(5099, '12HDP 07:30A19:30'),
(5100, '12HD 05:00A17:00 LS'),
(5108, '12HDP 08:30 A 20:30'),
(5109, '12HN 18:00A06:00 LV - 6A18-18A6 SDF'),
(5114, '12HD 7A19LV -  8A13:30S (NÓMINA PLANA)'),
(5116, '12HM 10:30 A 22:30 LAS'),
(5117, '12HD 08:30A20:30 LS,F - 09:00A18:00 D'),
(5123, '12HD 06:00A18:00 D'),
(5124, '12HD 9A21V,F- 11:30A23:30S,D'),
(5130, '12HNP 18:00A06:00(2X2)'),
(5132, '12HNP 18:00A06:00(5X2)'),
(5134, '12HDP 10:00A22:00(5X2)'),
(5142, '12HNP 18:00A06:00 (7X3) CERREJON'),
(5144, '12HNP 18:00A06:00 SIN RELEVO'),
(5147, '12HDP 06:00A18:00(5X2)'),
(5159, '12HDP 06:00A18:00 OPAIN PLANA'),
(5165, '12HDP 06:00A18:00 SUPER M GARANTIZADO'),
(5166, '12HD 07:00A19:00 LV (PLANA NUEVA EPS)'),
(5167, '12HDP 06 A18 (15X15)GARANTIZADO LEWIS'),
(5169, '12HDP 06:00A18:00 MOTORIZADO'),
(5171, '12HMP 12 A 24'),
(5173, '12HD 06:00A18:00 LS PLANA UNSALLE'),
(5174, '12HDP 06:00A18:00 PLANA SPV'),
(5175, '12HNP 18:00 A 06:00 SOCHAGOTA'),
(5176, '12HD 07A19 L AV-08 A13 S NUEVA EPS PLANA'),
(5179, '12HD 06:00A18:00 LS GARANTIZADO'),
(5183, '12HD 06:00 A 18:00LAS(SUPER GARAN TAMPA)'),
(5184, '12HD 06:00 A 18:00 LAS'),
(5193, '12HNP 18:00 A 06:00'),
(5194, '12HD 08:00A20:00 LV - 08:00A16:00 S'),
(5195, '12HD 06:00A18:00 LS (NOMINA PLANA)'),
(5203, '12HD 07:00A19:00LAV'),
(5204, '12HD 06:00A14:00-14:00A18:00 LAS(OCENSA)'),
(5206, '12HD 06:00A18:00 LV -06:00A14:00 S(UDEA)'),
(5219, '12HD 7A19LV- 6HD 16A22 S (PLANA CENCOSU)'),
(5220, '12HDP 10:00A22:00 (PLANA CENCOSUD)'),
(5223, '12HDP 08:00A20:00 (PLANA CENCOSUD)'),
(5224, '12HDP 09:30 A 21:30 (PLANA CENCOSUD)'),
(5225, '12HDP 09:00 A 21:00 (PLANA CENCOSUD)'),
(5229, '12HNP 18A06 (PLANA CENCOSUD)'),
(5231, '12HDP 06:00 A 18:00 (GARANTIZADO ESCOLTA'),
(5232, '12HD 7:00A19:00LAS (NOMINA PLANA)'),
(5237, '12HN 18:00A06:00LS- 24H 6A18-18A6DF'),
(5239, '12HD 6:00A18:00LAV - 9HD 7:00A16:00S'),
(5243, '12HD 06A18 LV 5HD 07:30A12:30 S'),
(5245, '12HD 6A18LV'),
(5247, '12HN 19A7LV'),
(5248, '12HD 10A22VSDF'),
(5252, '12HD 7A19 LAV- 8HD 8A16 S'),
(5255, '16HD 6A14-14A 22 LV 12HD 6 A 18S'),
(5256, '12HD 07:00 A 17:00 LM J V - 13HD 06'),
(5263, '12HD 09 A 21 LSF 9HD 09 A 18 D'),
(5265, '12HM 16:00 A 05:00 L,S F'),
(5266, '12HD 07.30 A 19.30 LV 7.5HD 07.30 A 15 S'),
(5270, '12HD 06A18 LS 12HD 07:30A19:30 DF'),
(5271, '12HD 09A21 LS 9.30 HD 08:30A18 D'),
(5275, '12HD 06A18 LV 9HD 06A15 S'),
(5282, '12HD 08A20 LV 7.5HD 07:30A15 S'),
(5283, '12HD 07:00A12:30 13:30A20 LAV'),
(5284, '12HD 09A21 S 12HD 08A20 DF'),
(5285, '12HD 06A18 LV 8HD S 6HD D'),
(5287, '12HD 07:30 A 19:30 LAS'),
(5288, '12HD 8A20 LV 6HD 08A14 S'),
(5289, '12HN 18A06 12HD 06A18 S,D'),
(5293, '12HD 08:30A20:30 LAV'),
(5294, '12HD 08:00 A 20:00 LSF'),
(5296, '12HD 8A20LAV - 7A11:30 - 15A20:30 SDF'),
(5298, '12HMP 03:00 A 15:00'),
(5303, '12HD 06:00A18:00LAS-18:00A06:00 D,F'),
(5305, '12HN 18:00 A 06:00 MI A S'),
(5307, '12HD 06:30A18:30 LV - 4:30 HD 7:30 A12 S'),
(5308, '22HM 05A16-16A24LAV - 13HM 05A18S'),
(5309, '22HMP 06:00 A 17:00 -19:00 A 06:00'),
(5310, '12HN 18A06LAV- 12A22-22A6 S -6A18-18A6DF'),
(6021, '11HD 7A18 LV - 5HD 7A12 S'),
(6022, '11:30HDP 06:00 A17.30'),
(6024, '11.15HDP 05:30 A10:45 -13:00A19:00'),
(6025, '11HD 7:00A18:00LV - 6HD 7:00 A 13:00S'),
(6026, '11HDP 10:30A21:30'),
(6038, '11HD 8 A19 LV - 5HD 8 A13 S'),
(6039, '11.30HD  6:30A18 LV - 6.30HD  8:30A'),
(6044, '11HD 07:00A18:00 LAS(UDEA)'),
(6048, '11HD 07:30 A 18:30LAV'),
(6050, '11HMP 12A23'),
(6051, '11.5HD 06:30A18:00 LV'),
(6052, '11HD06A17 LV, 6HD 07A13 S'),
(6054, '11.5HD 7:30A19 LV - 5HD 8:30A13:30S'),
(6055, '11.5HD 7:30A19 LV - 6HD 7:30A13:30 S'),
(6056, '11.5HD 7:30A19 LV - 6HD 8A14S'),
(6057, '11.5HD 7:30A19LV  -  6.5HD 8A14:30S'),
(6058, '11HD 08A19 LV 8HD 08A12 -13A17 S'),
(6059, '11HD 07 A 18:00LV - 5.30HD 8:30 A 14:00S'),
(6060, '11HD 7:30A18:30 LAV- 7HD 7:30A14:30S'),
(6061, ' 11HD 7:30A18:30LV  -  6HD 7:30A13:30S'),
(6062, '11HD 8A19LV - 6.5HD 8A14:30S'),
(6063, '11HD 8:00 A 19:00LAV - 4HD 09A13:00S'),
(6066, '11HD 5:3A11:3-15A 20LAV-9A11:3-15A18:3SD'),
(7000, '10HD 7:00A17:00 LV'),
(7001, '10HD 7:30A17:30 LV'),
(7002, '10HDP 6:00A16:00'),
(7003, '10HD 7:00A17:00 LS ESCOLTA'),
(7004, '10HDP 7:30A17:30'),
(7007, '10HD 8:00A18:00 LAS'),
(7009, '10:30HD 7:30A18:00 LV'),
(7010, '10HDP 10:00A20:00'),
(7011, '10HDP 8:00A18:00'),
(7015, '10HD 07:00A17:00 LS'),
(7018, '10HD 09:00A19:00 LS'),
(7021, '10HD 08:00A18:00 LV - 4HD 09:00A13:00 S'),
(7022, '9HD 08:00A17:00 LV'),
(7026, '10HDP 12:00A22:00'),
(7037, '10HD 07:00A17:00 LV - 5HD 07:00A12:00 S'),
(7040, '10HD 06:30A16:30 LS'),
(7045, '10:30HD 07:00A17:30 LV PLANA'),
(7048, '10HD 7:00A17:00 LS'),
(7059, '14.5HD 17:30A8LV  12HN 18A06 SDF'),
(7061, '1OHDP 08:00 A 16:00'),
(7065, '10HD 7:00A17:00 LV PLANA BLUET Y NUEVA E'),
(7069, '10HDP 06:00 A 16:00'),
(7072, '10HD 7:00A17:00 LV - 6HD 07:00A13:00 S'),
(7081, '10HD 08:00 A 18:00 LAV'),
(7082, '10HD 08 A 12 - 14 A 20LAV 4HD 09 A 13 S'),
(7083, '10HDP 06:30 A 16:30 (PLANA CENCOSUD)'),
(7094, '10.5HD 7A17:30 LS'),
(7095, '10HD 08A18 LV 3HD 09A12 S'),
(7097, '10HD 09A19 LV 8HD 11A19 S'),
(7098, '10.5HD 08 A 18:30 LASF'),
(7099, '10.5HD 7:30A18LV- 7:30A14:30S-09A13:30D'),
(7100, '10.5HD 8A18:30 LAV - 6HD 8A14S'),
(7101, '10.5HD 8A18:30 LAV - 6.5HD 07:30A14S'),
(7102, '10.75HD 7:45A18:30LAV-7:45A13:30 S'),
(7103, '10HD 07A12-14A19LAV- 08:30A13:30 S'),
(7104, '10HD 07A12-14A19LAV- 09:00A13:00 S'),
(7106, '10HD 9A19 LAS,F'),
(9008, '9HD 8A17LV- 5HD 8A13S'),
(9009, '9HD 7:30A16:30LV - 5HD 8:00A13:00S'),
(9010, '9HD 08:00A17:00 LS'),
(9012, '9HD 8:00 A 17:00 LAV'),
(9013, '9HD 07:30A12:00 - 13:30A18:00 LV'),
(9014, '9HD 8A17 LV 5HD 8A13 S(ULTIMO DEL M)'),
(9017, '9HD 8A17LV - 4HD 9A13S'),
(9020, '9HDP 08:00 A 17:00'),
(9021, '9HD 09:00A18:00 SDF'),
(9028, '9HD 07:30A16:30 LV - 07:30 A 12:00 S'),
(9034, '9HD 07:30A16:30 LV'),
(9035, '9:30HD 08:00A17:30 LV'),
(9038, '9:30HD 08:00A17:30 LV - 08:00A13:00 S'),
(9039, '9:30HD 6:30A8:30-12A19:30LV 12A19S,D,F'),
(9049, '9MP 21:00 A 06:00'),
(9094, '9.30HD 08A12-14A19:30 LV 4HD 9A13 S'),
(9097, ' 9.30HD 8A12-14:00A19:30LV - 6HD 9A15S'),
(9101, '9HD 11A20 DAJ 12HD 11A23 V.S'),
(9102, '9HDP 06A15'),
(9103, '9HDP 04A13'),
(9104, '9HDP 11A20'),
(9105, '9HD 8:30A17:30 LAV'),
(9106, '9.5HD 7:30A17LV  - 4HD 8A12S'),
(9108, '9HD 07:30A12-14A:16:30 LAV-4HD 09A13 S'),
(10003, ' 7HD 7:00 A 14:00LAJ-4HD 07:00A11:00V'),
(10004, '7HD 10A17 S (ESPECIAL)'),
(10005, '7:30HD 08:00A12:30 - 14:00A17:00 LV'),
(10007, '7HNP 22:00A05:00'),
(10008, '7HD 08:00A15:00 LS'),
(10009, '7HD 09:00A16:00 LS, F(ESPECIAL)'),
(10011, '13HD 6:30 A 19:30 LAV (ESPECIAL)'),
(10015, '6:30HD 08:30A15:00 S-2:30HD 17:30A20 LV'),
(10018, '1HD 10:00A10:30 - 18:30A19:00 LV'),
(10019, '5HD 09:00A14:00 S'),
(10020, '5HMP 18:00A23:00'),
(10021, '5HDP 14:00A19:00'),
(10025, '4HD 8A12 S (ESPECIAL)'),
(10026, '4HD 9A13 S (ESPECIAL)'),
(10027, '4HDP 10A14'),
(10032, '3HDP 11A14'),
(10035, '3HD 17A20 LAV S(ESPECIAL)'),
(10036, '2.30HD 11.30A14 LMIVF (ESPECIAL)'),
(10037, '2.30HD 17A19.30 LAV S(ESPECIAL)'),
(10038, '2HD 17:30A19:30 LV - 6HD 10:00 A 16:00 S'),
(10039, '8HNP 22A6'),
(10040, '9HD 7:30A12 - 14A17:30 LV ADMINISTRATIVO'),
(10041, '8HD 09:00A17:00 LS'),
(10042, '8HD 06:00A14:00 LS'),
(10043, '8HD 08:00A16:00 LV'),
(10045, '8HDP 06:00A14:00'),
(10046, '8HDP 06:00A14:00 LV'),
(10047, '8HDP 09:00A17:00'),
(10048, '8HDP 08:00A16:00'),
(10049, '8HDP 07:00A15:00'),
(10050, '8HD 08:00A16:00 LS'),
(10052, '8HDP 10:00A18:00'),
(10053, '8HDP 14A22'),
(10054, '8HD 8:00 A16:00 S,D'),
(10056, '8HDP 11A19'),
(10057, '8HD 08:30A16:30 LV'),
(10058, '8HD 06:00A14:00 LS,F'),
(10059, '8HD 8A12-14A18LAV - 09:00 A 13:00 S'),
(10060, '8HD 09:00A17:00 LV'),
(10061, '8HDMP 5A13'),
(10063, '8HD 7.30A12 13.30A17 LAV (ESPECIAL)'),
(10064, '8HD 07:00A15:00 LS'),
(10065, '8HD 8:00A12:00 - 14:00A18:00 LV'),
(10066, '8HD 07:00A15:00 LV'),
(10067, '8:30HD 7:30A12:00 - 14:00 A 18:00 LV'),
(10069, '8HD 8A16 LASF'),
(10071, '8HD 8A12 14A18 LV 4HD 8A12S'),
(10073, '8HDP 08:00A12:00 - 14:00A18:00'),
(10075, '8HD 10:00A18:00 LS,F'),
(10077, '8HD 10:00A18:00 LS (PLANA CENCOSUD)'),
(10078, '8HMP 15A23'),
(10079, '8HD 13:00A21:00 LV'),
(10081, '8HDP 12A20'),
(10082, '8HM 15A23 LASF'),
(10083, '8HD 8A12 14A18 LV  S(ESPECIAL)'),
(10084, '8HD 8A16 SDF'),
(10085, '8HD 8A16 LAV'),
(10092, '8HD 8.30A12 14.30A19 LAV - 08:30 A13:30S'),
(10093, '8HNP 22A6'),
(10095, '8HDP 09:00A17:00'),
(10097, '8HD 11A19 LASF'),
(10098, '8HD 07:00A15:00 LS,F'),
(10101, '8.5HD 7.30A12.30 13.30A17 LAV'),
(10103, '8.30HMP 05:30A09:30 - 14:30A18:00'),
(10108, '8HD 12A20 LSF'),
(10109, '8:30HM 18:30A03:00 JVS'),
(10115, '8HD 7A12 14A17 LAV (ESPECIAL)'),
(10116, '8HD 14A22 LASF'),
(10117, '8HMP 16A24 OPAIN PLANA'),
(10118, '8HMP 4A12 OPAIN PLANA'),
(10119, 'RONDAS'),
(10120, '8HD 14A22 LAS'),
(10124, '8HD 13:00A21:00 SDF'),
(10126, '8HDP 14A22'),
(10127, '8HDP 09:00A15:00 - 18:00A20:00 ESPECIAL'),
(10130, '6HD 10:00A16:00 D,F'),
(10133, '6HD 6A12 D'),
(10134, '6HDP 6A12'),
(10136, '6HD 6.30A12.30 LAS'),
(10138, '3HD 17:00A20:00 LAV 5HD 8:00A13:00 S'),
(10139, '2HD 18A20 LAV'),
(10141, '3HD 11:00A14:00 LS - F'),
(10143, '6HDP 17.30A23.30'),
(10144, '6HD 08:30A14:30 S'),
(10146, '4HMP 19A23'),
(10150, '2HD 17.30A19.30 LAV 7HD 10A17 S'),
(10152, '7HDP 11:00A14:00 - 18:00A22:00'),
(10157, '5.30HD 8.30A14S'),
(10159, '8HD 8A12 14A18VIERNES'),
(10160, '7.30HDP 10A14 14.30A18 SINREL'),
(10162, '8HD 7.30A12 14A17.30 LAV ADMIN OPAIN'),
(10165, '8HD 7.30A12-14A17.30 ADMIN OPAIN'),
(10174, '9HD 7:30A12 - 14A17:30 LV ADMINISTRATIVO'),
(10177, '6,5HD 07:30 A 14:00 L,M,V'),
(10179, 'CANINO ANTINARCOTICO'),
(10186, '4HDP 05:00 A 09:00'),
(10188, '8HDP 13:00 A 21:00 (PLANA CENCOSUD)'),
(10192, '4HD 17A21 LAV - 5.30HD 08:30A14S'),
(10195, '8.5HDLAV 07:30 A 12:00 - 14:00 A 18:00'),
(10196, ' 8HDP 8A12-13A17 (ESCOL GARANTIZADO)'),
(10197, '8HD 6:00 A14:00 SABADOS'),
(10200, '8HD 7:45 A 12:15 - 13:45 A 17:15 L AV'),
(10201, '8HD 8A12-14A18LV - 13HD 7A20SDF'),
(10202, '8HD 10:00 A 18:00 LAS'),
(10203, '8HD 7:00 A 15:00 D'),
(10204, '4HDP 11:00 A 15:00'),
(10207, '8 HM L-V'),
(10209, '8HD 10A18LASF'),
(10210, '8HD 7.30A12 - 13.30A17LV'),
(10211, '8HN 22:00 A 06:00 DV'),
(10212, '2HD 17:30A19:30 LV - 6HD 09 A 13 S'),
(10215, '8HD 12:00 A 20:00 LASF'),
(10216, '8.5HD 18.30 A 03.00 JVS'),
(10221, '3H 04A07 MARTES'),
(10222, '8HD 13A21 LAV 09A17 S'),
(10223, '12HD 6A18LV'),
(10448, '8HD 8A12-14A18LV- 5HD 9A14S'),
(10985, '8HMP 20:00 A 04:00'),
(10986, '8.5HD 10:00 A 12:00 - 13:00 A  19.30 S'),
(10987, '4HD 12:00 A 16:00 VSD'),
(10988, '7HD 07:00 A 10:00 - 16:00 A 20:00 LAV'),
(10989, '8HD 8:00 A16:00 D'),
(10990, '2:30HD 17:30A20 LAV 08:30A15:00 S'),
(10992, '8HD 11:00A19:00 SDF'),
(10993, '4.30HD 8:30A13S'),
(10995, '8.5HD 18.30 A 03.00 JVS'),
(10997, '8HD 08:00A16:00LAV 4HD 08:00 A 12:00 S'),
(10998, '8HD 8A12-14A18LAV - 09:00 A 13:00 S'),
(10999, '8HN 18:00 A 02:00 LASF'),
(11853, '12HD 6A18 LVF - 4HD 8A12 S'),
(12855, '9HDP 09.00 A 18.00 (CARREFOUR)'),
(12944, '19HMP 04:00A13:30-13.30A13:30A23:00OPAIN'),
(13011, '12HD 08.30 A 20.30 LSF 9HD 09 A 18 D'),
(13119, '8HMP 16 A 00'),
(13251, '4HD 06 A 09 - 14 A 15 LS'),
(13397, '12HD 7A19LV - 6.5HD 7:30A14 - 7HD 8:30A1'),
(13621, '12HN 18A06 LAV 24H S,D'),
(13634, '18HM 6:00A18:00- 18:00A24:00 LAS');

-- --------------------------------------------------------

--
-- Estructura de tabla para la tabla `puesto`
--

CREATE TABLE `puesto` (
  `id_puesto` int(11) NOT NULL,
  `nombre_puesto` varchar(50) NOT NULL,
  `cliente_id` int(50) NOT NULL,
  `direccion_puesto` varchar(50) NOT NULL,
  `ciudad` varchar(45) NOT NULL,
  `modalidad_id` int(50) NOT NULL,
  `empleado_id` int(20) NOT NULL,
  `fecha_ingreso` date NOT NULL,
  `fecha_salida` date NOT NULL
) ENGINE=InnoDB DEFAULT CHARSET=utf8;

--
-- Volcado de datos para la tabla `puesto`
--

INSERT INTO `puesto` (`id_puesto`, `nombre_puesto`, `cliente_id`, `direccion_puesto`, `ciudad`, `modalidad_id`, `empleado_id`, `fecha_ingreso`, `fecha_salida`) VALUES
(1, '1', 1, '1', '1', 1, 0, '2017-12-03', '2017-12-03'),
(2, 'A. MINAS MANIZALES', 0, 'MANIZALES', 'PEREIRA', 24, 18402946, '0000-00-00', '0000-00-00'),
(3, 'A. MINAS MANIZALES', 0, 'MANIZALES', 'PEREIRA', 24, 1059812970, '0000-00-00', '0000-00-00'),
(4, 'ESM MARMATO CALDAS', 0, 'MANIZALES', 'PEREIRA', 24, 4372275, '0000-00-00', '0000-00-00'),
(5, 'ESM MARMATO CALDAS', 0, 'MANIZALES', 'PEREIRA', 24, 75146518, '0000-00-00', '0000-00-00'),
(6, 'ESM MARMATO CALDAS', 0, 'MANIZALES', 'PEREIRA', 24, 75102420, '0000-00-00', '0000-00-00'),
(7, 'AUTOGERMANA PEREIRA', 0, 'PEREIRA', 'PEREIRA', 12, 15956575, '0000-00-00', '0000-00-00'),
(8, 'REFUERZO DE PLATAFORMA', 0, 'PEREIRA', 'PEREIRA', 19, 72252082, '0000-00-00', '0000-00-00'),
(9, 'CONTROL ACCESO HUB PEI', 0, 'PEREIRA', 'PEREIRA', 24, 75079795, '0000-00-00', '0000-00-00'),
(10, 'PLATAFORMA 1', 0, 'ARMENIA', 'PEREIRA', 24, 9727897, '0000-00-00', '0000-00-00'),
(11, 'RAYOS X ARMENIA', 0, 'ARMENIA', 'PEREIRA', 17, 89004457, '0000-00-00', '0000-00-00'),
(12, 'PLATAFORMA 1', 0, 'MANIZALES', 'PEREIRA', 12, 1053794211, '0000-00-00', '0000-00-00'),
(13, 'REFUERZO DE PLATAFORMA', 0, 'PEREIRA', 'PEREIRA', 19, 75050002, '0000-00-00', '0000-00-00'),
(14, 'PLATAFORMA 2', 0, 'ARMENIA', 'PEREIRA', 17, 1096032319, '0000-00-00', '0000-00-00'),
(15, 'REFUERZO DE PLATAFORMA', 0, 'PEREIRA', 'PEREIRA', 19, 16627207, '0000-00-00', '0000-00-00'),
(16, 'INSPECTOR - CUSTODIA CARGA Y CORREO ATO PEI', 0, 'PEREIRA', 'PEREIRA', 24, 94310956, '0000-00-00', '0000-00-00'),
(17, 'INSPECTOR - CUSTODIA CARGA Y CORREO ATO PEI', 0, 'PEREIRA', 'PEREIRA', 24, 1116726252, '0000-00-00', '0000-00-00'),
(18, 'PLATAFORMA 3', 0, 'MANIZALES', 'PEREIRA', 12, 18598051, '0000-00-00', '0000-00-00'),
(19, 'ENTRADA/ SALIDA DE EQUIPAJES', 0, 'PEREIRA', 'PEREIRA', 18, 1061625000, '0000-00-00', '0000-00-00'),
(20, 'RAYOS X ARMENIA', 0, 'ARMENIA', 'PEREIRA', 17, 9726942, '0000-00-00', '0000-00-00'),
(21, 'CONTROL - CUSTODIA CARGA Y CORREO HUB PEI', 0, 'PEREIRA', 'PEREIRA', 18, 1096032319, '0000-00-00', '0000-00-00'),
(22, 'CONTROL ACCESO HUB PEI', 0, 'PEREIRA', 'PEREIRA', 24, 75033492, '0000-00-00', '0000-00-00'),
(23, 'PLATAFORMA 2', 0, 'ARMENIA', 'PEREIRA', 17, 1088007189, '0000-00-00', '0000-00-00'),
(24, 'INSPECTOR - CUSTODIA CARGA Y CORREO ATO PEI', 0, 'PEREIRA', 'PEREIRA', 24, 1116726252, '0000-00-00', '0000-00-00'),
(25, 'OFICINA AVIANCA  CENTRO C. A.', 0, 'PEREIRA', 'PEREIRA', 11, 1088238927, '0000-00-00', '0000-00-00'),
(26, 'PLATAFORMA 1', 0, 'MANIZALES', 'PEREIRA', 12, 75033492, '0000-00-00', '0000-00-00'),
(27, 'PLATAFORMA 1', 0, 'ARMENIA', 'PEREIRA', 24, 13993559, '0000-00-00', '0000-00-00'),
(28, 'PLATAFORMA 1', 0, 'ARMENIA', 'PEREIRA', 24, 18598209, '0000-00-00', '0000-00-00'),
(29, 'PLATAFORMA', 0, 'PEREIRA', 'PEREIRA', 24, 18596498, '0000-00-00', '0000-00-00'),
(30, 'CONTROL ACCESO HUB PEI', 0, 'PEREIRA', 'PEREIRA', 24, 1104675026, '0000-00-00', '0000-00-00'),
(31, 'PLATAFORMA', 0, 'PEREIRA', 'PEREIRA', 24, 1088248409, '0000-00-00', '0000-00-00'),
(32, 'PLATAFORMA 1', 0, 'ARMENIA', 'PEREIRA', 24, 9735423, '0000-00-00', '0000-00-00'),
(33, 'CONTROL - CUSTODIA CARGA Y CORREO HUB PEI', 0, 'PEREIRA', 'PEREIRA', 18, 15959842, '0000-00-00', '0000-00-00'),
(34, 'ENTRADA/ SALIDA DE EQUIPAJES', 0, 'PEREIRA', 'PEREIRA', 18, 4512715, '0000-00-00', '0000-00-00'),
(35, 'Agente de Control Medio Tiempo PEI # 5', 0, 'PEREIRA', 'PEREIRA', 6, 1088248409, '0000-00-00', '0000-00-00'),
(36, 'Coordinador Operativo  PEI # 1', 0, 'PEREIRA', 'PEREIRA', 20, 30360511, '0000-00-00', '0000-00-00'),
(37, 'Lider de Control PEI # 1', 0, 'PEREIRA', 'PEREIRA', 12, 1097729714, '0000-00-00', '0000-00-00'),
(38, 'Agente de Control Medio Tiempo PEI # 11', 0, 'PEREIRA', 'PEREIRA', 6, 1113779033, '0000-00-00', '0000-00-00'),
(39, 'Agente de Control Medio Tiempo PEI # 6', 0, 'PEREIRA', 'PEREIRA', 6, 94463013, '0000-00-00', '0000-00-00'),
(40, 'Agente de Control Medio Tiempo PEI # 9', 0, 'PEREIRA', 'PEREIRA', 6, 1112770431, '0000-00-00', '0000-00-00'),
(41, 'Agente de Control Medio Tiempo PEI # 4', 0, 'PEREIRA', 'PEREIRA', 6, 1143946915, '0000-00-00', '0000-00-00'),
(42, 'Agente de Control Medio Tiempo PEI # 2', 0, 'PEREIRA', 'PEREIRA', 6, 94393066, '0000-00-00', '0000-00-00'),
(43, 'Agente de Control Medio Tiempo PEI # 10', 0, 'PEREIRA', 'PEREIRA', 6, 16485243, '0000-00-00', '0000-00-00'),
(44, 'Agente de Control Medio Tiempo PEI # 7', 0, 'PEREIRA', 'PEREIRA', 6, 1061624208, '0000-00-00', '0000-00-00'),
(45, 'Agente de Control Medio Tiempo PEI # 3', 0, 'PEREIRA', 'PEREIRA', 6, 1053809285, '0000-00-00', '0000-00-00'),
(46, 'Agente de Control Medio Tiempo PEI # 8', 0, 'PEREIRA', 'PEREIRA', 6, 1109296032, '0000-00-00', '0000-00-00'),
(47, 'Agente de Control Medio Tiempo PEI # 12', 0, 'PEREIRA', 'PEREIRA', 6, 94310956, '0000-00-00', '0000-00-00'),
(48, 'BANCOMPARTIR OFICINA ARMENIA', 0, 'ARMENIA', 'PEREIRA', 9, 94463013, '0000-00-00', '0000-00-00'),
(49, 'BANCOMPARTIR OFICINA PEREIRA 2', 0, 'PEREIRA', 'PEREIRA', 9, 9728928, '0000-00-00', '0000-00-00'),
(50, 'CD PEREIRA RECEPCION', 0, 'PEREIRA', 'PEREIRA', 24, 1094882530, '0000-00-00', '0000-00-00'),
(51, 'CD ARMENIA PORTERIA PEATONAL', 0, 'ARMENIA', 'PEREIRA', 24, 1094882530, '0000-00-00', '0000-00-00');

-- --------------------------------------------------------

--
-- Estructura de tabla para la tabla `seguridad_social`
--

CREATE TABLE `seguridad_social` (
  `empleado_id` int(20) NOT NULL,
  `afp` varchar(45) NOT NULL,
  `afc` varchar(45) NOT NULL,
  `arl` varchar(50) NOT NULL,
  `eps` varchar(45) NOT NULL,
  `ccf` varchar(45) NOT NULL
) ENGINE=InnoDB DEFAULT CHARSET=utf8;

-- --------------------------------------------------------

--
-- Estructura de tabla para la tabla `tipo_contrato`
--

CREATE TABLE `tipo_contrato` (
  `id_tipo_contrato` int(20) NOT NULL,
  `descripcion` varchar(50) NOT NULL
) ENGINE=InnoDB DEFAULT CHARSET=utf8;

--
-- Volcado de datos para la tabla `tipo_contrato`
--

INSERT INTO `tipo_contrato` (`id_tipo_contrato`, `descripcion`) VALUES
(1, 'ANTIGUA CONTRATACIÓN OPERATIVOS (Q)'),
(2, 'ANTIGUA CONTRATACIÓN PENSIONADOS (Q)'),
(3, 'ANTIGUA CONTRATACIÓN OPERATIVO (M)'),
(20, 'CONTRATACIÓN NIVELADOS OPERATIVOS (Q)'),
(21, 'CONTRATACIÓN NIVELADOS PENSIONADOS (Q)'),
(22, 'CONTRATACIÓN NIVELADOS OPERATIVOS (M)'),
(23, 'CONTRATACIÓN NIVELADOS PESIONADOS (M)'),
(40, 'NUEVA CONTRATACIÓN OPERATIVOS (Q)'),
(42, 'NUEVA CONTRATACIÓN OPERATIVOS (M)'),
(60, 'NÓMINAS PLANAS (Q)'),
(61, 'NÓMINAS PLANAS PENSIONADOS (Q)'),
(62, 'NÓMINAS PLANAS (M)'),
(80, 'GARANTIZADOS ADMINISTRATIVOS (Q)'),
(81, 'GARANTIZADOS ADMINISTRATIVOS PENS. (Q)'),
(83, 'GARANTIZADOS ADMINISTRATIVOS PENS. (M)'),
(100, 'GARANTIZADOS OPERATIVOS (Q)'),
(102, 'GARANTIZADOS OPERATIVOS (M)'),
(124, 'NÓMINAS APRENDICES (Q)');

--
-- Índices para tablas volcadas
--

--
-- Indices de la tabla `academias`
--
ALTER TABLE `academias`
  ADD PRIMARY KEY (`nit_academia`);

--
-- Indices de la tabla `acreditacion`
--
ALTER TABLE `acreditacion`
  ADD PRIMARY KEY (`acreditacion_id`),
  ADD KEY `persona_id_idx` (`empleado_id`);

--
-- Indices de la tabla `cargo`
--
ALTER TABLE `cargo`
  ADD PRIMARY KEY (`id_cargo`);

--
-- Indices de la tabla `cliente`
--
ALTER TABLE `cliente`
  ADD PRIMARY KEY (`id_cliente`);

--
-- Indices de la tabla `contrato`
--
ALTER TABLE `contrato`
  ADD PRIMARY KEY (`id_contrato`),
  ADD KEY `persona_id_idx` (`empleado_id`);

--
-- Indices de la tabla `control_cursos`
--
ALTER TABLE `control_cursos`
  ADD KEY `persona_id_idx` (`empleado_id`);

--
-- Indices de la tabla `cursos`
--
ALTER TABLE `cursos`
  ADD PRIMARY KEY (`id_cursos`);

--
-- Indices de la tabla `documento`
--
ALTER TABLE `documento`
  ADD KEY `persona_id_idx` (`empleado_id`);

--
-- Indices de la tabla `empleado`
--
ALTER TABLE `empleado`
  ADD PRIMARY KEY (`id_empleado`),
  ADD UNIQUE KEY `idpersona_UNIQUE` (`id_empleado`);

--
-- Indices de la tabla `modalidad`
--
ALTER TABLE `modalidad`
  ADD PRIMARY KEY (`id_modalidad`);

--
-- Indices de la tabla `puesto`
--
ALTER TABLE `puesto`
  ADD PRIMARY KEY (`id_puesto`),
  ADD UNIQUE KEY `id_puesto_UNIQUE` (`id_puesto`),
  ADD KEY `persona_id_idx` (`empleado_id`);

--
-- Indices de la tabla `seguridad_social`
--
ALTER TABLE `seguridad_social`
  ADD KEY `persona_id_idx` (`empleado_id`);

--
-- Indices de la tabla `tipo_contrato`
--
ALTER TABLE `tipo_contrato`
  ADD PRIMARY KEY (`id_tipo_contrato`);

--
-- AUTO_INCREMENT de las tablas volcadas
--

--
-- AUTO_INCREMENT de la tabla `acreditacion`
--
ALTER TABLE `acreditacion`
  MODIFY `acreditacion_id` int(100) NOT NULL AUTO_INCREMENT, AUTO_INCREMENT=139;
--
-- AUTO_INCREMENT de la tabla `contrato`
--
ALTER TABLE `contrato`
  MODIFY `id_contrato` int(100) NOT NULL AUTO_INCREMENT, AUTO_INCREMENT=133;COMMIT;

/*!40101 SET CHARACTER_SET_CLIENT=@OLD_CHARACTER_SET_CLIENT */;
/*!40101 SET CHARACTER_SET_RESULTS=@OLD_CHARACTER_SET_RESULTS */;
/*!40101 SET COLLATION_CONNECTION=@OLD_COLLATION_CONNECTION */;
