-- phpMyAdmin SQL Dump
-- version 4.7.0
-- https://www.phpmyadmin.net/
--
-- Servidor: 127.0.0.1
-- Tiempo de generación: 23-05-2018 a las 00:45:40
-- Versión del servidor: 10.1.25-MariaDB
-- Versión de PHP: 7.1.7

SET SQL_MODE = "NO_AUTO_VALUE_ON_ZERO";
SET AUTOCOMMIT = 0;
START TRANSACTION;
SET time_zone = "+00:00";


/*!40101 SET @OLD_CHARACTER_SET_CLIENT=@@CHARACTER_SET_CLIENT */;
/*!40101 SET @OLD_CHARACTER_SET_RESULTS=@@CHARACTER_SET_RESULTS */;
/*!40101 SET @OLD_COLLATION_CONNECTION=@@COLLATION_CONNECTION */;
/*!40101 SET NAMES utf8mb4 */;

--
-- Base de datos: `vise_pereira`
--

-- --------------------------------------------------------

--
-- Estructura de tabla para la tabla `academias`
--

CREATE TABLE `academias` (
  `nit_academia` varchar(100) NOT NULL,
  `nombre` varchar(100) NOT NULL
) ENGINE=InnoDB DEFAULT CHARSET=utf8;

--
-- Volcado de datos para la tabla `academias`
--

INSERT INTO `academias` (`nit_academia`, `nombre`) VALUES
('8001916712', 'ACADEMIA DE VIGILANTES ADEVIP LIMITADA'),
('8040073153', 'ACADEMIA DE ESTUDIOS TECNICOS EN SEGURIDAD LTDA.'),
('8050317483', 'ACADEMIA DE FORMACION INTEGRAL EN SEGURIDAD Y DESARROLLO EMPRESARIAL LTDA'),
('8090065755', 'INSTITUTO INTERNACIONAL DE SEGURIDAD INTEGRAL LIMITADA ISI LTDA.'),
('8100061763', 'INSTITUTO NACIONAL DE CAPACITACION EN SEGURIDAD INTEGRAL LIMITADA INDESEG LTDA'),
('8100068452', 'FORMANDO SEGURIDAD LTDA'),
('8300211325', 'ESCUELA COLOMBIANA DE SEGURIDAD PRIVADA ECOSEP LTDA'),
('8300380203', 'ACADEMIA NACIONAL DE SEGURIDAD PRIVADA LAS AMERICAS LTDA ANSA LTDA'),
('8300393700', 'ESCUELA COLOMBIANA DE CAPACITACION EN VIGILANCIA PRIVADA ECOLVIP LIMITADA'),
('8300589162', 'SCHOOL SECURITY LTDA'),
('8300594958', 'ESCORT SECURITY LTDA'),
('8300703391', 'ACADEMIA DE SEGURIDAD Y VIGILANCIA COGNOSEGURIDAD LTDA'),
('8300703470', 'ACADEMIA SUPERIOR DE VIGILANCIA Y SEGURIDAD PRIVADA EL CONDOR LTDA'),
('8300833785', 'ACADEMIA DE SEGURIDAD PRIVADA MARSHALS SERVICE LTDA'),
('8301012190', 'ACADEMIA COLOMBIANA DE PROFESIONALES EN SEGURIDAD LTDA'),
('8301073924', 'ACADEMIA DE FORMACION EN SEGURIDAD COLOMBO LATINA LTDA'),
('8301283282', 'SEGURED LTDA'),
('8320104907', 'ACADEMIA DE CAPACITACION EN SEGURIDAD Y VIGILANCIA ELITE LTDA'),
('8440009188', 'ESCUELA DE CAPACITACION PARA LA FORMACION DE VIGILANTES Y ESCOLTA ESCAVIG LTDA'),
('9000145891', 'CENTRO EDUCATIVO INTEGRAL EN SEGURIDAD LTDA'),
('9000172529', 'ACADEMIA NACIONAL DE ENTRENAMIENTO EN VIGILANCIA Y SEGURIDAD PRIVADA AESS LIMITADA'),
('9000235313', 'ACADEMIA DE CAPACITACION EN SEGURIDAD SANTACRUZ LTDA'),
('9000296358', 'CLAVE ANSP LTDA. ACADEMIA NACIONAL DE SEGURIDAD PRIVADA'),
('9000366332', 'CENTRO INTELIGENTE PARA LA VIGILANCIA Y LA SEGURIDAD PRIVADA CISEP LTDA'),
('9000542984', 'ACADEMIA NACIONAL DE VIGILANCIA Y SEGURIDAD PRIVADA LOS NOGALES LTDA'),
('9001757802', 'ESCUELA DE CAPACITACION EN VIGILANCIA Y SEGURIDAD PRIVADA RAMSES LTDA'),
('9002025368', 'CENTRO DE FORMACION EN VIGILANCIA Y SEGURIDAD PRIVADA CEFORVIG LIMITADA'),
('9002966351', 'INGESLINGAS SAS'),
('9003071865', 'ESCUELA DE CAPACITACION Y ENTRENAMIENTO LA CIENCIA DE LA SEGURIDAD LIMITADA'),
('9003345508', 'CENTRO DE ALTO RENDIMIENTO DE CAPACITACION EN SEGURIDAD PRIVADA LTDA'),
('9003365822', 'COLOMBIAN SECURITY ACADEMY LTDA'),
('9003763605', 'M & S CAPACITACIONES EN SEGURIDAD LTDA'),
('9004963237', 'SECURITY CENTER AAA LTDA'),
('9005108808', 'ACADEMIA DE SEGURIDAD PARA VIGILANTES ESCOLTAS Y SUPERVISORES A.S.V.E.S. LTDA');

-- --------------------------------------------------------

--
-- Estructura de tabla para la tabla `acreditacion`
--

CREATE TABLE `acreditacion` (
  `acreditacion_id` int(100) NOT NULL,
  `empleado_id` int(20) NOT NULL,
  `estado_acreditacion` varchar(45) NOT NULL,
  `fecha_acreditacion` date NOT NULL,
  `estado_radicado` varchar(20) NOT NULL,
  `fecha_radicado` date NOT NULL,
  `numero_radicado` int(20) NOT NULL
) ENGINE=InnoDB DEFAULT CHARSET=utf8;

--
-- Volcado de datos para la tabla `acreditacion`
--

INSERT INTO `acreditacion` (`acreditacion_id`, `empleado_id`, `estado_acreditacion`, `fecha_acreditacion`, `estado_radicado`, `fecha_radicado`, `numero_radicado`) VALUES
(1, 94310956, 'ACREDITADO', '2018-05-15', '', '0000-00-00', 0),
(2, 1093215267, 'ACREDITADO', '2018-05-15', '', '0000-00-00', 0),
(3, 9728928, 'ACREDITADO', '2018-05-18', '', '0000-00-00', 0),
(4, 1094882530, 'ACREDITADO', '2018-05-18', '', '0000-00-00', 0),
(5, 2680820, 'ACREDITADO', '2018-05-30', '', '0000-00-00', 0),
(6, 16226344, 'ACREDITADO', '2018-05-30', '', '0000-00-00', 0),
(7, 9727897, 'ACREDITADO', '2018-05-30', '', '0000-00-00', 0),
(8, 41912001, 'ACREDITADO', '2018-05-30', '', '0000-00-00', 0),
(9, 1059785331, 'ACREDITADO', '2018-05-30', '', '0000-00-00', 0),
(10, 1109293858, 'ACREDITADO', '2018-05-30', '', '0000-00-00', 0),
(11, 1088321795, 'ACREDITADO', '2018-05-30', '', '0000-00-00', 0),
(12, 14571153, 'ACREDITADO', '2018-05-30', '', '0000-00-00', 0),
(13, 31412768, 'ACREDITADO', '2018-05-30', '', '0000-00-00', 0),
(14, 10273868, 'ACREDITADO', '2018-05-30', '', '0000-00-00', 0),
(15, 75084858, 'ACREDITADO', '2018-05-30', '', '0000-00-00', 0),
(16, 2316358, 'ACREDITADO', '2018-05-30', '', '0000-00-00', 0),
(17, 75081513, 'ACREDITADO', '2018-05-30', '', '0000-00-00', 0),
(18, 10286362, 'ACREDITADO', '2018-05-30', '', '0000-00-00', 0),
(19, 9921457, 'ACREDITADO', '2018-05-30', '', '0000-00-00', 0),
(20, 18532107, 'ACREDITADO', '2018-05-30', '', '0000-00-00', 0),
(21, 15908017, 'ACREDITADO', '2018-05-30', '', '0000-00-00', 0),
(22, 93383597, 'ACREDITADO', '2018-05-30', '', '0000-00-00', 0),
(23, 75143474, 'ACREDITADO', '2018-05-30', '', '0000-00-00', 0),
(24, 1088292581, 'ACREDITADO', '2018-06-02', '', '0000-00-00', 0),
(25, 1112761152, 'ACREDITADO', '2018-06-21', '', '0000-00-00', 0),
(26, 9809507, 'ACREDITADO', '2018-07-13', '', '0000-00-00', 0),
(27, 1053791943, 'ACREDITADO', '2018-07-13', '', '0000-00-00', 0),
(28, 16232307, 'ACREDITADO', '2018-07-13', '', '0000-00-00', 0),
(29, 9957041, 'ACREDITADO', '2018-07-13', '', '0000-00-00', 0),
(30, 18398705, 'ACREDITADO', '2018-07-17', '', '0000-00-00', 0),
(31, 1094902525, 'ACREDITADO', '2018-07-17', '', '0000-00-00', 0),
(32, 1060646253, 'ACREDITADO', '2018-07-17', '', '0000-00-00', 0),
(33, 4578632, 'ACREDITADO', '2018-07-24', '', '0000-00-00', 0),
(34, 18492028, 'ACREDITADO', '2018-07-24', '', '0000-00-00', 0),
(35, 75144459, 'ACREDITADO', '2018-07-24', '', '0000-00-00', 0),
(36, 1054990354, 'ACREDITADO', '2018-07-28', '', '0000-00-00', 0),
(37, 1113533829, 'ACREDITADO', '2018-07-28', '', '0000-00-00', 0),
(38, 1088327284, 'ACREDITADO', '2018-07-28', '', '0000-00-00', 0),
(39, 1112769004, 'ACREDITADO', '2018-07-28', '', '0000-00-00', 0),
(40, 1096646154, 'ACREDITADO', '2018-08-01', '', '0000-00-00', 0),
(41, 1114092888, 'ACREDITADO', '2018-08-16', '', '0000-00-00', 0),
(42, 9697467, 'ACREDITADO', '2018-08-16', '', '0000-00-00', 0),
(43, 1094911267, 'ACREDITADO', '2018-09-28', '', '0000-00-00', 0),
(44, 1086278089, 'ACREDITADO', '2018-09-28', '', '0000-00-00', 0),
(45, 18606864, 'ACREDITADO', '2018-09-28', '', '0000-00-00', 0),
(46, 7959553, 'ACREDITADO', '2018-09-28', '', '0000-00-00', 0),
(47, 94533834, 'ACREDITADO', '2018-09-28', '', '0000-00-00', 0),
(48, 9697804, 'ACREDITADO', '2018-09-28', '', '0000-00-00', 0),
(49, 10128205, 'ACREDITADO', '2018-09-28', '', '0000-00-00', 0),
(50, 7549474, 'ACREDITADO', '2018-09-28', '', '0000-00-00', 0),
(51, 9862498, 'ACREDITADO', '2018-09-28', '', '0000-00-00', 0),
(52, 16055698, 'ACREDITADO', '2018-09-28', '', '0000-00-00', 0),
(53, 1088313813, 'ACREDITADO', '2018-09-28', '', '0000-00-00', 0),
(54, 1116437684, 'ACREDITADO', '2018-09-28', '', '0000-00-00', 0),
(55, 1054916493, 'ACREDITADO', '2018-09-28', '', '0000-00-00', 0),
(56, 42159210, 'ACREDITADO', '2018-09-28', '', '0000-00-00', 0),
(57, 24398541, 'ACREDITADO', '2018-09-28', '', '0000-00-00', 0),
(58, 1088245901, 'ACREDITADO', '2018-09-28', '', '0000-00-00', 0),
(59, 83241316, 'ACREDITADO', '2018-09-28', '', '0000-00-00', 0),
(60, 10008438, 'ACREDITADO', '2018-09-28', '', '0000-00-00', 0),
(61, 1057757266, 'ACREDITADO', '2018-09-28', '', '0000-00-00', 0),
(62, 1088021467, 'ACREDITADO', '2018-09-28', '', '0000-00-00', 0),
(63, 1088003280, 'ACREDITADO', '2018-09-28', '', '0000-00-00', 0),
(64, 1088002131, 'ACREDITADO', '2018-09-28', '', '0000-00-00', 0),
(65, 18402946, 'ACREDITADO', '2018-10-05', '', '0000-00-00', 0),
(66, 14571892, 'ACREDITADO', '2018-10-24', '', '0000-00-00', 0),
(67, 75101610, 'ACREDITADO', '2018-11-02', '', '0000-00-00', 0),
(68, 1089746531, 'ACREDITADO', '2018-11-15', '', '0000-00-00', 0),
(69, 29435277, 'ACREDITADO', '2018-12-11', '', '0000-00-00', 0),
(70, 1112780067, 'ACREDITADO', '2018-12-11', '', '0000-00-00', 0),
(71, 1088273174, 'ACREDITADO', '2018-12-11', '', '0000-00-00', 0),
(72, 4372275, 'ACREDITADO', '2018-12-21', '', '0000-00-00', 0),
(73, 75146518, 'ACREDITADO', '2018-12-21', '', '0000-00-00', 0),
(74, 1090336662, 'ACREDITADO', '2018-12-21', '', '0000-00-00', 0),
(75, 10008724, 'ACREDITADO', '2019-01-18', '', '0000-00-00', 0),
(76, 10013075, 'ACREDITADO', '2019-01-18', '', '0000-00-00', 0),
(77, 42144878, 'ACREDITADO', '2019-01-18', '', '0000-00-00', 0),
(78, 1112785487, 'ACREDITADO', '2019-01-18', '', '0000-00-00', 0),
(79, 1112763778, 'ACREDITADO', '2019-01-24', '', '0000-00-00', 0),
(80, 15956575, 'ACREDITADO', '2019-02-02', '', '0000-00-00', 0),
(81, 4391851, 'ACREDITADO', '2019-02-02', '', '0000-00-00', 0),
(82, 75079795, 'ACREDITADO', '2019-02-02', '', '0000-00-00', 0),
(83, 9726942, 'ACREDITADO', '2019-02-02', '', '0000-00-00', 0),
(84, 89004457, 'ACREDITADO', '2019-02-02', '', '0000-00-00', 0),
(85, 18596498, 'ACREDITADO', '2019-02-02', '', '0000-00-00', 0),
(86, 9735423, 'ACREDITADO', '2019-02-02', '', '0000-00-00', 0),
(87, 16627207, 'ACREDITADO', '2019-02-02', '', '0000-00-00', 0),
(88, 10127786, 'ACREDITADO', '2019-02-02', '', '0000-00-00', 0),
(89, 18598051, 'ACREDITADO', '2019-02-02', '', '0000-00-00', 0),
(90, 4512715, 'ACREDITADO', '2019-02-02', '', '0000-00-00', 0),
(91, 75033492, 'ACREDITADO', '2019-02-02', '', '0000-00-00', 0),
(92, 1116726252, 'ACREDITADO', '2019-02-02', '', '0000-00-00', 0),
(93, 1088238927, 'ACREDITADO', '2019-02-02', '', '0000-00-00', 0),
(94, 13993559, 'ACREDITADO', '2019-02-02', '', '0000-00-00', 0),
(95, 75050002, 'ACREDITADO', '2019-02-02', '', '0000-00-00', 0),
(96, 94288775, 'ACREDITADO', '2019-02-02', '', '0000-00-00', 0),
(97, 1104675026, 'ACREDITADO', '2019-02-02', '', '0000-00-00', 0),
(98, 9867331, 'ACREDITADO', '2019-02-02', '', '0000-00-00', 0),
(99, 24335922, 'ACREDITADO', '2019-02-02', '', '0000-00-00', 0),
(100, 1096645342, 'ACREDITADO', '2019-02-02', '', '0000-00-00', 0),
(101, 1114399115, 'ACREDITADO', '2019-02-02', '', '0000-00-00', 0),
(102, 1225090556, 'ACREDITADO', '2019-02-02', '', '0000-00-00', 0),
(103, 1086136367, 'ACREDITADO', '2019-02-02', '', '0000-00-00', 0),
(104, 1004699846, 'ACREDITADO', '2019-02-02', '', '0000-00-00', 0),
(105, 42155186, 'ACREDITADO', '2019-02-02', '', '0000-00-00', 0),
(106, 1054921787, 'ACREDITADO', '2019-02-02', '', '0000-00-00', 0),
(107, 79875267, 'ACREDITADO', '2019-02-02', '', '0000-00-00', 0),
(108, 1017176282, 'ACREDITADO', '2019-02-02', '', '0000-00-00', 0),
(109, 10024793, 'ACREDITADO', '2019-02-16', '', '0000-00-00', 0),
(110, 10051872, 'ACREDITADO', '2019-02-16', '', '0000-00-00', 0),
(111, 1112620937, 'ACREDITADO', '2019-02-19', '', '0000-00-00', 0),
(112, 1090333214, 'ACREDITADO', '2019-02-26', '', '0000-00-00', 0),
(113, 1098308090, 'ACREDITADO', '2019-03-15', '', '0000-00-00', 0),
(114, 1087994186, 'ACREDITADO', '2019-03-15', '', '0000-00-00', 0),
(115, 9992812, 'ACREDITADO', '2019-04-02', '', '0000-00-00', 0),
(116, 15959842, 'ACREDITADO', '2019-04-02', '', '0000-00-00', 0),
(117, 18403227, 'ACREDITADO', '2019-04-02', '', '0000-00-00', 0),
(118, 1088248409, 'ACREDITADO', '2019-04-06', '', '0000-00-00', 0),
(119, 30360511, 'ACREDITADO', '2019-04-06', '', '0000-00-00', 0),
(120, 1097729714, 'ACREDITADO', '2019-04-06', '', '0000-00-00', 0),
(121, 1113779033, 'ACREDITADO', '2019-04-06', '', '0000-00-00', 0),
(122, 1112770431, 'ACREDITADO', '2019-04-06', '', '0000-00-00', 0),
(123, 16485243, 'ACREDITADO', '2019-04-24', '', '0000-00-00', 0),
(124, 1061624208, 'ACREDITADO', '1900-01-00', '', '0000-00-00', 0),
(125, 1053791075, 'ACREDITADO', '1900-01-00', '', '0000-00-00', 0),
(126, 1053820716, 'ACREDITADO', '1900-01-00', '', '0000-00-00', 0),
(127, 1053843554, 'ACREDITADO', '1900-01-00', '', '0000-00-00', 0),
(128, 1053851139, 'ACREDITADO', '1900-01-00', '', '0000-00-00', 0),
(129, 75088561, 'ACREDITADO', '1900-01-00', '', '0000-00-00', 0),
(130, 6391245, 'ACREDITADO', '1900-01-00', '', '0000-00-00', 0),
(131, 1059811622, 'ACREDITADO', '1900-01-00', '', '0000-00-00', 0),
(132, 1088256244, 'ACREDITADO', '2018-04-30', '0', '1970-01-01', 0),
(133, 1053769960, 'EN PROCESO', '2018-05-10', 'ACREDITADO', '2018-05-14', 0),
(134, 1121199035, 'EN PROCESO', '0000-00-00', 'ACREDITADO', '2018-05-18', 1011462);

-- --------------------------------------------------------

--
-- Estructura de tabla para la tabla `cargo`
--

CREATE TABLE `cargo` (
  `id_cargo` int(50) NOT NULL,
  `descripcion` varchar(50) NOT NULL,
  `salario` int(50) NOT NULL
) ENGINE=InnoDB DEFAULT CHARSET=utf8;

--
-- Volcado de datos para la tabla `cargo`
--

INSERT INTO `cargo` (`id_cargo`, `descripcion`, `salario`) VALUES
(1000, 'VIGILANTE', 737717),
(1003, 'MANEJADOR CANINO', 737717),
(1004, 'OPERADOR DE MEDIOS TECNOLÓGICOS         ', 737717),
(1005, 'ESCOLTA                                 ', 2285800),
(1006, 'MENSAJERO                               ', 737717),
(1007, 'RECEPCIONISTA                           ', 1338275),
(1010, 'VIGILANTE CONDUCTOR                     ', 773645),
(1011, 'VIGILANTE MOTORIZADO                    ', 737717),
(1013, 'AUXILIAR CONTABLE                       ', 800000),
(1014, 'AUXILIAR DE TECNOLOGÍA                  ', 911700),
(1015, 'AUXILIAR ADMINISTRATIVO', 762600),
(1016, 'ASISTENTE DE GERENCIA                   ', 1958225),
(1019, 'AGENTE DE CONTROL TIEMPO COMPLETO', 1326636),
(1020, 'AGENTE DE CONTROL MEDIO TIEMPO          ', 663319),
(1021, 'OFICIOS VARIOS', 737717),
(1022, 'AUXILIAR DE CREDITOS                    ', 1002500),
(1024, 'AUXILIAR LOGISTICO                      ', 737717),
(1026, 'VIGILANTE RECEPCIONISTA                 ', 737717),
(1027, 'VIGILANTE AGENTE DE SALAS               ', 737717),
(1029, 'SERVICIOS GENERALES                     ', 368858),
(1030, 'APRENDIZ ETAPA PRODUCTIVA               ', 566700),
(1031, 'AGENTE DE CONTROL ADMINISTRATIVO        ', 1958226),
(1034, 'CONDUCTOR ESCOLTA                       ', 1475434),
(1037, 'CONDUCTOR HY-RAIL                       ', 773645),
(1038, 'CONDUCTOR TANQUERO                      ', 1373638),
(1039, 'ASISTENTE DE SEGURIDAD INDUSTRIAL       ', 1538683),
(1040, 'AUXILIAR  DE SERVICIOS GRALES           ', 368900),
(1041, 'ASISTENTE ADMINISTRATIVO                ', 800000),
(1044, 'OPERADOR DE SEGURIDAD                   ', 1200000),
(1045, 'OPERADOR LOGISTICO', 737717),
(1046, 'MANEJADOR CANINO (E)                    ', 737717),
(1047, 'OPERADOR MEDIOS TECNOLOGICOS(E)         ', 737717),
(1048, 'VIGILANTE GUIA CANINO                   ', 737717),
(1049, 'MECANICO                                ', 773645),
(1050, 'RADIO OPERADOR                          ', 737717),
(1056, 'VIGILANTE RADIO OPERADOR                ', 737717),
(1057, 'TECNICO DE SEG ELECTRONICA              ', 1284001),
(1059, 'TECNICO GPS', 737717),
(1060, 'VIGILANTE RESIDENTE                     ', 737717),
(1062, 'TECNICO 2                               ', 912000),
(1063, 'TECNICO 3                               ', 1373880),
(1064, 'CONDUCTOR                               ', 1230500),
(1068, 'CONDUCTOR ADMINISTRATIVO', 1475434),
(1070, 'AGENTE DE CONTROL', 737717),
(1400, 'SUPERVISOR                              ', 737717),
(1401, 'COORDINADOR DE OPERACIONES              ', 1157600),
(1402, 'INSTRUCTOR CANINO                       ', 1269000),
(1403, 'JEFE DE SALUD OCUPACIONAL               ', 2353600),
(1404, 'COORDINADOR ADMINISTRATIVO              ', 1475434),
(1405, 'SUPERVISOR CONDUCTOR', 2065607),
(1407, 'COORDINADOR DE NÓMINA                   ', 1357800),
(1409, 'SUPERVISOR DE ZONA (MOTORIZADO)         ', 737717),
(1410, 'SUPERVISOR DE INTENDENCIA               ', 840100),
(1412, 'JEFE DEPARTAMENTO CAPACITACIÓN          ', 2226400),
(1413, 'JEFE DEPARTAMENTO DISCIPLINA            ', 1995600),
(1416, 'JEFE DE OPERACIONES                     ', 3113740),
(1417, 'JEFE DE SERVICIOS GENERALES', 1584100),
(1418, 'JEFE ADMINISTRATIVO                     ', 2200000),
(1419, 'JEFE DE SEGURIDAD INFORMÁTICA           ', 1898500),
(1420, 'JEFE DE CARTERA                         ', 1131500),
(1421, 'JEFE DE RECURSOS LOGÍSTICOS             ', 3348400),
(1424, 'COORDINADOR DE CENTRAL DE MONITOREO     ', 737717),
(1426, 'COORDINADOR DE ESCOLTAS                 ', 954314),
(1427, 'ANALISTA DISCIPLINA E INVESTIGACIONES   ', 1093600),
(1428, 'ANALISTA DE INVESTIGACIONES             ', 1414400),
(1429, 'ANALISTA LICITACIONES                   ', 1489000),
(1432, 'ANALISTA CREDITO Y CARTERA              ', 1002500),
(1433, 'ANALISTA DE TESORERIA                   ', 1267600),
(1434, 'ANALISTA CONTABLE                       ', 1307400),
(1435, 'ANALISTA FACTURACIÓN                    ', 1212000),
(1436, 'ANALISTA DE SEGURIDAD                   ', 737717),
(1437, 'ANALISTA ADMINISTRATIVO', 881800),
(1438, 'INSPECTOR DE CALIDAD                    ', 737717),
(1439, 'COORDINADOR DE SISTEMAS                 ', 2400000),
(1442, 'COORDINADOR TESORERÍA                   ', 3205700),
(1443, 'COORDINADOR DE CALIDAD                  ', 1586300),
(1444, 'COORDINADOR DE LICITACIONES             ', 2367200),
(1445, 'COORDINADOR DE BIENESTAR                ', 1183600),
(1446, 'COORDINADOR DE PROGRAMACIÓN             ', 1331800),
(1447, 'PROFESIONAL DE AUDITORIA                ', 3353300),
(1448, 'AUDITOR INTERNO                         ', 4280000),
(1450, 'PROFESIONAL HSE', 1488370),
(1451, 'ANALISTA ADMINISTRATIVO (Nómina)', 1200000),
(1452, 'ABOGADO                                 ', 3005400),
(1454, 'LIDER DE CONTROL                        ', 2074095),
(1457, 'JEFE DE SEGURIDAD INDUSTRIAL            ', 2462339),
(1462, 'INSTRUCTOR D.C.R.C                      ', 2074324),
(1463, 'INGENIERO DE SOPORTE                    ', 4319281),
(1464, 'SUPERVISOR CONTROL LOGISTICO            ', 737717),
(1465, 'INSPECTOR DE SEGURIDAD                  ', 2065607),
(1468, 'INSTRUCTOR                              ', 2544100),
(1471, 'COORDINADOR OPERATIVO (E)               ', 1538683),
(1473, 'COORDINADOR DE CUMPLIMIENTO ESTANDARES  ', 1560273),
(1476, 'COORDINADOR LOGISTICO', 1475434),
(1478, 'JEFE DE PUESTO                          ', 1103123),
(1479, 'REVISOR FISCAL                          ', 3700060),
(1480, 'SUPERVISOR MNTO VEHICULOS               ', 737717),
(1481, 'SUPERVISOR MOTORIZADO €', 818080),
(1482, 'SUPERVISOR (E)                          ', 737717),
(1483, 'INSPECTOR DE SEGURIDAD OCENSA           ', 1475434),
(1484, 'LABORES DE SEGURIDAD ENCARGADO €', 737717),
(1486, 'COORDINADOR DE POLIGRAFIA               ', 2722200),
(1487, 'LABORES DE SEGURIDAD                    ', 737717),
(1488, 'ANALISTA DE SISTEMAS                    ', 1584100),
(1491, 'ADMR. SISTEMAS DE SEG. ELECTRONICA      ', 4793206),
(1493, 'ANALISTA DE CARTERA                     ', 0),
(1494, 'COORDINADOR TECNICO                     ', 1160000),
(1495, 'INSPECTOR HSE                           ', 1343000),
(1496, 'INVESTIGADOR                            ', 1200000),
(1499, 'LABORES DE SEGURIDAD CONDUCTOR          ', 737717),
(1500, 'PROFESIONAL ADMINISTRATIVO              ', 2754405),
(1501, 'JEFE CONTROL DE RIESGOS', 2115000),
(1502, 'SUPERVISOR MOTORIZADO', 818080),
(1505, 'AUDITOR AQD', 4031449),
(1507, 'INSPECTOR DE CALIDAD SENIOR', 954000),
(1508, 'INSPECTOR DE CALIDAD JUNIOR', 954000),
(1510, 'COORDINADOR DE SELECCION', 1831000),
(1511, 'PSICOLOGO JUNIOR', 923200),
(1512, 'COORDINADOR DE INVESTIGACIONES', 1800000),
(1513, 'COORDINADOR DE ACCESOS', 773645),
(1514, 'ANALISTA JURIDICO', 1015200),
(1515, 'ANALISTA DE CALIDAD Y CAPACITACION', 854000),
(1518, 'JEFE HSE', 2749500),
(1800, 'DIRECTOR DE PROYECTOS                   ', 2603900),
(1801, 'GERENTE DE SUCURSAL                     ', 2500000),
(1802, 'DIRECTOR DE SUCURSAL                    ', 2187200),
(1803, 'DIRECTOR DE GESTIÓN HUMANA              ', 3509300),
(1804, 'GERENTE DE LOGÍSTICA', 6420000),
(1805, 'GERENTE GENERAL                         ', 10222500),
(1806, 'GERENTE COMERCIAL Y DE SERVICIO         ', 5350000),
(1808, 'GERENTE DE TECNOLOGIA                   ', 7079000),
(1810, 'GERENTE ADMINISTRATIVO Y FINANCIERO', 10257800),
(1811, 'DIRECTOR DE COMPRAS                     ', 2434700),
(1813, 'DIRECTOR DE OPERACIONES                 ', 2500000),
(1815, 'DIRECTOR DE SISTEMAS                    ', 3550800),
(1817, 'DIRECTOR JURIDICO COMERCIAL             ', 2749500),
(1818, 'DIRECTOR OFICINA JURIDICA               ', 3807000),
(1820, 'DIRECTOR DE PROYECTOS (E)               ', 2407400),
(1824, 'DIRECTOR DE RIESGOS', 3734000),
(1826, 'DIRECTOR FINANCIERO Y CONTABLE', 4280000),
(1828, 'GERENTE DE TALENTO HUMANO', 5724500),
(1830, 'GERENTE JUNIOR AVSEC', 4000000);

-- --------------------------------------------------------

--
-- Estructura de tabla para la tabla `cliente`
--

CREATE TABLE `cliente` (
  `id_cliente` int(50) NOT NULL,
  `nombre_cliente` varchar(100) NOT NULL
) ENGINE=InnoDB DEFAULT CHARSET=utf8;

--
-- Volcado de datos para la tabla `cliente`
--

INSERT INTO `cliente` (`id_cliente`, `nombre_cliente`) VALUES
(3759, 'BANCO DE LA REPUBLICA'),
(3773, 'AEROVIAS DEL CONTINENTE AMERICANO S A  AVIANCA'),
(3800, 'BAVARIA S A '),
(3833, 'VISE LTDA'),
(3871, 'BBVA COLOMBIA'),
(3884, 'SEGUROS BOLIVAR S A '),
(3892, 'SEGUROS COMERCIALES BOLIVAR S A '),
(3896, 'OLEODUCTO CENTRAL S A '),
(3900, 'BANCO COMPARTIR'),
(3925, 'LEWIS ENERGY COLOMBIA'),
(3934, 'TRANSPORTES TEV S A'),
(3938, 'EXXON MOBIL DE COLOMBIA S A'),
(3943, 'HOLCIM COLOMBIA S A'),
(3947, 'COMUNICACIÓN CELULAR S A  - COMCEL S A '),
(3966, 'EXXONMOBIL EXPLORATION COLOMBIA LIMITED'),
(3971, 'NUEVA EPS'),
(3991, 'PROMIORIENTE S A E S P'),
(3998, 'AUTOGERMANA SA'),
(4002, 'CONSORCIO CONECTIVIDAD VIAL SAN GIL'),
(4012, 'PATRIMONIOS AUTONOMOS ADMINISTRATIVOS POR LA SOC FIDUCIARIA DAVIVIENDA'),
(4027, 'FISCALIA GENERAL DE LA NACION SECCIONAL SANTANDER'),
(4395, 'COLEGIO DE LA CIA DE MARIA LA ENSEÑANZA'),
(4402, 'COMBARRANQUILLA S A '),
(4413, 'JARDIN INFANTIL CARITAS ALEGRES'),
(4417, 'BANCO POPULAR'),
(4422, 'COLFONDOS S A '),
(4427, 'TAMPA CARGO S A S'),
(4472, 'SUZUKI MOTOR DE COLOMBIA S A'),
(4481, 'YARA COLOMBIA S A '),
(4491, 'CARS  S A S '),
(4557, 'SOCIEDAD PORTUARIA BAVARIA S A '),
(4561, 'MALTERIA TROPICAL S A '),
(4628, 'SURTIDORA DE GAS DEL CARIBE S A '),
(4801, 'CERVECERIA UNION'),
(4884, 'PROMIGAS S A E S P'),
(4909, 'PROMISOL S A S '),
(5006, 'CENTRAL DE INVERSIONES S A '),
(5070, 'E PAGO DE COLOMBIA S A '),
(5089, 'TROPITIENDAS S A S '),
(5155, 'CSS CONSTRUCTORES S.A'),
(5256, 'CAJA COLOMBIANA DE SUBSIDIO FAMILIAR COLSUBSIDIO'),
(5306, 'AGROAVICOLA SAN MARINO S A '),
(5310, 'PRIMEVALUESSERVICE S A '),
(5318, 'MASSY ENERGY COLOMBIA S A S'),
(5343, 'CORPORACION UNIVERSITARIA PILOTO DE COLOMBIA'),
(5364, 'ZULUAGA & SOTO S A S'),
(5388, 'CENCOSUD COLOMBIA S A '),
(5410, 'TOUR VACATION HOTELES AZUL SAS'),
(5416, 'COMPAÑIA ENERGETICA DEL TOLIMA EMPRESA SERVICIOS PUBLICOS'),
(5536, 'EMGESA SA ESP'),
(5563, 'CONSTRUCTORA LHS S A S'),
(5567, 'ALIADAS PARA EL PROGRESO S A S'),
(5628, 'ROJAS HERMANOS S A S'),
(5670, 'J E JAIMES INGENIEROS S A'),
(5815, 'UNIVERSIDAD DE LA SALLE'),
(5884, 'COMPAÑÍA ELÉCTRICA DE SOCHAGOTA  S A  E S P  - C E S'),
(6041, 'TECNODIESEL S A S'),
(6045, 'CENTRO MEDICO DE CALI'),
(6051, 'IMPRESORA DEL SUR-IMPRESUR'),
(6064, 'CERVECERIA DEL VALLE S A'),
(6080, 'EMPRESA PUBLICA TAME LINEA AEREA DEL ECUADOR TAME EP SUCURSAL COLOMBIA'),
(6085, 'AEROREPUBLICA S A'),
(6089, 'ASOBANCARIA'),
(6153, 'FIDUCIARIA  POPULAR S A'),
(6183, 'TRANS AMERICA AIR LINES S A SUCURSAL COLOMBIA'),
(6187, 'AEROLINEAS GALAPAGOS S A  AEROGAL SUCURSAL COLOMBIANA'),
(6200, 'CASS CONSTRUCTORES S A S'),
(6297, 'VALDERRAMA BUSTAMANTE MARIA DEL PILAR'),
(6301, 'LINEAS AEREAS SURAMERICANAS SAS'),
(6376, 'INDUSTRIA GRAFICA LATINOAMERICANA S A'),
(6380, 'GASES DE OCCIDENTE S A  E S P '),
(6422, 'ORION CONTACT CENTER S A S'),
(6426, 'FUNDACION SOLREIR SOLIDARIDAD, AMOR Y SERVICIO'),
(6590, 'UNIVERSIDAD NACIONAL DE COLOMBIA'),
(6718, 'ALIANZA FIDUCIARIA S A FIDEICOMISOS'),
(6727, 'COOCERVUNION LTDA'),
(6795, 'SEDIAL'),
(6799, 'OLEODUCTO COLOMBIA S A  -  ODC'),
(6834, 'TACA INTERNATIONAL AIRLINES S A  SUCURSAL COLOMBIA'),
(6854, 'GENERADORA UNION S A S'),
(6885, 'FIDEICOMISO - FIDUCIARIA CENTRAL'),
(6892, 'TRANSPORTADORA DE METANO E S P S A'),
(6911, 'UNIVERSIDAD DE ANTIOQUIA'),
(7126, 'AUTOKOREANA S A S'),
(7133, 'AUTOMAS COMERCIAL LTDA'),
(7163, 'CARACOL TELEVISION S A '),
(8038, 'INMACULADA GUADALUPE Y AMIGOS CIA S A'),
(8116, 'JORGE BARON TELEVISION LTDA'),
(8120, 'HOBART ANDINA S A S '),
(8124, 'CENTRO DE ALTA TECNOLOGIA'),
(8138, 'SCANDINAVIA PHARMA LTDA'),
(8142, 'HELICOPTEROS NACIONALES DE COLOMBIA S A S '),
(8149, 'FISERV COLOMBIA LIMITADA'),
(8154, 'CONINSA  RAMON H  S A'),
(8159, 'CONALVIAS S A '),
(8177, 'CAJA DE COMPENSACION FAMILIAR \"COMPENSAR\"'),
(8182, 'SERVIENTREGA S A '),
(8205, 'CLUB CAMPESTRE LA SABANA'),
(8210, 'GRUPO LATINO DE PUBLICIDAD COLOMBIA S A S'),
(8227, 'TORRE COLFONDOS'),
(8239, 'SUPERINTENDENCIA DE LA ECONOMIA SOLIDARIA'),
(8249, 'MATERIALES ELECTRICOS Y MECANICOS SAS'),
(8356, 'PATRIMONIO AUTONOMO DE REMANENTES - PAR'),
(8425, 'INVERSIONES LA OPERA S A '),
(8429, 'FINCOMERCIO'),
(8436, 'LABORATORIOS PRONABELL'),
(8450, 'BANCO PROCREDIT COLOMBIA S A'),
(8496, 'CONGREGACION DE LOS HERMANOS DE LAS ESCUELAS CRISTIANAS'),
(8500, 'DR  JAIME LOMBANA VILLALBA'),
(8508, 'BLUE TOWER PROPIEDAD HORIZONTAL'),
(8515, 'AGROCAMPO S A S '),
(8525, 'EDIFICIO 82 PROPIEDAD HORIZONTAL'),
(8529, 'FUNDACIÓN COLEGIO CELIA DUQUE JARAMILLO'),
(8537, 'SERVICIO DE AVIANCION ALLIED BOGOTA S A S'),
(8541, 'BMC BOLSA MERCANTIL DE COLOMBIA S A'),
(8545, 'FIDEICOMISO OPAIN S A  AEROPUERTO EL DORADO'),
(8956, 'EDIFICIO NICOLA'),
(8965, 'CASS CONSTRUCTORES S A S'),
(8976, 'INMONOVA S A S'),
(8984, 'RETAIL LATAM S A S'),
(8988, 'INVERSIONES ARMANDO FUENTES S A S'),
(9000, 'IN THE HOOD S A S'),
(9012, 'EVENTOS ARMANDO RECORDS SAS'),
(9024, 'SCHNEIDER ELECTRIC DE COLOMBIA S  A'),
(9078, 'DEXSON ELECTRIC S A S'),
(9199, 'CDA AUTOMAS LTDA'),
(9204, 'RENOVADORA DE LLANTAS S A RENOBOY S A'),
(9208, 'ALLIED AVIATION COLOMBIANA S A S'),
(9212, 'INDRA  PROYECTO ICBF'),
(9216, 'ARMANDO PIZZA Y POLA S A S'),
(9223, 'FIDEICOMISOS BBVA ASSET MANAGEMENT S A SOCIEDAD FIDUCIARIA'),
(9227, 'DEAS LTDA'),
(9232, 'EMISORA PUNTO CINCO LTDA'),
(9236, 'COMPAÑIA COMERCIAL SAN JORGE SAS'),
(9240, 'SOLARTE NACIONAL DE CONSTRUCCIONES S A S'),
(9244, 'MULTIPARQUE CREATIVO S A'),
(9258, 'DESARROLLADORA CC FONTANAR SAS'),
(9308, 'BARDOT S A'),
(9312, 'AVIATECA SOCIEDAD ANONIMA SUCURSAL COLOMBIA'),
(9348, 'PERENCO COLOMBIA LIMITED'),
(9354, 'PEYCOMM SAS'),
(9358, 'CONSORCIO INTERVIAS SC 3'),
(9362, 'PATRIMONIOS AUTONOMOS CREDICORP CAPITAL FIDUCIARIA SA'),
(9366, 'HLF COLOMBIA LTDA'),
(9373, 'CODENSA SA ESP'),
(9384, 'ALMUNDO COM SAS'),
(9388, 'CONSTRUCTORES Y DISEÑOS MAGER SAS'),
(9393, 'EDIFICIO GUADALUPE PROPIEDAD HORIZONTAL'),
(9401, 'CONSORCIO BCL CONSTRUCCIONES'),
(9406, 'AUTOMOVILES EXCLUSIVOS S A S'),
(9410, 'RGS EXPANCION GROUP BTL COLOMBIA LTDA'),
(9414, 'ALTURIA SAS'),
(9419, 'AEROVIAS DE INTEGRACION REGIONAL SA'),
(9428, 'COMPAÑIA PANAMEÑA DE AVIACION S A '),
(9432, 'AUTOCOLOMBIA S A S'),
(9443, 'GRUPO ALMA SOLUCIONES INTEGRALES'),
(9450, 'COOPORACION DE EDUACION TECNOLOGICA COLSUBSIDIO'),
(9454, 'COLITALIA TALLERES SAS'),
(9458, 'TODO EN CONSTRUCCIONES CIVILES S A S'),
(9462, 'HITOS URBANOS S A'),
(9466, 'MINCIVIL S A'),
(9477, 'DORFAN S A S'),
(9481, 'ABECOL DEMOLICIONES Y CONSTRUCCIONES SAS'),
(9485, 'UNION TEMPORAL AVENIDA EL RINCON'),
(9491, 'LOGICOM DE COLOMBIA S A S'),
(9496, 'ORTIZO SOCIEDAD ANOMINA'),
(9531, 'FUNDACION PROTECCION DE LA JOVEN AMPARO DE NIÑAS'),
(9587, 'CARBONES DEL CERREJON LIMITED'),
(9713, 'FUNDACION CERREJON GUAJIRA INDIGENA'),
(10331, 'AGENCIA NACIONAL DE MINERIA'),
(10332, 'FINAGRO'),
(10333, 'INVERSIONES URBANAS Y RURALES S A  \"INURBALES\"'),
(10378, 'ORGANIZACION TERPEL S.A'),
(10380, 'CORPORACION DE FERIAS Y EXPOSICIONES SA USUARIO OPERADOR DE ZONA FRANCA'),
(10381, 'COMUNICACIONES Y NEGOCIOS SA'),
(10383, 'CORFERIAS'),
(10384, 'PATRIMONIOS AUTONOMOS FIDUCIARIA BOGOTA S A'),
(10385, 'CENTRO COMERCIAL CENTRO MAYOR'),
(10388, 'TODELAR'),
(10389, 'CENTRO OFTALMOLOGICO DEL LLANO S A '),
(10390, 'PUERTO BUENAVISTA SA'),
(10391, 'FISCALIA GENERAL DE LA NACION'),
(10392, 'CCF CAJASAN'),
(10399, 'CONSORCIO ALIADAS PARA EL PROGRESO'),
(10401, 'VETRA S A S '),
(10403, 'ECOPETROL 3008170 VICHADA - META'),
(10422, 'SU TALLER BARRANQUILLA S A S'),
(10423, 'CENTRAL DE INVERSIONES S A - BTA'),
(10424, 'SOCIEDAD PORTUARIA EL CAYAO S A E S P'),
(10425, 'COMPAÑIA ENERGETICA DE OCCIDENTE S A E S P');

-- --------------------------------------------------------

--
-- Estructura de tabla para la tabla `contrato`
--

CREATE TABLE `contrato` (
  `id_contrato` int(100) NOT NULL,
  `fecha_ingreso` date NOT NULL,
  `fecha_vencimiento` date NOT NULL,
  `prorrogas` int(20) NOT NULL,
  `empleado_id` int(20) NOT NULL,
  `tipo_contrato_id` int(20) NOT NULL,
  `cargo_id` int(50) NOT NULL
) ENGINE=InnoDB DEFAULT CHARSET=utf8;

--
-- Volcado de datos para la tabla `contrato`
--

INSERT INTO `contrato` (`id_contrato`, `fecha_ingreso`, `fecha_vencimiento`, `prorrogas`, `empleado_id`, `tipo_contrato_id`, `cargo_id`) VALUES
(1, '2017-04-29', '2018-04-28', 3, 94310956, 22, 1000),
(2, '2018-03-19', '2018-09-18', 3, 94533834, 22, 1000),
(3, '2018-03-07', '2018-09-06', 2, 89004457, 22, 1000),
(4, '2017-05-24', '2018-05-23', 2, 1053791943, 22, 1000),
(5, '2017-10-11', '2018-06-10', 2, 1060646253, 22, 1000),
(6, '2018-02-14', '2018-08-13', 3, 1086278089, 22, 1000),
(7, '2018-04-09', '2018-10-08', 2, 1088248409, 22, 1000),
(8, '2017-08-12', '2018-08-11', 2, 1088313813, 22, 1000),
(9, '2018-02-12', '2018-08-11', 2, 1094911267, 22, 1000),
(10, '2017-10-27', '2018-06-26', 1, 1096646154, 22, 1000),
(11, '2018-03-07', '2018-09-06', 2, 1109293858, 22, 1000),
(12, '2017-06-11', '2018-06-10', 3, 1114092888, 22, 1000),
(13, '2017-11-01', '2018-04-30', 4, 1116726252, 22, 1000),
(14, '2017-06-27', '2018-06-26', 2, 75033492, 22, 1000),
(15, '2017-01-13', '2018-05-12', 3, 75050002, 22, 1000),
(16, '2017-05-16', '2018-05-15', 2, 16055698, 22, 1000),
(17, '1998-01-06', '1900-01-00', 1, 18596498, 3, 1000),
(18, '2017-09-20', '2018-09-19', 2, 4512715, 22, 1000),
(19, '1997-04-14', '1900-01-00', 2, 4578632, 3, 1000),
(20, '2003-04-03', '2999-12-31', 1, 7959553, 3, 1000),
(21, '2017-11-13', '2018-05-12', 2, 9697467, 22, 1000),
(22, '2017-11-24', '2018-05-23', 2, 9727897, 22, 1000),
(23, '2017-10-03', '2018-04-02', 4, 9735423, 22, 1000),
(24, '2018-01-09', '2018-07-08', 3, 9809507, 22, 1000),
(25, '2018-03-07', '2018-09-06', 1, 9957041, 20, 1000),
(26, '1996-11-16', '1900-01-00', 2, 18606864, 1, 1000),
(27, '2018-04-10', '2018-10-09', 2, 18398705, 20, 1000),
(28, '2018-04-01', '2018-09-30', 4, 31412768, 20, 1000),
(29, '2018-01-14', '2018-07-13', 2, 1093215267, 20, 1000),
(30, '2018-01-07', '2018-07-06', 3, 1094882530, 20, 1000),
(31, '2018-03-20', '2018-09-19', 2, 1094902525, 20, 1000),
(32, '2018-02-28', '2018-08-31', 2, 18492028, 40, 1000),
(33, '1996-11-16', '1900-01-00', 1, 16627207, 1, 1000),
(34, '1997-05-03', '1900-01-00', 1, 15956575, 1, 1000),
(35, '1996-11-16', '0000-00-00', 0, 10128205, 1, 1003),
(36, '2017-08-01', '2018-07-31', 1, 9726942, 40, 1000),
(37, '2012-12-28', '2018-12-31', 4, 7549474, 40, 1000),
(38, '2017-09-01', '2018-07-31', 2, 10127786, 40, 1000),
(39, '2018-04-06', '2018-10-05', 4, 14571153, 20, 1000),
(40, '2018-02-13', '2018-08-12', 1, 16226344, 20, 1000),
(41, '2017-11-11', '2018-05-10', 3, 13993559, 60, 1000),
(42, '2017-03-08', '2018-07-07', 3, 15959842, 40, 1000),
(43, '1997-04-09', '1900-01-00', 3, 4391851, 1, 1000),
(44, '2003-06-10', '2999-12-31', 4, 2680820, 1, 1409),
(45, '2017-10-24', '2018-10-23', 2, 4372275, 100, 1409),
(46, '2017-06-23', '2018-06-22', 4, 9728928, 100, 1409),
(47, '2017-12-30', '2018-06-29', 4, 9862498, 100, 1409),
(48, '2018-03-01', '2018-08-31', 2, 1059785331, 40, 1000),
(49, '2015-10-09', '2018-10-08', 2, 1059811622, 20, 1000),
(50, '2017-11-16', '2018-05-15', 3, 94288775, 40, 1000),
(51, '1998-03-04', '1900-01-00', 3, 9992812, 1, 1000),
(52, '2018-01-16', '2018-05-15', 4, 18598051, 100, 1409),
(53, '2018-01-21', '2018-05-20', 3, 18402946, 100, 1409),
(54, '1997-01-08', '0000-00-00', 0, 16485243, 1, 1400),
(55, '2017-07-06', '2018-07-05', 2, 41912001, 40, 1000),
(56, '2017-04-28', '2018-04-30', 2, 75079795, 100, 1409),
(57, '2017-04-11', '2018-08-10', 3, 75143474, 40, 1000),
(58, '2018-03-27', '2018-09-26', 2, 75144459, 100, 1409),
(59, '2017-08-19', '2018-08-18', 1, 75146518, 100, 1409),
(60, '2017-10-01', '2018-09-30', 1, 1054916493, 1, 1020),
(61, '2017-10-01', '2018-03-31', 4, 1057757266, 1, 1020),
(62, '2017-10-01', '2018-03-31', 1, 1088002131, 1, 1020),
(63, '2017-10-01', '2018-03-31', 2, 1088292581, 1, 1020),
(64, '2017-10-01', '2018-03-31', 3, 1088003280, 1, 1020),
(65, '2017-10-01', '2018-03-30', 1, 1088021467, 1, 1020),
(66, '2017-10-01', '2018-09-30', 1, 1088245901, 1, 1020),
(67, '2017-10-01', '2018-09-30', 3, 10008438, 1, 1020),
(68, '2017-10-01', '2018-09-30', 4, 24398541, 1, 1020),
(69, '2011-02-16', '1900-01-00', 3, 42159210, 1, 1454),
(70, '2011-02-16', '1900-01-00', 3, 83241316, 1, 1401),
(71, '2017-04-29', '2018-04-28', 4, 1104675026, 3, 1000),
(72, '2017-11-01', '2018-04-30', 1, 1088238927, 3, 1000),
(73, '2017-11-28', '2018-05-27', 4, 1088321795, 22, 1000),
(74, '2017-06-19', '2018-06-18', 4, 1116437684, 20, 1000),
(75, '2018-02-19', '2018-08-18', 4, 16232307, 60, 1000),
(76, '2017-10-24', '2018-10-23', 2, 18403227, 60, 1000),
(77, '2018-03-16', '2019-05-15', 2, 1088256244, 80, 1437),
(78, '2018-02-03', '2019-02-02', 3, 1088002282, 80, 1404),
(79, '2018-02-02', '2019-02-01', 1, 4414484, 80, 1802),
(80, '2015-04-08', '2019-04-07', 1, 42018076, 80, 1040),
(81, '2007-12-11', '2019-04-10', 2, 42094781, 80, 1015),
(82, '2012-07-22', '2019-01-21', 2, 10031106, 80, 1014),
(83, '2017-02-15', '2018-06-14', 4, 30360511, 40, 1000),
(84, '2017-02-15', '2018-06-14', 1, 1113779033, 40, 1000),
(85, '2017-02-21', '2018-06-20', 1, 1097729714, 40, 1000),
(86, '2017-05-12', '2018-05-11', 2, 1054990354, 3, 1000),
(87, '2018-04-12', '2018-06-11', 4, 1053820716, 22, 1000),
(88, '2018-04-12', '2018-06-11', 2, 1053843554, 22, 1000),
(89, '2018-04-12', '2018-08-05', 3, 1053851139, 22, 1000),
(90, '2017-05-01', '2018-04-30', 2, 93383597, 3, 1000),
(91, '2017-05-01', '2018-04-30', 1, 75081513, 3, 1000),
(92, '2017-05-01', '2018-04-30', 3, 75084858, 3, 1000),
(93, '2017-05-01', '2018-04-30', 2, 18532107, 3, 1000),
(94, '2017-05-01', '2018-10-31', 2, 15908017, 3, 1000),
(95, '2017-05-01', '2018-04-30', 2, 10273868, 3, 1000),
(96, '2017-05-01', '2018-04-30', 3, 10286362, 3, 1000),
(97, '2017-05-01', '2018-10-31', 2, 9921457, 3, 1000),
(98, '2017-05-01', '2018-04-30', 3, 2316358, 3, 1000),
(99, '2017-10-06', '2018-04-05', 2, 75101610, 1, 1020),
(100, '2018-04-21', '2018-10-20', 2, 75088561, 100, 1409),
(101, '2018-01-24', '2018-06-23', 4, 1004699846, 20, 1020),
(102, '2017-11-15', '2018-05-15', 2, 1088273174, 20, 1070),
(103, '2017-05-15', '2018-05-14', 1, 1088327284, 20, 1400),
(104, '2017-10-20', '2018-10-19', 4, 1089746531, 20, 1019),
(105, '2018-02-20', '2018-08-19', 2, 1090333214, 40, 1000),
(106, '2017-05-15', '2018-11-14', 3, 1112769004, 20, 1070),
(107, '2017-05-15', '2018-05-14', 2, 1113533829, 20, 1070),
(108, '2018-01-24', '2018-06-23', 2, 42155186, 20, 1020),
(109, '2017-10-30', '2018-10-29', 2, 29435277, 20, 1070),
(110, '2018-01-01', '2018-06-30', 1, 24335922, 22, 1000),
(111, '2018-01-01', '2018-06-30', 2, 10008724, 22, 1000),
(112, '2017-12-27', '2018-06-30', 3, 10013075, 22, 1000),
(113, '2018-01-11', '2018-07-10', 2, 10024793, 22, 1000),
(114, '2018-01-01', '2018-06-30', 4, 9867331, 22, 1000),
(115, '2017-12-28', '2018-06-30', 4, 1114399115, 22, 1000),
(116, '2018-01-01', '2018-06-30', 3, 1225090556, 22, 1000),
(117, '2017-12-27', '2018-06-30', 3, 1096645342, 22, 1000),
(118, '2018-03-02', '2018-09-01', 3, 1098308090, 22, 1000),
(119, '2018-01-19', '2018-07-18', 3, 1112763778, 22, 1000),
(120, '2018-01-05', '2018-06-04', 2, 1086136367, 22, 1000),
(121, '2018-01-01', '2018-06-30', 2, 42144878, 22, 1000),
(122, '2018-02-05', '2018-08-04', 1, 10051872, 100, 1409),
(123, '2017-04-18', '2018-08-17', 3, 1112761152, 20, 1000),
(124, '2017-02-07', '2018-06-06', 1, 1112770431, 20, 1000),
(125, '2017-11-03', '2018-05-02', 1, 1112780067, 20, 1000),
(126, '2018-04-24', '2018-10-23', 3, 6391245, 20, 1000),
(127, '2018-01-26', '2018-05-25', 3, 79875267, 40, 1000),
(128, '2018-01-30', '2018-07-29', 3, 1017176282, 40, 1000),
(129, '2018-04-06', '2018-08-05', 2, 1053791075, 40, 1000),
(130, '2018-03-03', '2018-05-04', 2, 1087994186, 40, 1000),
(131, '2017-12-11', '2018-04-17', 2, 1090336662, 40, 1000),
(132, '2018-02-02', '2018-07-29', 2, 1112620937, 40, 1000),
(133, '2018-01-26', '2018-05-25', 2, 1054921787, 40, 1000),
(134, '2018-01-05', '2018-06-04', 2, 1112785487, 20, 1000),
(135, '2017-08-30', '2018-08-29', 2, 14571892, 22, 1000),
(136, '2017-04-07', '2018-08-06', 2, 1061624208, 60, 1000),
(137, '2018-05-15', '2018-09-14', 4, 1053769960, 40, 1409),
(138, '2018-05-21', '2018-11-20', 2, 1121199035, 22, 1000);

-- --------------------------------------------------------

--
-- Estructura de tabla para la tabla `control_cursos`
--

CREATE TABLE `control_cursos` (
  `id_registro` int(100) NOT NULL,
  `nro_curso` varchar(45) NOT NULL,
  `empleado_id` int(20) NOT NULL,
  `fecha_vencimiento` date NOT NULL,
  `academia_nit` varchar(100) NOT NULL,
  `curso_id` int(11) NOT NULL
) ENGINE=InnoDB DEFAULT CHARSET=utf8;

--
-- Volcado de datos para la tabla `control_cursos`
--

INSERT INTO `control_cursos` (`id_registro`, `nro_curso`, `empleado_id`, `fecha_vencimiento`, `academia_nit`, `curso_id`) VALUES
(1, 'ECSP1162-E396175', 94310956, '2019-02-23', '8300703391', 1301),
(2, 'ECSP1162-E393797', 1093215267, '2019-01-26', '8300703391', 1201),
(3, 'ECSP1162-E401841', 9728928, '2019-05-18', '8300703391', 3201),
(4, 'ECSP1162-E391994', 1094882530, '2019-01-05', '8300703391', 1201),
(5, 'ECSP577-E140383', 2680820, '2018-11-11', '8301012190', 3201),
(6, 'ECSP577-E141211', 16226344, '2018-12-02', '8301012190', 1201),
(7, 'ECSP1162-E390587', 9727897, '2018-12-09', '8300703391', 1301),
(8, 'ECSP1162-D517845', 41912001, '2018-07-21', '8300703391', 1201),
(9, 'ECSP577-E148597', 1059785331, '2019-03-24', '8301012190', 1201),
(10, 'ECSP577-E145640', 1109293858, '2019-02-17', '8301012190', 1201),
(11, 'ECSP1162-E397664', 1088321795, '2019-03-16', '8300703391', 1201),
(12, 'ECSP577-E147024', 14571153, '2019-03-03', '8301012190', 1201),
(13, 'ECSP1162-E398784', 31412768, '2019-04-06', '8300703391', 1201),
(14, 'ECSP577-E148855', 10273868, '2019-03-31', '8301012190', 1201),
(15, 'ECSP577-E142060', 75084858, '2018-12-16', '8301012190', 1201),
(16, 'ECSP577-E141577', 2316358, '2018-12-09', '8301012190', 1201),
(17, 'ECSP1162-E398017', 75081513, '2019-03-23', '8300703391', 1201),
(18, 'ECSP1162-E398018', 10286362, '2019-03-23', '8300703391', 1201),
(19, 'ECSP1162-E391052', 9921457, '2018-12-15', '8300703391', 1201),
(20, 'ECSP1162-E398392', 18532107, '2019-03-30', '8300703391', 1201),
(21, 'ECSP1162-E398405', 15908017, '2019-03-30', '8300703391', 1201),
(22, 'ECSP1162-E398391', 93383597, '2019-03-30', '8300703391', 1201),
(23, 'ECSP1162-E398863', 75143474, '2019-04-06', '8300703391', 1201),
(24, 'ECSP1162-E400382', 1088292581, '2019-04-27', '8300703391', 1201),
(25, 'ECSP577-E148068', 1112761152, '2019-03-17', '8301012190', 1312),
(26, 'ECSP1162-D525776', 9809507, '2018-09-22', '8300703391', 1201),
(27, 'ECSP577-E142607', 1053791943, '2019-01-06', '8301012190', 1201),
(28, 'ECSP577-E135896', 16232307, '2018-08-28', '8301012190', 1201),
(29, 'ECSP1162-E396773', 9957041, '2019-03-02', '8300703391', 1201),
(30, 'ECSP1025-D199523', 18398705, '2018-07-28', '9000172529', 1201),
(31, 'ECSP1025-D201759', 1094902525, '2018-10-27', '9000172529', 1201),
(32, 'ECSP577-E134516', 1060646253, '2018-07-22', '8301012190', 1201),
(33, 'ECSP1162-D523711', 4578632, '2018-09-08', '8300703391', 1201),
(34, 'ECSP1162-E401842', 18492028, '2019-05-18', '8300703391', 1201),
(35, 'ECSP1162-E396778', 75144459, '2019-03-02', '8300703391', 3201),
(36, 'ECSP577-E133778', 1054990354, '2018-07-15', '8301012190', 1201),
(37, 'ECSP1162-D515629', 1113533829, '2018-06-09', '8300703391', 1201),
(38, 'ECSP1162-D515627', 1088327284, '2018-06-09', '8300703391', 1201),
(39, 'ECSP1162-D515626', 1112769004, '2018-06-09', '8300703391', 1201),
(40, 'ECSP1162-D517921', 1096646154, '2018-07-21', '8300703391', 1201),
(41, 'ECSP1162-D526156', 1114092888, '2018-09-29', '8300703391', 1101),
(42, 'ECSP1162-D516121', 9697467, '2018-06-16', '8300703391', 1201),
(43, 'ECSP1162-E391919', 1094911267, '2019-01-05', '8300703391', 1201),
(44, 'ECSP1162-D529509', 1086278089, '2018-11-17', '8300703391', 1201),
(45, 'ECSP577-E139988', 18606864, '2018-11-04', '8301012190', 1201),
(46, 'ECSP728-D111695', 7959553, '2018-05-20', '8301283282', 1401),
(47, 'ECSP1162-E391921', 94533834, '2019-01-05', '8300703391', 1201),
(48, 'ECSP1162-D519258', 9697804, '2018-08-04', '8300703391', 1201),
(49, 'ECSP1162-D529049', 10128205, '2018-11-10', '8300703391', 1201),
(50, 'ECSP1025-D204796', 7549474, '2019-02-16', '9000172529', 1201),
(51, 'ECSP1162-D514953', 9862498, '2018-06-02', '8300703391', 3201),
(52, 'ECSP1025-D206693', 16055698, '2019-04-20', '9000172529', 1201),
(53, 'ECSP1162-D515282', 1088313813, '2018-06-09', '8300703391', 1201),
(54, 'ECSP577-D131189', 1116437684, '2018-06-03', '8301012190', 1201),
(55, 'ECSP1162-D518816', 1054916493, '2018-07-28', '8300703391', 1201),
(56, 'ECSP1162-D519261', 42159210, '2018-08-04', '8300703391', 3201),
(57, 'ECSP1162-D519256', 24398541, '2018-08-04', '8300703391', 1201),
(58, 'ECSP1162-D519257', 1088245901, '2018-08-04', '8300703391', 1201),
(59, 'ECSP1162-D519260', 83241316, '2018-08-04', '8300703391', 3201),
(60, 'ECSP1162-D518814', 10008438, '2018-07-28', '8300703391', 1201),
(61, 'ECSP1162-D518815', 1057757266, '2018-07-28', '8300703391', 1201),
(62, 'ECSP1162-D523448', 1088021467, '2018-09-01', '8300703391', 1201),
(63, 'ECSP1162-E400995', 1088003280, '2019-05-08', '8300703391', 1201),
(64, 'ECSP1162-E401555', 1088002131, '2019-05-11', '8300703391', 1201),
(65, 'ECSP1162-D517978', 18402946, '2018-07-21', '8300703391', 3201),
(66, 'ECSP1162-E399954', 14571892, '2019-04-20', '8300703391', 1201),
(67, 'ECSP1162-D526899', 75101610, '2018-10-10', '8300703391', 1312),
(68, 'ECSP1162-E398785', 1089746531, '2019-04-06', '8300703391', 1101),
(69, 'ECSP1025-D199483', 29435277, '2018-07-28', '9000172529', 1201),
(70, 'ECSP577-E141925', 1112780067, '2018-12-16', '8301012190', 1201),
(71, 'ECSP1162-D5282264', 1088273174, '2018-10-27', '8300703391', 1101),
(72, 'ECSP1162-E391997', 4372275, '2019-01-05', '8300703391', 3201),
(73, 'ECSP1162-E394380', 75146518, '2019-02-02', '8300703391', 3201),
(74, 'ECSP3007-B298239', 1090336662, '2018-11-07', '9002025368', 1101),
(75, 'ECSP1162-E392718', 10008724, '2019-01-12', '8300703391', 1201),
(76, 'ECSP1162-D522453', 10013075, '2018-08-25', '8300703391', 1201),
(77, 'ECSP1162-E391342', 42144878, '2018-12-15', '8300703391', 1201),
(78, 'ECSP577-E133392', 1112785487, '2018-07-17', '8301012190', 1201),
(79, 'ECSP1162-E401411', 1112763778, '2019-05-11', '8300703391', 1201),
(80, 'ECSP577-E142059', 15956575, '2018-12-16', '8301012190', 1201),
(81, 'ECSP1162-E391918', 4391851, '2019-01-05', '8300703391', 1201),
(82, 'ECSP577-E142062', 75079795, '2018-12-16', '8301012190', 3201),
(83, 'ECSP1162-E401843', 9726942, '2019-05-18', '8300703391', 1201),
(84, 'ECSP1162-E391920', 89004457, '2019-01-05', '8300703391', 1201),
(85, 'ECSP1162-D528630', 18596498, '2018-11-03', '8300703391', 1201),
(86, 'ECSP1162-D517052', 9735423, '2018-07-07', '8300703391', 1201),
(87, 'ECSP1162-E391917', 16627207, '2019-01-05', '8300703391', 1201),
(88, 'ECSP1162-E391916', 10127786, '2019-01-05', '8300703391', 1201),
(89, 'ECSP1162-D513359', 18598051, '2018-05-05', '8300703391', 3201),
(90, 'ECSP1162-D519545', 4512715, '2018-08-04', '8300703391', 1201),
(91, 'ECSP577-E143554', 75033492, '2019-01-20', '8301012190', 1201),
(92, 'ECSP1162-E392368', 1116726252, '2019-01-12', '8300703391', 1201),
(93, 'ECSP1162-E396772', 1088238927, '2019-03-02', '8300703391', 1201),
(94, 'ECSP1162-E394905', 13993559, '2019-02-09', '8300703391', 1201),
(95, 'ECSP1162-D520179', 75050002, '2018-08-11', '8300703391', 1201),
(96, 'ECSP1162-E390143', 94288775, '2018-12-01', '8300703391', 1101),
(97, 'ECSP1162-D520864', 1104675026, '2018-08-18', '8300703391', 1201),
(98, 'ECSP3001-A408747', 9867331, '2018-06-23', '8301012190', 1201),
(99, 'ECSP1162-D528202', 24335922, '2018-10-27', '8300703391', 1201),
(100, 'ECSP2190-E370877', 1096645342, '2018-12-11', '9005108808', 1201),
(101, 'ECSP1162-E398057', 1114399115, '2019-03-23', '8300703391', 1201),
(102, 'ECSP1162-E397665', 1225090556, '2019-03-16', '8300703391', 1201),
(103, 'ECSP1162-E394838', 1086136367, '2019-02-09', '8300703391', 1201),
(104, 'ECSP1162-E391642', 1004699846, '2018-12-22', '8300703391', 1101),
(105, 'ECSP1162-E391697', 42155186, '2018-12-29', '8300703391', 1201),
(106, 'ECSP1025-D203854', 1054921787, '2019-01-12', '9000172529', 1101),
(107, 'ECSP1025-D202017', 79875267, '2018-11-03', '9000172529', 1201),
(108, 'ECSP3007-B298788', 1017176282, '2019-01-29', '8301012190', 1201),
(109, 'ECSP1859-B355013', 10024793, '2018-09-08', '9000296358', 1201),
(110, 'ECSP1859-B354703', 10051872, '2018-08-14', '9002966358', 3201),
(111, 'ECSP1162-D528625', 1112620937, '2018-11-03', '8300703391', 1201),
(112, 'ECSP1025-D203875', 1090333214, '2019-01-12', '9000172529', 1201),
(113, 'ECSP3007-B298763', 1098308090, '2019-01-02', '8301012190', 1201),
(114, 'ECSP1162-E399955', 1087994186, '2019-04-20', '8300703391', 1201),
(115, 'ECSP1162-E390195', 9992812, '2018-12-01', '8300703391', 1201),
(116, 'ECSP577-E140431', 15959842, '2018-11-11', '8301012190', 1201),
(117, 'ECSP1162-D527016', 18403227, '2018-10-06', '8300703391', 1201),
(118, 'ECSP1162-D521985', 1088248409, '2018-08-25', '8300703391', 1201),
(119, 'ECSP1162-E394837', 30360511, '2019-02-09', '8300703391', 1101),
(120, 'ECSP1162-E394836', 1097729714, '2019-02-09', '8300703391', 1101),
(121, 'ECSP577-E144151', 1113779033, '2019-01-27', '8301012190', 1201),
(122, 'ECSP577-E143498', 1112770431, '2019-01-20', '8301012190', 1201),
(123, 'ECSP1162-E391996', 16485243, '2019-01-05', '8300703391', 3201),
(124, 'ECSP577-E148795', 1061624208, '2019-03-24', '8301012190', 1201),
(125, 'ECSP1025-D205900', 1053791075, '2019-03-16', '9000172529', 1201),
(126, 'ECSP3734-C043254', 1053820716, '2019-04-04', '8100068452', 1201),
(127, 'ECSP1025-D206089', 1053843554, '2019-03-23', '9000172529', 1201),
(128, 'ECSP3734-C043254', 1053851139, '2019-04-04', '8100068452', 1201),
(129, 'ECSP2005-E326802', 75088561, '2019-04-06', '9003365822', 3201),
(130, 'ECSP2190-E372110', 6391245, '2019-02-12', '9005108808', 1201),
(131, 'ECSP577-B281513', 1059811622, '2016-02-28', '8301012190', 1201),
(133, 'ECSP1162-E390587', 9727897, '2018-12-09', '8300703391', 1301),
(134, 'ECSP1025-D196195', 1109298865, '2018-03-24', '9000172529', 1201),
(135, 'ECSP1162-D522453', 1088256244, '2018-05-31', '8300703391', 2201),
(136, 'ECSP1162-E401237', 1053769960, '2019-05-04', '8300703391', 3101),
(137, 'ECSP1859-B357146', 1121199035, '2019-05-16', '9000296358', 1201);

-- --------------------------------------------------------

--
-- Estructura de tabla para la tabla `cursos`
--

CREATE TABLE `cursos` (
  `id_cursos` int(20) NOT NULL,
  `descripcion` varchar(50) NOT NULL
) ENGINE=InnoDB DEFAULT CHARSET=utf8;

--
-- Volcado de datos para la tabla `cursos`
--

INSERT INTO `cursos` (`id_cursos`, `descripcion`) VALUES
(1101, 'FUNDAMENTACION VIGILANCIA'),
(1201, 'REENTRENAMIENTO VIGILANCIA'),
(1301, 'ESPECIALlZACION VIGILANCIA AEROPORTUARIA'),
(1302, 'ESPECIALlZACION VIGILANCIA SECTOR FINANCIERO'),
(1303, 'ESPECIALlZACION VIGILANCIA COMERCIAL'),
(1304, 'ESPECIALlZACION VIGILANCIA EDUCATIVA'),
(1305, 'ESPECIALlZACION VIGILANCIA EVENTOS PUBLlCOS'),
(1306, 'ESPECIALlZACION VIGILANCIA HOSPITALARIA'),
(1307, 'ESPECIALlZACION VIGILANCIA PORTUARIA'),
(1308, 'ESPECIALlZACION VIGILANCIA INDUSTRIAL'),
(1309, 'ESPECIALlZACION VIGILANCIA RESIDENCIAL'),
(1310, 'ESPECIALlZACION VIGILANCIA PETROLERA'),
(1311, 'ESPECIALlZACION VIGILANCIA TURISTICA'),
(1312, 'ESPECIALlZACION VIGILANCIA ENTIDADES OFICIALES'),
(1313, 'ESPECIALlZACION VIGILANCIA MINERA'),
(1314, 'ESPECIALlZACION VIGILANCIA GRANDES SUPERFICIES'),
(1315, 'ESPECIALlZACION VIGILANCIA TRANSPORTE MASIVO'),
(1401, 'PROFUNDIZACION VIGILANCIA AEROPORTUARIA'),
(1402, 'PROFUNDIZACION VIGILANCIA SECTOR FINANCIERO'),
(1403, 'PROFUNDIZACION VIGILANCIA COMERCIAL'),
(1404, 'PROFUNDIZACION VIGILANCIA EDUCATIVA'),
(1405, 'PROFUNDIZACION VIGILANCIA EVENTOS PUBLlCOS'),
(1406, 'PROFUNDIZACION VIGILANCIA HOSPITALARIA'),
(1407, 'PROFUNDIZACION VIGILANCIA PORTUARIA'),
(1408, 'PROFUNDIZACION VIGILANCIA INDUSTRIAL'),
(1409, 'PROFUNDIZACION VIGILANCIA RESIDENCIAL'),
(1410, 'PROFUNDIZACION VIGILANCIA PETROLERA'),
(1411, 'PROFUNDIZACION VIGILANCIA TURISTICA'),
(1412, 'PROFUNDIZACION VIGILANCIA ENTIDADES OFICIALES'),
(1413, 'PROFUNDIZACION VIGILANCIA MINERA'),
(1414, 'PROFUNDIZACION VIGILANCIA GRANDES SUPERFICIES'),
(1415, 'PROFUNDIZACION VIGILANCIA TRANSPORTE MASIVO'),
(2101, 'FUNDAMENTACION ESCOLTA'),
(2201, 'REENTRENAMIENTO ESCOLTA'),
(2302, 'ESPECIALlZACION ESCOLTA MERCANCIAS'),
(2303, 'ESPECIALlZACION ESCOLTA MANEJO DEFENSIVO'),
(2304, 'ESPECIALlZACION ESCOLTA TRANSPORTE VALORES'),
(2305, 'ESPECIALlZACION ESCOLTA PROTECCION A DIGNATARIOS'),
(2401, 'PROFUNDIZACION ESCOLTA PERSONAS'),
(2402, 'PROFUNDIZACION ESCOLTA MERCANCIAS'),
(2403, 'PROFUNDIZACION ESCOLTA MANEJO DEFENSIVO'),
(2404, 'PROFUNDIZACION ESCOLTA TRANSPORTE VALORES'),
(2405, 'PROFUNDIZACION ESCOLTA PROTECCION A DIGNATARIOS'),
(3101, 'FUNDAMENTACION SUPERVISORES'),
(3201, 'REENTRENAMIENTO SUPERVISORES'),
(3301, 'ESPECIALlZACION SUPERVISORES AEROPORTUARIA'),
(3302, 'ESPECIALlZACION SUPERVISORES SECTOR FINANCIERO'),
(3303, 'ESPECIALlZACION SUPERVISORES COMERCIAL'),
(3304, 'ESPECIALlZACION SUPERVISORES EDUCATIVA'),
(3305, 'ESPECIALlZACION SUPERVISORES EVENTOS PUBLlCOS'),
(3306, 'ESPECIALlZACION SUPERVISORES HOSPITALARIA'),
(3307, 'ESPECIALlZACION SUPERVISORES PORTUARIA'),
(3308, 'ESPECIALlZACION SUPERVISORES INDUSTRIAL'),
(3309, 'ESPECIALlZACION SUPERVISORES RESIDENCIAL'),
(3310, 'ESPECIALlZACION SUPERVISORES MEDIOS TECNOLOGICOS'),
(3311, 'ESPECIALlZACION SUPERVISORES PETROLERA'),
(3312, 'ESPECIALlZACION SUPERVISORES TURISTICA'),
(3313, 'ESPECIALlZACION SUPERVISORES ENTIDADES OFICIALES'),
(3314, 'ESPECIALlZACION SUPERVISORES MINERA'),
(3315, 'ESPECIALlZACION SUPERVISORES GRANDES SUPERFICIES'),
(3316, 'ESPECIALlZACION SUPERVISORES TRANSPORTE MASIVO'),
(3401, 'PROFUNDIZACION SUPERVISORES AEROPORTUARIA'),
(3402, 'PROFUNDIZACION SUPERVISORES SECTOR FINANCIERO'),
(3403, 'PROFUNDIZACION SUPERVISORES COMERCIAL'),
(3404, 'PROFUNDIZACION SUPERVISORES EDUCATIVA'),
(3405, 'PROFUNDIZACION SUPERVISORES EVENTOS PUBLlCOS'),
(3406, 'PROFUNDIZACION SUPERVISORES HOSPITALARIA'),
(3407, 'PROFUNDIZACION SUPERVISORES PORTUARIA'),
(3408, 'PROFUNDIZACION SUPERVISORES INDUSTRIAL'),
(3409, 'PROFUNDIZACION SUPERVISORES RESIDENCIAL'),
(3411, 'PROFUNDIZACION SUPERVISORES PETROLERA'),
(3412, 'PROFUNDIZACION SUPERVISORES TURISTICA'),
(3413, 'PROFUNDIZACION SUPERVISORES ENTIDADES OFICIALES'),
(3414, 'PROFUNDIZACION SUPERVISORES MINERA'),
(3415, 'PROFUNDIZACION SUPERVISORES GRANDES SUPERFICIES'),
(3416, 'PROFUNDIZACION SUPERVISORES TRANSPORTE MASIVO'),
(4101, 'FUNDAMENTACION MEDIOS TECNOLOGICOS'),
(4201, 'REENTRENAMIENTO MEDIOS TECNOLOGICOS'),
(4301, 'ESPECIALlZACION MEDIOS TECNOLOGICOS COORDINADOR'),
(4302, 'ESPECIALlZACION MEDIOS TECNOLOGICOS INSTALADOR'),
(4401, 'PROFUNDIZACION MEDIOS TECNOLOGICOS COORDINADOR'),
(4402, 'PROFUNDIZACION MEDIOS TECNOLOGICOS INSTALADOR'),
(5101, 'FUNDAMENTACION MANEJADOR CANINO ENFASIS EN NARCOTI'),
(5102, 'FUNDAMENTACION MANEJADOR CANINO ENFASIS EN MONEDA'),
(5103, 'FUNDAMENTACION MANEJADOR CANINO ENFASIS EN DEFENSA'),
(5104, 'FUNDAMENTACION MANEJADOR CANINO ENFASIS EN EXPLOSI'),
(5105, 'FUNDAMENTACION MANEJADOR CANINO ENFASIS EN BUSQUED'),
(5201, 'REENTRENAMIENTO MANEJADOR CANINO ENFASIS EN NARCOT'),
(5202, 'REENTRENAMIENTO MANEJADOR CANINO ENFASIS EN MONEDA'),
(5203, 'REENTRENAMIENTO MANEJADOR CANINO ENFASIS EN DEFENS'),
(5204, 'REENTRENAMIENTO MANEJADOR CANINO ENFASIS EN EXPLOS'),
(5205, 'REENTRENAMIENTO MANEJADOR CANINO ENFASIS EN BUSQUE'),
(5301, 'ESPECIALlZACION MANEJADOR CANINO SUPERVISOR'),
(5302, 'ESPECIALlZACION MANEJADOR CANINO DEFENSA CONTROLAD'),
(5303, 'ESPECIALlZACION MANEJADOR CANINO DETECCION EXPLOSI'),
(5304, 'ESPECIALlZACION MANEJADOR CANINO DETECCION NARCOTI'),
(5305, 'ESPECIALlZACION MANEJADOR CANINO DETECCION MONEDA'),
(5306, 'ESPECIALlZACION MANEJADOR CANINO BUSQUEDA y RESCAT'),
(5401, 'PROFUNDIZACION MANEJADOR CANINO SUPERVISOR'),
(5402, 'PROFUNDIZACION MANEJADOR CANINO DEFENSA CONTROLADA'),
(5403, 'PROFUNDIZACION MANEJADOR CANINO DETECCION EXPLOSIV'),
(5404, 'PROFUNDIZACION MANEJADOR CANINO DETECCION NARCOTIC'),
(5405, 'PROFUNDIZACION MANEJADOR CANINO DETECCION MONEDA'),
(5406, 'PROFUNDIZACION MANEJADOR CANINO BUSQUEDA y RESCATE'),
(6101, 'SEMINARIO ADMINISTRACION DE SERVICIOS DE V.S.P.'),
(6102, 'SEMINARIO JEFES DE RECURSOS HUMANOS'),
(6103, 'SEMINARIO JEFES DE OPERACION DE EMPRESA DE V.S.P.'),
(6104, 'SEMINARIO ESPECTACULOS PUBLlCOS'),
(6105, 'SEMINARIO JEFES DE SEGURIDAD DE DEPARTAMENTOS'),
(6106, 'SEMINARIO COORDINADORES DE MEDIOS TECNOLOGICOS'),
(6107, 'SEMINARIO COORDINADORE y DIRECTIVOS INSTALADORES D');

-- --------------------------------------------------------

--
-- Estructura de tabla para la tabla `departamento`
--

CREATE TABLE `departamento` (
  `cod_dep` int(5) NOT NULL,
  `nombre_dep` varchar(50) NOT NULL
) ENGINE=InnoDB DEFAULT CHARSET=utf8;

--
-- Volcado de datos para la tabla `departamento`
--

INSERT INTO `departamento` (`cod_dep`, `nombre_dep`) VALUES
(5, 'ANTIOQUIA'),
(8, 'ATLANTICO'),
(11, 'BOGOTA'),
(13, 'BOLIVAR'),
(15, 'BOYACA'),
(17, 'CALDAS'),
(18, 'CAQUETA'),
(19, 'CAUCA'),
(20, 'CESAR'),
(23, 'CORDOBA'),
(25, 'CUNDINAMARCA'),
(27, 'CHOCO'),
(41, 'HUILA'),
(44, 'LA GUAJIRA'),
(47, 'MAGDALENA'),
(50, 'META'),
(52, 'NARIÑO'),
(54, 'N. DE SANTANDER'),
(63, 'QUINDIO'),
(66, 'RISARALDA'),
(68, 'SANTANDER'),
(70, 'SUCRE'),
(73, 'TOLIMA'),
(76, 'VALLE DEL CAUCA'),
(81, 'ARAUCA'),
(85, 'CASANARE'),
(86, 'PUTUMAYO'),
(88, 'SAN ANDRES'),
(91, 'AMAZONAS'),
(94, 'GUAINIA'),
(95, 'GUAVIARE'),
(97, 'VAUPES');

-- --------------------------------------------------------

--
-- Estructura de tabla para la tabla `documento`
--

CREATE TABLE `documento` (
  `empleado_id` int(20) NOT NULL,
  `vencimiento_visita` date NOT NULL,
  `vencimiento_pasadoj` date NOT NULL
) ENGINE=InnoDB DEFAULT CHARSET=utf8;

--
-- Volcado de datos para la tabla `documento`
--

INSERT INTO `documento` (`empleado_id`, `vencimiento_visita`, `vencimiento_pasadoj`) VALUES
(18606864, '0000-00-00', '0000-00-00'),
(16226344, '0000-00-00', '0000-00-00'),
(18598209, '0000-00-00', '0000-00-00'),
(1112770431, '0000-00-00', '0000-00-00'),
(2316358, '0000-00-00', '0000-00-00'),
(94463013, '0000-00-00', '0000-00-00'),
(9921457, '0000-00-00', '0000-00-00'),
(75084858, '0000-00-00', '0000-00-00'),
(1112780067, '0000-00-00', '0000-00-00'),
(15956575, '0000-00-00', '0000-00-00'),
(75079795, '0000-00-00', '0000-00-00'),
(1053794211, '0000-00-00', '0000-00-00'),
(1094882530, '0000-00-00', '0000-00-00'),
(16485243, '0000-00-00', '0000-00-00'),
(1094911267, '0000-00-00', '0000-00-00'),
(4391851, '0000-00-00', '0000-00-00'),
(89004457, '0000-00-00', '0000-00-00'),
(94533834, '0000-00-00', '0000-00-00'),
(16627207, '0000-00-00', '0000-00-00'),
(10127786, '0000-00-00', '0000-00-00'),
(4372275, '0000-00-00', '0000-00-00'),
(1061625000, '0000-00-00', '0000-00-00'),
(1053791943, '0000-00-00', '0000-00-00'),
(1143946915, '0000-00-00', '0000-00-00'),
(1116726252, '0000-00-00', '0000-00-00'),
(1114120754, '0000-00-00', '0000-00-00'),
(75033492, '0000-00-00', '0000-00-00'),
(1093215267, '0000-00-00', '0000-00-00'),
(1112302799, '0000-00-00', '0000-00-00'),
(1113779033, '0000-00-00', '0000-00-00'),
(16045186, '0000-00-00', '0000-00-00'),
(75146518, '0000-00-00', '0000-00-00'),
(4415933, '0000-00-00', '0000-00-00'),
(4446750, '0000-00-00', '0000-00-00'),
(1060590364, '0000-00-00', '0000-00-00'),
(30360511, '0000-00-00', '0000-00-00'),
(1097729714, '0000-00-00', '0000-00-00'),
(13993559, '0000-00-00', '0000-00-00'),
(7549474, '0000-00-00', '0000-00-00'),
(9971779, '0000-00-00', '0000-00-00'),
(1109293858, '0000-00-00', '0000-00-00'),
(1112784664, '0000-00-00', '0000-00-00'),
(94393066, '0000-00-00', '0000-00-00'),
(94310956, '0000-00-00', '0000-00-00'),
(1116264342, '0000-00-00', '0000-00-00'),
(75144459, '0000-00-00', '0000-00-00'),
(1088238927, '0000-00-00', '0000-00-00'),
(9957041, '0000-00-00', '0000-00-00'),
(14571153, '0000-00-00', '0000-00-00'),
(75085511, '0000-00-00', '0000-00-00'),
(1088321795, '0000-00-00', '0000-00-00'),
(1112761152, '0000-00-00', '0000-00-00'),
(1113512846, '0000-00-00', '0000-00-00'),
(1059785331, '0000-00-00', '0000-00-00'),
(1061624208, '0000-00-00', '0000-00-00'),
(1109296032, '0000-00-00', '0000-00-00'),
(10186008, '0000-00-00', '0000-00-00'),
(10273868, '0000-00-00', '0000-00-00'),
(75081513, '0000-00-00', '0000-00-00'),
(10286362, '0000-00-00', '0000-00-00'),
(18532107, '0000-00-00', '0000-00-00'),
(15908017, '0000-00-00', '0000-00-00'),
(93383597, '0000-00-00', '0000-00-00'),
(1089746531, '0000-00-00', '0000-00-00'),
(31412768, '0000-00-00', '0000-00-00'),
(10263787, '0000-00-00', '0000-00-00'),
(75077610, '0000-00-00', '0000-00-00'),
(75143474, '0000-00-00', '0000-00-00'),
(14571892, '0000-00-00', '0000-00-00'),
(16055698, '0000-00-00', '0000-00-00'),
(1088292581, '0000-00-00', '0000-00-00'),
(18598051, '0000-00-00', '0000-00-00'),
(1053800432, '0000-00-00', '0000-00-00'),
(1088003280, '0000-00-00', '0000-00-00'),
(9728928, '0000-00-00', '0000-00-00'),
(18492028, '0000-00-00', '0000-00-00'),
(15959151, '0000-00-00', '0000-00-00'),
(9726942, '0000-00-00', '0000-00-00'),
(7959553, '0000-00-00', '0000-00-00'),
(1088002131, '0000-00-00', '0000-00-00'),
(9862498, '0000-00-00', '0000-00-00'),
(1116437684, '0000-00-00', '0000-00-00'),
(1088313813, '0000-00-00', '0000-00-00'),
(1113533829, '0000-00-00', '0000-00-00'),
(1088327284, '0000-00-00', '0000-00-00'),
(1112769004, '0000-00-00', '0000-00-00'),
(9697467, '0000-00-00', '0000-00-00'),
(9735423, '0000-00-00', '0000-00-00'),
(75102420, '0000-00-00', '0000-00-00'),
(1054990354, '0000-00-00', '0000-00-00'),
(18402946, '0000-00-00', '0000-00-00'),
(41912001, '0000-00-00', '0000-00-00'),
(1096646154, '0000-00-00', '0000-00-00'),
(9977165, '0000-00-00', '0000-00-00'),
(1060646253, '0000-00-00', '0000-00-00'),
(18398705, '0000-00-00', '0000-00-00'),
(1054916493, '0000-00-00', '0000-00-00'),
(10008438, '0000-00-00', '0000-00-00'),
(1057757266, '0000-00-00', '0000-00-00'),
(29435277, '0000-00-00', '0000-00-00'),
(9697804, '0000-00-00', '0000-00-00'),
(4512715, '0000-00-00', '0000-00-00'),
(42159210, '0000-00-00', '0000-00-00'),
(24398541, '0000-00-00', '0000-00-00'),
(1088245901, '0000-00-00', '0000-00-00'),
(83241316, '0000-00-00', '0000-00-00'),
(72252082, '0000-00-00', '0000-00-00'),
(75050002, '0000-00-00', '0000-00-00'),
(1088300094, '0000-00-00', '0000-00-00'),
(1104675026, '0000-00-00', '0000-00-00'),
(1059812970, '0000-00-00', '0000-00-00'),
(1088248409, '0000-00-00', '0000-00-00'),
(1096032319, '0000-00-00', '0000-00-00'),
(1088028024, '0000-00-00', '0000-00-00'),
(16232307, '0000-00-00', '0000-00-00'),
(1088021467, '0000-00-00', '0000-00-00'),
(10281008, '0000-00-00', '0000-00-00'),
(4578632, '0000-00-00', '0000-00-00'),
(1004211221, '0000-00-00', '0000-00-00'),
(9809507, '0000-00-00', '0000-00-00'),
(1114092888, '0000-00-00', '0000-00-00'),
(18403227, '0000-00-00', '0000-00-00'),
(75101610, '0000-00-00', '0000-00-00'),
(1094902525, '0000-00-00', '0000-00-00'),
(1088273174, '0000-00-00', '0000-00-00'),
(18596498, '0000-00-00', '0000-00-00'),
(1090336662, '0000-00-00', '0000-00-00'),
(10128205, '0000-00-00', '0000-00-00'),
(2680820, '0000-00-00', '0000-00-00'),
(15959842, '0000-00-00', '0000-00-00'),
(1086278089, '0000-00-00', '0000-00-00'),
(9992812, '0000-00-00', '0000-00-00'),
(94288775, '0000-00-00', '0000-00-00'),
(9727897, '0000-00-00', '0000-00-00'),
(1109298865, '0000-00-00', '0000-00-00');

-- --------------------------------------------------------

--
-- Estructura de tabla para la tabla `empleado`
--

CREATE TABLE `empleado` (
  `id_empleado` int(20) NOT NULL,
  `nombre_1` varchar(50) CHARACTER SET utf8 COLLATE utf8_spanish_ci NOT NULL,
  `nombre_2` varchar(30) CHARACTER SET utf8 COLLATE utf8_spanish_ci NOT NULL,
  `apellido_1` varchar(50) CHARACTER SET utf8 COLLATE utf8_spanish_ci NOT NULL,
  `apellido_2` varchar(30) CHARACTER SET utf8 COLLATE utf8_spanish_ci NOT NULL,
  `fecha_nacimiento` date NOT NULL,
  `ciudad_nacimiento` varchar(30) CHARACTER SET utf8 COLLATE utf8_spanish_ci NOT NULL,
  `ciudad_expedicion` varchar(30) CHARACTER SET utf8 COLLATE utf8_spanish_ci NOT NULL,
  `tipo_sangre` varchar(8) CHARACTER SET utf8 COLLATE utf8_spanish_ci NOT NULL,
  `direccion` varchar(100) CHARACTER SET utf8 COLLATE utf8_spanish_ci NOT NULL,
  `ciudad_residencia` varchar(30) CHARACTER SET utf8 COLLATE utf8_spanish_ci NOT NULL,
  `telefono` varchar(20) NOT NULL,
  `genero` varchar(15) CHARACTER SET utf8 COLLATE utf8_spanish_ci NOT NULL,
  `estado_id` int(50) NOT NULL
) ENGINE=InnoDB DEFAULT CHARSET=utf8;

--
-- Volcado de datos para la tabla `empleado`
--

INSERT INTO `empleado` (`id_empleado`, `nombre_1`, `nombre_2`, `apellido_1`, `apellido_2`, `fecha_nacimiento`, `ciudad_nacimiento`, `ciudad_expedicion`, `tipo_sangre`, `direccion`, `ciudad_residencia`, `telefono`, `genero`, `estado_id`) VALUES
(2316358, 'GERMAN', '', 'URREGO ', 'VELASQUEZ', '1966-08-22', 'PEREIRA', 'PEREIRA', 'O+', 'SECTOR PEAJE LA ESTRELLA MANIZALES', 'MANIZALES', '3137897040', 'MASCULINO', 1),
(2680820, 'ALVARO', 'JAIR', 'FLOREZ', 'RENDON', '1962-04-14', 'PEREIRA', 'PEREIRA', 'O+', 'CARRERA 1J NUMERO  35 44 BARRIO JOSÉ GABRIEL CALDERÓN, CARTAGO  ', 'CARTAGO', '3165519950', 'MASCULINO', 1),
(4372275, 'ERWIN', '', 'GIRALDO', 'ACEVEDO', '1981-08-25', 'PEREIRA', 'PEREIRA', 'O+', 'MANZANA E CASA 3 BARRIO QUINTAS DE LA MARINA, ARMENIA  ', 'ARMENIA', '3217642761', 'MASCULINO', 1),
(4391851, 'ALCIBIADES', 'DE JESÃ?S ', 'LEON', 'CARDONA', '1957-08-10', 'PEREIRA', 'PEREIRA', 'O+', 'MANZANA 4 CASA 26 BARRIO LA GRACIELA, DOSQUEBRADAS  ', 'PEREIRA', '3302553', 'MASCULINO', 1),
(4512715, 'JOHN', 'JAIRO', 'VARELA', '', '1983-10-04', 'PEREIRA', 'PEREIRA', 'O+', 'CALLE 10 NUMERO  23 14 BARRIO EL  JAPON DOSQUEBRADAS    ', 'PEREIRA', '3154495', 'MASCULINO', 1),
(4578632, 'DANIEL', '', 'PEÃ?A', 'MORALES', '1956-07-09', 'PEREIRA', 'PEREIRA', 'O+', 'CARRERA 15A BIS C SUR 41 03 ESTE  BARRIO BUENOS AIRES', 'PEREIRA', '3236822', 'MASCULINO', 1),
(6391245, 'LUIS', 'FERNANDO', 'MAÑUNGA', 'OBANDO', '1981-02-21', 'PEREIRA', 'PEREIRA', 'O+', 'CARRERA 1N NUMERO 19-25 CARTAGO ', 'CARTAGO', '3105322707', 'MASCULINO', 1),
(7549474, 'EFRAIN', '', 'FANDIÃ?O', 'VELASQUEZ', '1966-03-17', 'PEREIRA', 'PEREIRA', 'O+', 'MANZANA 48 CASA 30 BARRIO LA FACHADA, ARMENIA  ', 'ARMENIA', '7485213', 'MASCULINO', 1),
(7959553, 'OMAR', 'ENRIQUE', 'PADILLA', 'OLIVO', '1975-05-26', 'PEREIRA', 'PEREIRA', 'O+', 'CARRERA 7 NUMERO  32 117 BARRIO SANTA ISABEL, DOSQUEBRADAS   ', 'PEREIRA', '3187823602', 'MASCULINO', 1),
(9697467, 'JORGE', 'IVAN', 'TORO', 'OBANDO', '1981-10-15', '', '', 'O+', 'MANZANA E CASA 14 BARRIO VALLARTA DOSQUEBRADAS', '', '3137264598', 'MASCULINO', 2),
(9726942, 'JORGE', 'ELIECER', 'MEDINA', 'MONTILLA', '1980-12-07', 'PEREIRA', 'PEREIRA', 'O+', 'MANZANA E CASA 8 BARRIO ALFONSO LÓPEZ, ARMENIA  ', 'ARMENIA', '3108340890', 'MASCULINO', 1),
(9727897, 'OSCAR', 'JAVIER', 'CALEÃ?O', 'GRANADOS', '1981-04-05', 'PEREIRA', 'PEREIRA', 'O+', 'BARRIO  LA GRECIA', 'ARMENIA', '3218160520', 'MASCULINO', 1),
(9728928, 'OSCAR', 'ALBERTO', 'BERMUDEZ', 'RODRIGUEZ', '1981-10-07', 'PEREIRA', 'PEREIRA', 'O+', 'BLQ 5 APTO 102 CARRERA MARÍA CARRERAISTINA ET. 2, ARMENIA  ', 'ARMENIA', '7353912', 'MASCULINO', 1),
(9735423, 'FABIO', 'HERNAN', 'SANCHEZ', 'GARZON', '1982-04-08', 'PEREIRA', 'PEREIRA', 'O+', 'MANZANA 35 CASA 16 BARRIO SIMÓN BOLIVAR, ARMENIA  ', 'ARMENIA', '7452558', 'MASCULINO', 1),
(9809507, 'JHON', 'GEY', 'QUIGUANAS', 'CARREÃ?O', '1976-06-14', 'PEREIRA', 'PEREIRA', 'O+', 'MANZANA 8 CASA 8 VILLA ALEJANDRA, ARMENIA  ', 'ARMENIA', '3154635971', 'MASCULINO', 1),
(9862498, 'HERNAN', 'DAVID', 'NAVARRETE', 'RAMIREZ', '1985-12-18', 'PEREIRA', 'PEREIRA', 'O+', 'CARRERA 9 NUMERO  8E 34 BARRIO KENEDY, PEREIRA  ', 'PEREIRA', '3146577403', 'MASCULINO', 1),
(9867331, 'FREIDER', 'DE JESUS', 'ATEHORTUA', 'GALLEGO', '1982-12-01', 'PEREIRA', 'PEREIRA', 'O+', 'CALLE 64B 1B 57 ETAPA C BLQ 19 APTO 1952 MIRADOR DE LLANO GRANDE PEREIRA', 'PEREIRA', '3107371080', 'MASCULINO', 1),
(9921457, 'JUAN', 'ANGEL', 'BERMUDEZ', 'CARDENAS', '1968-12-12', '17616', '17616', 'A+', 'CRA 9 NUMERO 18-70 CENTRO', '66001', '3104068880', 'MASCULINO', 1),
(9957041, 'JHON', 'FREDY', 'AGUDELO', 'YANTEN', '1974-11-12', 'PEREIRA', 'PEREIRA', 'O+', 'MANZANA 17 CASA 25   PARQUE INDUSTRIAL, PEREIRA', 'PEREIRA', '3143596713', 'MASCULINO', 1),
(9992812, 'LUIS', 'FERNANDO', 'CALLE', '', '1968-06-22', 'PEREIRA', 'PEREIRA', 'O+', 'MANZANA 24 CASA 3 BARRIO CAMPESTRE A, DOSQUEBRADAS  ', 'PEREIRA', '3221695', 'MASCULINO', 1),
(10008438, 'NESTOR', 'YESID', 'MARIN', 'HERRERA', '1978-10-12', 'PEREIRA', 'PEREIRA', 'O+', 'BARRIO PANORAMA 1', 'PEREIRA', '3203436238', 'MASCULINO', 1),
(10008724, 'RAMON', 'ALFONSO', 'CASTRO', 'HINCAPIE', '1978-09-16', 'PEREIRA', 'PEREIRA', 'O+', 'MANZANA 17 CASA 19 EL REMANSO PEREIRA', 'PEREIRA', '3104399606', 'MASCULINO', 1),
(10013075, 'LUIS', 'ORLAY', 'LOAIZA', 'PALACIO', '1979-11-13', 'PEREIRA', 'PEREIRA', 'O+', 'MANZANA 1 CASA 5 4TA ETAPA BOSQUES DE LA ACUARELA DOSQUEBRADAS  ', 'PEREIRA', '3137441930', 'MASCULINO', 1),
(10024793, 'YEYSON', 'EYDER', 'GIRALDO', 'OSPINA', '1975-05-05', 'PEREIRA', 'PEREIRA', 'O+', 'MANZANA 44 CASA 18 SAMARIA PEREIRA', 'PEREIRA', '3207075864', 'MASCULINO', 1),
(10051872, 'EDWAR', 'MAURICIO', 'TRIANA', 'CASTAÑO', '1985-12-05', 'PEREIRA', 'PEREIRA', 'O+', 'MANZANA 6 CASA 2 BARRIO LAS ACASIAS DOSQUEBRADAS', 'PEREIRA', '3148278416', 'MASCULINO', 1),
(10127786, 'YHON', 'JAIRO', 'VELEZ', 'TORRES', '1967-11-22', 'PEREIRA', 'PEREIRA', 'O+', 'MANZANA 14 CASA 24 ET III BARRIO BOSQUES ACUARELA, DOSQUEBRADAS  ', 'PEREIRA', '3280452', 'MASCULINO', 1),
(10128205, 'ARTURO', '', 'ROTAVISTA', 'PEREZ', '1967-12-09', 'PEREIRA', 'PEREIRA', 'O+', 'MANZANA 1 CASA 8 BARRIO ALTO DE LA CAPILLA, DOSQUEBRADAS  ', 'PEREIRA', '3143596713', 'MASCULINO', 1),
(10273868, 'ENRIQUE', '', 'SALINAS ', 'MORALES', '1966-07-25', 'PEREIRA', 'PEREIRA', 'O+', 'CRA 36 # 83A 22 LUCITANIA ', 'MANIZALES', '3146748376', 'MASCULINO', 1),
(10286362, 'VICTOR ', 'FABIO', 'CELIS ', 'BUITRAGO', '1970-01-19', 'PEREIRA', 'PEREIRA', 'O+', 'LA SIRIA CASERIO LA BODEGA ', 'MANIZALES', '3136578148', 'MASCULINO', 1),
(13993559, 'JOSE', 'ALBEIRO', 'SANCHEZ', 'CASTAÃ?EDA', '1983-03-10', 'PEREIRA', 'PEREIRA', 'O+', 'CARRERAA 14   13 B  03   ZARAZAL', 'ZARZAL', '3143596713', 'MASCULINO', 1),
(14571153, 'WILMAR', 'ANDRES', 'MARIN', 'ALZATE', '1984-11-21', 'PEREIRA', 'PEREIRA', 'O+', 'CARRERAA 5A NORTE # 25 04 BARRIO VILLA JULIANA  ', 'CARTAGO', '3127322982', 'MASCULINO', 1),
(14571892, 'GERMAN', 'ANDRES', 'CUAN', 'GALLEGO', '1985-07-28', 'PEREIRA', 'PEREIRA', 'O+', 'K 26A # 2 33 MANZANA L CASA 7 SAN AGUSTIN CARTAGO', 'PEREIRA', '3226844695', 'MASCULINO', 1),
(15908017, 'LUIS', 'CARLOS', 'VALENCIA', '', '1968-04-14', '17877', '17174', 'A+', 'CRA 12 # 40-24 BUENOS AIRES', '66001', '3216620204', 'MASCULINO', 1),
(15956575, 'CARLOS', 'ARIEL', 'CIFUENTES', 'LOAIZA', '1960-10-13', 'PEREIRA', 'PEREIRA', 'O+', 'MANZANA 27 CASA 5 20 BARRIO LA LINDA, MANIZALES  ', 'MANIZALES', '3125812348', 'MASCULINO', 1),
(15959842, 'JOSE', 'HERIBERTO', 'MARIN', 'MARULANDA', '1971-07-04', 'PEREIRA', 'PEREIRA', 'O+', 'CARRERAA 9 # 2 49 BARRIO EMPLEADOS / SALAMINA  ', 'MANIZALES', '3136085898', 'MASCULINO', 1),
(16055698, 'DUVERNEY', '', 'NARANJO', 'OTALVARO', '1984-12-08', 'PEREIRA', 'PEREIRA', 'O+', 'MANZANA 6 CASA 9 BARRIO ALTOS DE SANTA Mï¿½NICA, DOSQUEBRADAS  ', 'PEREIRA', '3307006', 'MASCULINO', 1),
(16226344, 'JAIME', 'ALBERTO', 'SOTO', 'RAMIREZ', '1971-06-08', 'PEREIRA', 'PEREIRA', 'O+', 'CALLE 8 NUMERO  9 46 BARRIO SAN NICOLAS, CARTAGO  ', 'CARTAGO', '2094974', 'MASCULINO', 1),
(16232307, 'EUGENIO', '', 'SANCHEZ', 'PAREJA', '1977-03-08', 'PEREIRA', 'PEREIRA', 'O+', 'CALLE 39  M 6 C 17   BARRIO  EL JAZMIN', 'PEREIRA', '3143596713', 'MASCULINO', 1),
(16485243, 'RAFAEL', 'ARCANGEL', 'CASTRO', 'GAVIRIA', '1965-02-06', 'PEREIRA', 'PEREIRA', 'O+', 'CALLE 13 NRO 4A 35 BARRIO BUENOS AIRES LA VIRGINIA  ', 'LA VIRGINIA', '3117611724', 'MASCULINO', 1),
(16627207, 'JOSE', 'NEFTALI', 'SOACHE', '', '1956-11-17', 'PEREIRA', 'PEREIRA', 'O+', 'MANZANA 4 CASA 28 BARRIO ALTO DE LA CAPILLA, DOSQUEBRADAS   ', 'PEREIRA', '3285628', 'MASCULINO', 1),
(18398705, 'WILLIAN', 'ALEXANDER', 'MEDINA', 'IDROBO', '1979-08-12', 'PEREIRA', 'PEREIRA', 'O+', 'CALLE 49 Nº 46 03 BARRIO ANTONIO NARIÑO, ARMENIA  ', 'ARMENIA', '7485692', 'MASCULINO', 1),
(18402946, 'JHON', 'DEIBER', 'ESTRADA', 'MARTINEZ', '1985-07-30', 'PEREIRA', 'PEREIRA', 'O+', 'CARRERA 26 Nº 32 22 BARRIO LAS AMERICAS, CALARCÁ  ', 'ARMENIA', '3217569243', 'MASCULINO', 1),
(18403227, 'CHRISTIAN', 'EMILIO', 'VELANDIA', 'GALLEGO', '1986-01-20', 'PEREIRA', 'PEREIRA', 'O+', 'MANZANA O CASA 20 BARRIO GAITAN CALARCA  ', 'ARMENIA', '7423439', 'MASCULINO', 1),
(18492028, 'JOVANNY', '', 'PUENTES', 'CARDONA', '1978-03-29', 'PEREIRA', 'PEREIRA', 'O+', 'MANZANA D #34 BARRIO MIRADOR CIRCASIA  ', 'ARMENIA', '3113925918', 'MASCULINO', 1),
(18532107, 'JENRY', 'DE JESUS', 'MARTINEZ', 'MOLINA', '1976-03-06', 'APIA (RISARALDA)', 'APIA (RISARALDA)', 'O+', 'CALLE 63 # 22-34 EL DIAMANTE ', 'PEREIRA', '313687945', 'MASCULINO', 1),
(18596498, 'LUIS', 'FERNANDO', 'RAMIREZ', 'GARCIA', '1970-11-13', 'PEREIRA', 'PEREIRA', 'O+', 'CARRERA 17 Nº 19 12 BARRIO SAN VICENTE, SANTA ROSA DE CABAL  ', 'PEREIRA', '317471775', 'MASCULINO', 1),
(18598051, 'JOSE', 'HENRY', 'CARDONA', '', '1973-06-02', 'PEREIRA', 'PEREIRA', 'O+', 'MANZANA 23 CASA 3A BARRIO PRIMAVERA AZUL, DOSQUEBRADAS  ', 'PEREIRA', '3431013', 'MASCULINO', 2),
(18606864, 'OSCAR', 'ALBERTO', 'FLOREZ', 'VANEGAS', '1974-12-14', 'PEREIRA', 'PEREIRA', 'O+', 'CALLE 12 Nº 2 16 BARRIO PUERTO CALDAS, PEREIRA  ', 'PEREIRA', '3206879459', 'MASCULINO', 1),
(24335922, 'LINA', 'YULIANA', 'PAREJA', 'SALAZAR', '1985-01-04', 'PEREIRA', 'PEREIRA', 'O+', 'PLAN 3 CASA 62 CAMILO TORRES DOSQUEBRADAS  ', 'PEREIRA', '3008576990', 'FEMENINO', 1),
(24398541, 'GIOVANINA', '', 'BOHORQUEZ', 'CORDOBA', '1983-10-15', 'PEREIRA', 'PEREIRA', 'O+', 'MANZANA3 CASA3 BARRIO LOS SAUCES 3 CUBA  ', 'PEREIRA', '3134908594', 'FEMENINO', 1),
(29435277, 'MONICA', 'ALEXANDRA', 'OBANDO', 'CORDOBA', '1978-11-05', 'PEREIRA', 'PEREIRA', 'O+', 'MANZANA O CASA 8 TERRANOVA III CUBA', 'PEREIRA', '3113360911', 'FEMENINO', 1),
(30360511, 'BIBIANA', '', 'MONSALVE', '', '1982-10-16', 'PEREIRA', 'PEREIRA', 'O+', 'CALLE 719  62   BARRIO  CHINCHINA', 'ARMENIA', '3143596713', 'FEMENINO', 1),
(31412768, 'LILIANA', '', 'MOLINA', 'DELGADO', '1968-03-14', 'PEREIRA', 'PEREIRA', 'O+', 'CARRERAA 28#46 45 FINCA BATADAN CALARCA QUINDIO  ', 'CALARCA', '3143596713', 'FEMENINO', 1),
(41912001, 'AMANDA', 'PATRICIA', 'OCAMPO', 'CARO', '1966-11-22', 'PEREIRA', 'PEREIRA', 'O+', 'MANZANA 25 CASA 3 BARRIO PTO ESPEJO ARMENIA  ', 'ARMENIA', '7327605', 'FEMENINO', 1),
(42144878, 'JOANNA', '', 'JARAMILLO', 'COLORADO', '1981-05-18', 'PEREIRA', 'PEREIRA', 'O+', 'CALLE 26B # 13B 24 NUEVO MEXICO PEREIRA', 'PEREIRA', '3235910580', 'FEMENINO', 1),
(42155186, 'BIVIANA', 'PATRICIA', 'SOTO', 'LOPEZ', '1982-09-01', 'PEREIRA', 'PEREIRA', 'O+', 'CARRERA 29 # 78 17 PORTAL DE CORALES CUBA PEREIRA', 'PEREIRA', '3014220581', 'FEMENINO', 1),
(42159210, 'SANDRA', 'MILENA', 'CALDERON', 'GIRALDO', '1984-07-06', 'PEREIRA', 'PEREIRA', 'O+', 'MANZANA 3 CASA 32   BARRIO  EL DORADO (CUBA)', 'PEREIRA', '2634068', 'FEMENINO', 1),
(75033492, 'JUAN', 'CARLOS', 'PEREZ', '', '1971-06-11', 'PEREIRA', 'PEREIRA', 'O+', 'CALLE 61#32E 06 BARRIO FATIMA  ', 'MANIZALES', '3108211262', 'MASCULINO', 1),
(75050002, 'JOSE', 'HUMBERTO', 'DUQUE', 'AGUIRRE', '1977-10-06', 'PEREIRA', 'PEREIRA', 'O+', 'CARRERAA 22  8   42   BARRIO  EL JAPON', 'PEREIRA', '3143596713', 'MASCULINO', 1),
(75079795, 'CARLOS', 'IVAN', 'LOPEZ', 'MARULANDA', '1976-03-12', 'PEREIRA', 'PEREIRA', 'O+', 'CARRERA 12B Nº 48 43 BARRIO EL CARIBE, MANIZALES  ', 'MANIZALES', '3116334058', 'MASCULINO', 1),
(75081513, 'JOSE ', 'ELKIN', 'HUIGITA ', 'CARDONA', '1976-09-16', 'PEREIRA', 'PEREIRA', 'O+', 'CRA 31 #101-29 LA ENEA', 'MANIZALES', '3216473439', 'MASCULINO', 1),
(75084858, 'HECTOR ', 'MAURICIO', 'ARANGO ', 'NARANJO', '1976-12-15', 'PEREIRA', 'PEREIRA', 'O+', 'CALLE 43 3 23-32 manizales', 'MANIZALES', '3145555797', 'MASCULINO', 1),
(75088561, 'LUIS', 'FERNANDO', 'VALENCIA', 'CARDENAS', '1978-08-15', 'MANIZALES (CALDAS)', 'MANIZALES (CALDAS)', 'O+', 'CALLE 5A NUMERO 22-04 ALCAZARES MANIZALES', 'MANIZALES (CALDAS)', '3137950300', 'MASCULINO', 1),
(75101610, 'JESUS', 'ASDRUBAL', 'SANCHEZ', 'MORALES', '1984-05-28', 'PEREIRA', 'PEREIRA', 'O+', 'MZ 24 CS 7 POBLADO 2 PEREIRA', 'PEREIRA', '3128492274', 'MASCULINO', 1),
(75143474, 'WILSON', '', 'FLOREZ', 'MONTES', '1972-04-08', 'PEREIRA', 'PEREIRA', 'O+', 'CALLE 51 # 51 5', 'PEREIRA', '3133236497', 'MASCULINO', 1),
(75144459, 'JOSE', 'UBALDO', 'CARDENAS', 'ORREGO', '1974-01-21', 'PEREIRA', 'PEREIRA', 'O+', 'MANZANA 11 CASA 27 PARQUE INDUSTRIAL SECTOR D  ', 'PEREIRA', '3113683178', 'MASCULINO', 1),
(75146518, 'JORGE', 'HERNAN', 'ARBOLEDA', 'GRISALES', '1977-12-29', 'PEREIRA', 'PEREIRA', 'O+', 'MANZANA 11 CASA 24 BARRIO CAMPESTRE A, DOSQUEBRADAS  ', 'PEREIRA', '3220669', 'MASCULINO', 1),
(79875267, 'HUGO', 'FERNEY', 'BOLAÑOS', 'CESPEDES', '1977-03-23', 'RIVIRA (VALLE)', 'BOGOTA DC', 'O+', 'CALLE 71 NUMERO 35 37 SAUCES 2 PEREIRA', 'PEREIRA', '3116138298', 'MASCULINO', 1),
(83241316, 'YHON', 'FREDY', 'BURITICA', 'ROJAS', '1976-05-24', 'PEREIRA', 'PEREIRA', 'O+', '   BARRIO  CUBA LA ACUARELA', 'PEREIRA', '3214218483', 'MASCULINO', 1),
(89004457, 'JOSE', 'HERIBERTO', 'MORA', 'ERAZO', '1976-01-20', 'PEREIRA', 'PEREIRA', 'O+', 'MANZANA 13 CASA 8  BARRIO LOS QUINDOS, ARMENIA  ', 'ARMENIA', '3116209481', 'MASCULINO', 1),
(93383597, 'CARLOS', 'ALBERTO', 'MARTINEZ', 'ACOSTA', '1971-05-11', 'IBAGUE (TOLIMA)', 'IBAGUE (TOLIMA)', 'O+', 'MANZANA 17 CASA 31 SAMARIA ', 'PEREIRA', '3192847402', 'MASCULINO', 1),
(94288775, 'ROBINSON', '', 'ROMAN', 'QUINTERO', '1984-04-21', 'PEREIRA', 'PEREIRA', 'O+', 'MANZANA 18 CASA 22   BARRIO  EL REMANSO', 'PEREIRA', '3143596713', 'MASCULINO', 1),
(94310956, 'EDUAR', '', 'GIRALDO', 'OSORIO', '1971-06-03', '91001', '91001', 'O+', 'MANZANA 2 CASA 3 BARRIO LA GRACIELA, DOSQUEBRADAS  ', '91001', '3300770', 'MASCULINO', 1),
(94533834, 'JOHN', 'ALEXANDER', 'PRADA', 'MENDOZA', '1978-07-01', 'PEREIRA', 'PEREIRA', 'O+', 'MANZANA 7 CASA 5 BARRIO CIUDAD DORADA, ARMENIA  ', 'ARMENIA', '3116280028', 'MASCULINO', 1),
(1004699846, 'LUISA', 'FERNANDA', 'PEREZ', 'HERRERA', '1988-04-08', 'PEREIRA', 'PEREIRA', 'O+', 'MANZANA 6 CASA 13 LAS COLINAS DOSQUEBRADAS  ', 'PEREIRA', '3115961868', 'FEMENINO', 1),
(1017176282, 'ANDRES', 'FELIPE', 'VARGAS', 'JARAMILLO', '1989-06-29', 'PEREIRA', 'PEREIRA', 'O+', 'CARRERA 20 NUMERO 24-09 PROVIDENCIA PEREIRA', 'PEREIRA', '3138604482', 'MASCULINO', 1),
(1053769960, 'EDWIN', 'ALONSO', 'LAISECA', 'LOPEZ', '1986-07-25', '17001', '17001', 'O+', 'CARRERA 15A NUMERO  62-01 SANTA TERESITA DOSQUEBRADAS', '17001', '3137680656', 'MASCULINO', 1),
(1053791075, 'OMAR', 'ALBERTO', 'OSPINA', 'GALVIS', '1988-11-07', 'PEREIRA', 'PEREIRA', 'O+', 'BLOQUE 21 APTO 2134 SAN SEBASTIAN MANIZALES', 'MANIZALES', '3216319165', 'MASCULINO', 1),
(1053791943, 'JOHN', 'FELIX', 'CUTA', 'CASTRO', '1988-08-12', 'PEREIRA', 'PEREIRA', 'O+', 'CALLE 65H# 41 53 LAS COLINAS MANIZALES  ', 'MANIZALES', '3114888221', 'MASCULINO', 1),
(1053820716, 'CRISTIAN', 'DAVID', 'GALLEGO', 'MUÑOZ', '1992-08-28', 'PEREIRA', 'PEREIRA', 'O+', 'VERACRUZ CASA 4 VIA LA LINDA MANIZALES', 'MANIZALES', '3022884010', 'MASCULINO', 1),
(1053843554, 'BRAYAN', 'ALEXIS', 'NIETO', 'FRANCO', '1995-07-12', 'PEREIRA', 'PEREIRA', 'O+', 'CARRERA 16 NUMERO 20-51 MANIZALES', 'MANIZALES', '3114308636', 'MASCULINO', 1),
(1053851139, 'ALEXIS', '', 'ARROYAVE', 'RENDON', '1996-07-15', '17873', '17001', 'O+', 'CARRERA 37B CALLE 67B-19 MANIZALES', '17001', '3183607099', 'MASCULINO', 2),
(1054916493, 'MONICA', 'MARIA', 'CARDONA', 'SALDARRIAGA', '1986-03-10', 'PEREIRA', 'PEREIRA', 'O+', 'CALLEL 32 NUMERO  10 10 APTO 1 GUADALUPE DOSQUEBRADAS    ', 'PEREIRA', '3127169613', 'FEMENINO', 1),
(1054921787, 'JAIME', 'ALONSO', 'MONTES', 'HURTADO', '1992-05-26', 'PEREIRA', 'PEREIRA', 'O+', 'CARRERA 15 NUMERO 58 06 SANTA TERESITA DONQUEBARRIOADAS', 'PEREIRA', '3126576507', 'MASCULINO', 1),
(1054990354, 'JHON', 'FERNANDO', 'TORRES', 'LONDOÑO', '1989-10-24', 'PEREIRA', 'PEREIRA', 'O+', 'CALLEL 65 # 33 05 FATIMA MANIZALES', 'MANIZALES', '3145697076', 'MASCULINO', 1),
(1057757266, 'JHON', 'EDUARD', 'SANCHEZ', 'LONDOÑO', '1989-06-04', 'PEREIRA', 'PEREIRA', 'O+', 'MANZANA 15  C 10 B   BARRIO  PRIMAVERA  AZUL', 'PEREIRA', '3143596713', 'MASCULINO', 1),
(1059785331, 'JOHAN', 'SEBASTIAN', 'VALENCIA', 'CARVAJAL', '1990-04-26', 'PEREIRA', 'PEREIRA', 'O+', 'CARRERA 33B    99A 42   BARRIO  LA ENEA, MANIZALES', 'MANIZALES', '3105942290', 'MASCULINO', 1),
(1059811622, 'MARCO', 'TULIO', 'TRUJILLO', 'MONTOYA', '1989-04-10', 'PEREIRA', 'PEREIRA', 'O+', 'CALLE 18 CON 15 LOS AJUSTINOS, MANIZALES ', 'MANIZALES', '3112203529', 'MASCULINO', 1),
(1060646253, 'JORGE', 'ARMANDO', 'HURTADO', 'RENDON', '1986-07-20', 'PEREIRA', 'PEREIRA', 'O+', 'CALLE 3A#19 20  LOS CEREZOS VILLA MARIA CALDAS  ', 'MANIZALES', '3212284856', 'MASCULINO', 1),
(1061624208, 'WILLIAM', 'ANDRES', 'GONZALEZ', 'RIOS', '1986-09-06', 'PEREIRA', 'PEREIRA', 'O+', 'MANZANA B CASA 10 BARRIO VILLA ASIS, PALESTINA, CALDAS  ', 'MANIZALES', '3146788062', 'MASCULINO', 1),
(1086136367, 'JESUS', 'HOMERO', 'ENRIQUEZ', 'CUNDAR', '1991-10-24', 'PEREIRA', 'PEREIRA', 'O+', 'CALLE 17 # 24 29 CIUDAD JARDIN PEREIRA', 'PEREIRA', '3178683909', 'MASCULINO', 1),
(1086278089, 'ALVARO', 'DIEGO', 'ECHEVERRI', 'QUICENO', '1986-08-21', 'PEREIRA', 'PEREIRA', 'O+', 'CARRERA 7° NUMERO  6 63 BARRIO VILLAVICENCIO, PEREIRA  ', 'PEREIRA', '3458660', 'MASCULINO', 1),
(1087994186, 'STEEVEN', '', 'CARO', 'PATIÑO', '1988-04-15', '66001', '66170', 'O+', 'MANZANA 2 CASA 1 BARRIO BELLA VISTA PEREIRA', '66001', '3235883831', 'MASCULINO', 2),
(1088002131, 'LEIDY', 'JOHANA', 'SANCHEZ', 'ORTIZ', '1990-02-22', 'PEREIRA', 'PEREIRA', 'O+', 'CALLE 23   19  81   BARRIO  LA PRADERA', 'PEREIRA', '3143596713', 'FEMENINO', 1),
(1088003280, 'EVERARDO', 'ANTONIO', 'MORALES', 'CARDONA', '1990-06-20', 'PEREIRA', 'PEREIRA', 'O+', 'PLAN 3 ZONA 7 CASA 80   BARRIO  CAMILO TORRES', 'PEREIRA', '3143596713', 'MASCULINO', 1),
(1088021467, 'SARA', 'CAMILA', 'MONTOYA', 'MANRIQUE', '1995-02-14', 'PEREIRA', 'PEREIRA', 'O+', 'CARRERAA 29  10  52   BARRIO  OCARINA', 'PEREIRA', '3143596713', 'FEMENINO', 1),
(1088238927, 'RONALD ', '', 'MACHADO', 'GOMEZ', '1984-10-30', 'PEREIRA', 'PEREIRA', 'O+', 'CARRERAA 8  NUMERO  78 75 BARRIO', 'PEREIRA', '3103979030', 'MASCULINO', 1),
(1088245901, 'JESSICA ', '', 'GIRALDO', 'OROZCO', '1986-11-27', 'PEREIRA', 'PEREIRA', 'O+', 'M    1C 12   BARRIO  BARRIOISAS DEL CONSOTA', 'PEREIRA', '3146476411', 'FEMENINO', 1),
(1088248409, 'LEANDRO', 'ALEXANDER', 'RAMIREZ', 'SALAZAR', '1987-01-04', 'PEREIRA', 'PEREIRA', 'O+', 'KR 41A    63 06   BARRIO  NORMANDIA', 'PEREIRA', '3127861935', 'MASCULINO', 1),
(1088256244, 'YESID', 'LEANDRO', 'MARQUEZ', 'PRADILLA', '1988-01-07', 'LA VIRGINIA', 'PEREIRA', 'O+', 'AV 30 AGOSTO 42-15', 'PEREIRA', '3148707167', 'MASCULINO', 2),
(1088273174, 'PAULA', 'ANDREA', 'JIMENEZ', 'MONTOYA', '1989-10-12', '66440', '66001', 'O-', 'CALLE 64B 1B 57 ETAPA C BLQ 16 APTO 1654 MIRADOR DE LLANO GRANDE PEREIRA', '66001', '3123112961', 'FEMENINO', 1),
(1088292581, 'GUSTAVO', 'ADOLFO', 'LOPEZ', 'GAONA', '1991-09-15', 'PEREIRA', 'PEREIRA', 'O+', 'MANZANA 20 CASA 50 LAS MERCEDES CUBA  ', 'PEREIRA', '3405848', 'MASCULINO', 1),
(1088313813, 'YEISON', 'ALEXANDER', 'MORALES', 'GUARUMO', '1993-12-17', 'PEREIRA', 'PEREIRA', 'O+', 'MANZANA 9 CASA 196 BARRIO SAN MARCOS CUBA  ', 'PEREIRA', '3234107', 'MASCULINO', 1),
(1088321795, 'MARIO', 'ALEJANDRO', 'MARULANDA', 'SERNA', '1994-10-27', 'PEREIRA', 'PEREIRA', 'O+', 'MANZANA 10 CASA 22 PARQUE INDUSTRIAL  ', 'PEREIRA', '3226466781', 'MASCULINO', 1),
(1088327284, 'ERIK', 'SANTIAGO', 'ZAPATA', 'CANDELA', '1995-06-16', 'PEREIRA', 'PEREIRA', 'O+', 'CARRERAA 31A # 71 34 LOS SAUCES', 'PEREIRA', '3207448232', 'MASCULINO', 1),
(1088335097, 'MATIAS', 'ALEJANDRO', 'MARQUEZ', 'JIMENEZ', '2014-05-06', 'PEREIRA', '20', 'O+', 'AV 30 AGOSTO 42-15', '20', '3148707167', 'MASCULINO', 1),
(1089746531, 'MISCIO', '', 'RODAS', 'SANCHEZ', '1992-06-30', 'PEREIRA', 'PEREIRA', 'O+', 'TRANSVERSAL 6 # 17 22 CENTRO LA VIRGINIA', 'PEREIRA', '3106591563', 'MASCULINO', 1),
(1090333214, 'CARLOS', 'ALEXIS', 'PESCADOR', 'ARICAPA', '1988-02-28', 'PEREIRA', 'PEREIRA', 'O+', 'MANZANA 7A CASA 13 BARRIO BELMONTE PEREIRA', 'PEREIRA', '3206748696', 'MASCULINO', 1),
(1090336662, 'JHON', 'FABER', 'MONCADA', 'BECERRA', '1994-01-08', 'PEREIRA', 'PEREIRA', 'O+', 'CUBA LA PLAYITA', 'PEREIRA', '3108418905', 'MASCULINO', 2),
(1093215267, 'JORGE', 'HERNAN', 'CARVAJAL', 'SERNA', '1988-02-03', 'PEREIRA', 'PEREIRA', 'O+', 'MANZANA 1 CASA 74, EL ACUARIO,PEREIRA', 'PEREIRA', '3225014701', 'MASCULINO', 1),
(1094882530, 'LUIS', 'CARLOS', 'CARDENAS', 'DUQUE', '1986-04-10', 'PEREIRA', 'PEREIRA', 'O+', 'MANZANA 24 CASA 5 BARRIO LOS QUINDOS, ARMENIA  ', 'ARMENIA', '3163894526', 'MASCULINO', 1),
(1094902525, 'JUAN', 'DAVID', 'VILLABONA', 'HERNANDEZ', '1989-01-25', 'PEREIRA', 'PEREIRA', 'O+', 'MANZANA F CASA 1 BARRIO CENTENARIO, ARMENIA  ', 'ARMENIA', '3137743724', 'MASCULINO', 1),
(1094911267, 'FABER', '', 'CHAMORRO', 'ACEVEDO', '1990-01-25', 'PEREIRA', 'PEREIRA', 'O+', 'MANZANA Ñ CASA 18 ET 1 BARRIO VILLA CAROLINA, ARMENIA  ', 'ARMENIA', '7407719', 'MASCULINO', 1),
(1096645342, 'JHON', 'ANDRES', 'MONTOYA', 'SOTO', '1991-05-19', 'PEREIRA', 'PEREIRA', 'O+', 'MANZANA 21 CASA 15 PARQUE INDISTRIAL PEREIRA', 'PEREIRA', '3212559038', 'MASCULINO', 1),
(1096646154, 'JUAN', 'DAVID', 'BRIJALBA', 'GUERRERO', '1994-08-31', 'PEREIRA', 'PEREIRA', 'O+', 'CALLE 31  7  33   BARRIO  LAS MERCEDES', 'PEREIRA', '3143596713', 'MASCULINO', 1),
(1097729714, 'CAROLINA', '', 'HINCAPIE', 'RIOS', '1997-06-30', 'PEREIRA', 'PEREIRA', 'O+', 'CALLE 13  5  12   BARRIO  MONTENEGRO', 'MANIZALES', '3143596713', 'FEMENINO', 1),
(1098308090, 'ELVER', 'ANTONIO', 'LADINO', 'CASTAÑO', '1989-08-26', 'PEREIRA', 'PEREIRA', 'O+', 'MANZANA 25 CASA 400 BARRIO LOS CRISTALES CUBA', 'PEREIRA', '3106850072', 'MASCULINO', 1),
(1104675026, 'JORGE', 'ULISES', 'AGUIRRE', 'GONZALEZ', '1991-09-17', 'PEREIRA', 'PEREIRA', 'O+', 'MZ 3 CS 5 BR VILLANUEVA, HERVEO', 'MANIZALES', '3187309004', 'MASCULINO', 1),
(1109293858, 'CAMILO', 'ANDRES', 'LADINO', 'GIL', '1988-09-15', 'PEREIRA', 'PEREIRA', 'O+', 'CARRERAA 13 #4 103 BARRIO EL TOPACIO MANIZALES  ', 'MANIZALES', '3206176873', 'MASCULINO', 1),
(1112620937, 'EDWIN', 'YOHAN', 'SEPULVEDA', 'VARON', '1988-07-09', '76147', '76400', 'O+', 'CARRERA 13 TRANSVERSAL 7 NUMERO 7T-18 CARTAGO', '66001', '3117355526', 'MASCULINO', 1),
(1112761152, 'EDGAR', 'ANTONIO', 'ACEVEDO', 'DIAZ', '1987-01-26', 'PEREIRA', 'PEREIRA', 'O+', 'MANZANA C 5   BARRIO  EL POBLADO', 'CARTAGO', '3143596713', 'MASCULINO', 1),
(1112763778, 'WILMER', 'FABIAN', 'ESTRADA', 'ARCE', '1988-03-10', 'PEREIRA', 'PEREIRA', 'O+', 'CARRERA 4 # 1 59 PUERTO CALDAS PEREIRA', 'PEREIRA', '3114121208', 'MASCULINO', 1),
(1112769004, 'YUDITH', 'ANDREA', 'ZAPATA', 'RIOS', '1990-01-07', '', '', 'O+', 'CALLE 66 BIS 27 BIS 19 CUBA', '', '3128347120', 'FEMENINO', 1),
(1112770431, 'CRISTIAN', 'CAMILO', 'RENDON', 'RESTREPO', '1990-06-19', 'PEREIRA', 'PEREIRA', 'O+', 'CARRERAA 16  15  15   BARRIO  REPUBLICA', 'CARTAGO', '3143596713', 'MASCULINO', 1),
(1112780067, 'CAMILO', '', 'ECHEVERRY', 'RIOS', '1993-10-03', 'PEREIRA', 'PEREIRA', 'O+', 'av 30 de agosto 42 15', 'CARTAGO', '3143596713', 'MASCULINO', 1),
(1112785487, 'JIMMY', 'ALEJANDRO', 'VILLA', 'AGUDELO', '1995-08-03', 'CARTAGO (VALLE)', 'CARTAGO (VALLE)', 'A-', 'CALLE 45B # 3 60 SANTA ANA CARTAGO', 'CARTAGO (VALLE)', '3187981168', 'MASCULINO', 1),
(1113533829, 'KARINA', '', 'ORTIZ', 'RINCON', '1995-12-11', 'PEREIRA', 'PEREIRA', 'O+', 'MANZANA 43 CASA 12  2500 LOTES', 'PEREIRA', '3219573793', 'FEMENINO', 1),
(1113779033, 'JULIETH', '', 'RODRIGUEZ', 'CORREA', '1986-07-12', 'PEREIRA', 'PEREIRA', 'O+', 'CARRERA 14  13 B  03   BARRIO  ZARZALITO', 'ZARZAL', '3143596713', 'FEMENINO', 1),
(1114092888, 'JHOAN', 'STIVEN', 'GALVIS', 'ORREGO', '1993-01-14', 'PEREIRA', 'PEREIRA', 'O+', 'CARRERAA 17C#7 20 EL ROSARIO CARTAGO  ', 'PEREIRA', '3217944228', 'MASCULINO', 1),
(1114399115, 'RODRIGO', 'ANDRES', 'TURRIAGO', 'PATIÑO', '1988-09-06', 'PEREIRA', 'PEREIRA', 'O+', 'CARRERA 15 # 705 COROSITO PEREIRA', 'PEREIRA', '3123845661', 'MASCULINO', 1),
(1116437684, 'ANDRES', 'ADOLFO', 'TORRES', 'GARCIA', '1989-12-04', 'PEREIRA', 'PEREIRA', 'O+', 'CARRERA  8#2 27 BELLAVISTA CARTAGO  ', 'CARTAGO', '3217185222', 'MASCULINO', 1),
(1116726252, 'FRANCISCO', 'JAVIER ', 'GRISALES', '', '1993-02-17', 'PEREIRA', 'PEREIRA', 'O+', 'FINCA BUENOS AIRES/ ROCIO  ', 'PEREIRA', '3106922046', 'MASCULINO', 1),
(1121199035, 'NESTOR', 'DUGLAS', 'LEON', 'PURICHO', '1986-07-06', '91540', '91001', 'O+', 'MANZANA 6 CASA 19 BELLO HORIZONTE CUBA PEREIRA', '91001', '3135906304', 'MASCULINO', 1),
(1225090556, 'DANIELA', '', 'CARMONA', 'ARIAS', '1998-04-17', 'PEREIRA', 'PEREIRA', 'O+', 'MANZANA 27 CASA S25 CUBA PEREIRA', 'PEREIRA', '3461834', 'FEMENINO', 1);

-- --------------------------------------------------------

--
-- Estructura de tabla para la tabla `entidad`
--

CREATE TABLE `entidad` (
  `id_entidad` int(100) NOT NULL,
  `tipo_entidad` varchar(100) NOT NULL,
  `nombre_entidad` varchar(100) NOT NULL
) ENGINE=InnoDB DEFAULT CHARSET=utf8;

--
-- Volcado de datos para la tabla `entidad`
--

INSERT INTO `entidad` (`id_entidad`, `tipo_entidad`, `nombre_entidad`) VALUES
(1, '1', '1'),
(11, 'EPS', 'EPS SALUD TOTAL S.A. EPS ARS'),
(17, 'CCF', 'CCF COMFAMA'),
(22, 'EPS', 'EPS COMPAÑIA SURAMERICANA DE SERVICIOS D'),
(26, 'AFP', 'PROTECCION FONDO DE PENSIONES OBLIGATORI'),
(37, 'AFP', 'COLFONDOS'),
(46, 'CCF', 'CCF RISARALDA'),
(47, 'AFP', 'PORVENIR'),
(53, 'BAN', 'BANCOLOMBIA S.A.'),
(58, 'BAN', 'RED MULTIBANCA COLPATRIA S.A.'),
(73, 'BAN', 'CITIBANK COLOMBIA (ACH)'),
(74, 'AFP', 'Colpensiones'),
(75, 'EPS', 'Nueva EPS'),
(84, 'ARP', 'SEGUROS DE VIDA COLPATRIA S.A.'),
(86, 'EPS', 'EPS CAFESALUD EPS'),
(89, 'EPS', 'EPS FAMISANAR LTDA. CAFAM COLSUBSIDIO'),
(90, 'CCF', 'CCF COLSUBSIDIO'),
(96, 'CCF', 'CCF COMFENALCO DEL TOLIMA'),
(99, 'CCF', 'CCF CONFAMILIARES'),
(107, 'EPS', 'EPS SANITAS S.A.'),
(112, 'EPS', 'EPS SERVICIO OCCIDENTAL DE SALUD S.A. S.'),
(115, 'CCF', 'CCF COMFENALCO QUINDIO'),
(120, 'CCF', 'CCF VALLE DEL CAUCA'),
(123, 'EPS', 'EPS COOMEVA EPS S.A.'),
(129, 'EPS', 'EPS SSS NUEVA EPS'),
(130, 'EPS', 'Fosyga'),
(135, 'EPS', 'ASMET SALUD'),
(136, 'AFC', ' PROTECCION'),
(137, 'AFC', 'PORVENIR'),
(138, 'AFP', 'COLFONDOS'),
(139, 'AFC', 'FONDO NACIONAL DEL AHORRO'),
(140, 'AFC', 'OLD MUTUAL PENSIONES Y CESANTIAS'),
(141, 'AFC', 'COLFONDOS'),
(463, 'EPS', 'Medimás EPS S.A.S.');

-- --------------------------------------------------------

--
-- Estructura de tabla para la tabla `estado`
--

CREATE TABLE `estado` (
  `id_estado` int(50) NOT NULL,
  `descripcion` varchar(100) NOT NULL,
  `motivo` varchar(100) NOT NULL
) ENGINE=InnoDB DEFAULT CHARSET=utf8;

--
-- Volcado de datos para la tabla `estado`
--

INSERT INTO `estado` (`id_estado`, `descripcion`, `motivo`) VALUES
(1, 'ACTIVO', ''),
(2, 'INACTIVO', '');

-- --------------------------------------------------------

--
-- Estructura de tabla para la tabla `imagenes`
--

CREATE TABLE `imagenes` (
  `id_foto` int(255) NOT NULL,
  `ruta` varchar(100) NOT NULL
) ENGINE=InnoDB DEFAULT CHARSET=utf8;

--
-- Volcado de datos para la tabla `imagenes`
--

INSERT INTO `imagenes` (`id_foto`, `ruta`) VALUES
(0, 'imagenes/'),
(2316358, 'imagenes/2316358.jpg'),
(4391851, 'imagenes/4391851.jpg'),
(1088256244, 'imagenes/'),
(1088335097, 'imagenes/'),
(1121199035, 'imagenes/fotos/1121199035.jpg');

-- --------------------------------------------------------

--
-- Estructura de tabla para la tabla `imagenes_cedula`
--

CREATE TABLE `imagenes_cedula` (
  `id_imagenc` int(100) NOT NULL,
  `ruta` varchar(100) NOT NULL
) ENGINE=InnoDB DEFAULT CHARSET=utf8;

--
-- Volcado de datos para la tabla `imagenes_cedula`
--

INSERT INTO `imagenes_cedula` (`id_imagenc`, `ruta`) VALUES
(2316358, 'imagenes/cedula/2316358.jpg'),
(2680820, 'imagenes/cedula/2680820.jpg'),
(4372275, 'imagenes/cedula/4372275.jpg'),
(4391851, 'imagenes/cedula/4391851.jpg'),
(4512715, 'imagenes/cedula/4512715.jpg'),
(4578632, 'imagenes/cedula/4578632.jpg'),
(6391245, 'imagenes/cedula/6391245.jpg'),
(7549474, 'imagenes/cedula/7549474.jpg'),
(7959553, 'imagenes/cedula/7959553.jpg'),
(9697467, 'imagenes/cedula/9697467.jpg'),
(9697804, 'imagenes/cedula/9697804.jpg'),
(9726942, 'imagenes/cedula/9726942.jpg'),
(9727897, 'imagenes/cedula/9727897.jpg'),
(9728928, 'imagenes/cedula/9728928.jpg'),
(9735423, 'imagenes/cedula/9735423.jpg'),
(9809507, 'imagenes/cedula/9809507.jpg'),
(9862498, 'imagenes/cedula/9862498.jpg'),
(9867331, 'imagenes/cedula/9867331.jpg'),
(9921457, 'imagenes/cedula/9921457.jpg'),
(9957041, 'imagenes/cedula/9957041.jpg'),
(9992812, 'imagenes/cedula/9992812.jpg'),
(10008438, 'imagenes/cedula/10008438.jpg'),
(10008724, 'imagenes/cedula/10008724.jpg'),
(10013075, 'imagenes/cedula/10013075.jpg'),
(10024793, 'imagenes/cedula/10024793.jpg'),
(10051872, 'imagenes/cedula/10051872.jpg'),
(10127786, 'imagenes/cedula/10127786.jpg'),
(10128205, 'imagenes/cedula/10128205.jpg'),
(10273868, 'imagenes/cedula/10273868.jpg'),
(10286362, 'imagenes/cedula/10286362.jpg'),
(13993559, 'imagenes/cedula/13993559.jpg'),
(14571153, 'imagenes/cedula/14571153.jpg'),
(14571892, 'imagenes/cedula/14571892.jpg'),
(15908017, 'imagenes/cedula/15908017.jpg'),
(15956575, 'imagenes/cedula/15956575.jpg'),
(15959842, 'imagenes/cedula/15959842.jpg'),
(16055698, 'imagenes/cedula/16055698.jpg'),
(16226344, 'imagenes/cedula/16226344.jpg'),
(16232307, 'imagenes/cedula/16232307.jpg'),
(16485243, 'imagenes/cedula/16485243.jpg'),
(16627207, 'imagenes/cedula/16627207.jpg'),
(18398705, 'imagenes/cedula/18398705.jpg'),
(18402946, 'imagenes/cedula/18402946.jpg'),
(18403227, 'imagenes/cedula/18403227.jpg'),
(18492028, 'imagenes/cedula/18492028.jpg'),
(18532107, 'imagenes/cedula/18532107.jpg'),
(18596498, 'imagenes/cedula/18596498.jpg'),
(18598051, 'imagenes/cedula/18598051.jpg'),
(18606864, 'imagenes/cedula/18606864.jpg'),
(24335922, 'imagenes/cedula/24335922.jpg'),
(24398541, 'imagenes/cedula/24398541.jpg'),
(29435277, 'imagenes/cedula/29435277.jpg'),
(30360511, 'imagenes/cedula/30360511.jpg'),
(31412768, 'imagenes/cedula/31412768.jpg'),
(41912001, 'imagenes/cedula/41912001.jpg'),
(42144878, 'imagenes/cedula/42144878.jpg'),
(42155186, 'imagenes/cedula/42155186.jpg'),
(42159210, 'imagenes/cedula/42159210.jpg'),
(75033492, 'imagenes/cedula/75033492.jpg'),
(75050002, 'imagenes/cedula/75050002.jpg'),
(75079795, 'imagenes/cedula/75079795.jpg'),
(75081513, 'imagenes/cedula/75081513.jpg'),
(75084858, 'imagenes/cedula/75084858.jpg'),
(75088561, 'imagenes/cedula/75088561.jpg'),
(75101610, 'imagenes/cedula/75101610.jpg'),
(75143474, 'imagenes/cedula/75143474.jpg'),
(75144459, 'imagenes/cedula/75144459.jpg'),
(75146518, 'imagenes/cedula/75146518.jpg'),
(79875267, 'imagenes/cedula/79875267.jpg'),
(83241316, 'imagenes/cedula/83241316.jpg'),
(89004457, 'imagenes/cedula/89004457.jpg'),
(93383597, 'imagenes/cedula/93383597.jpg'),
(94288775, 'imagenes/cedula/94288775.jpg'),
(94310956, 'imagenes/cedula/94310956.jpg'),
(94533834, 'imagenes/cedula/94533834.jpg'),
(1004699846, 'imagenes/cedula/1004699846.jpg'),
(1017176282, 'imagenes/cedula/1017176282.jpg'),
(1053769960, 'imagenes/cedula/1053769960.jpg'),
(1053791075, 'imagenes/cedula/1053791075.jpg'),
(1053791943, 'imagenes/cedula/1053791943.jpg'),
(1053820716, 'imagenes/cedula/1053820716.jpg'),
(1053843554, 'imagenes/cedula/1053843554.jpg'),
(1053851139, 'imagenes/cedula/1053851139.jpg'),
(1054916493, 'imagenes/cedula/1054916493.jpg'),
(1054921787, 'imagenes/cedula/1054921787.jpg'),
(1054990354, 'imagenes/cedula/1054990354.jpg'),
(1057757266, 'imagenes/cedula/1057757266.jpg'),
(1059785331, 'imagenes/cedula/1059785331.jpg'),
(1059811622, 'imagenes/cedula/1059811622.jpg'),
(1060646253, 'imagenes/cedula/1060646253.jpg'),
(1061624208, 'imagenes/cedula/1061624208.jpg'),
(1086136367, 'imagenes/cedula/1086136367.jpg'),
(1086278089, 'imagenes/cedula/1086278089.jpg'),
(1087994186, 'imagenes/cedula/1087994186.jpg'),
(1088002131, 'imagenes/cedula/1088002131.jpg'),
(1088003280, 'imagenes/cedula/1088003280.jpg'),
(1088021467, 'imagenes/cedula/1088021467.jpg'),
(1088238927, 'imagenes/cedula/1088238927.jpg'),
(1088245901, 'imagenes/cedula/1088245901.jpg'),
(1088248409, 'imagenes/cedula/1088248409.jpg'),
(1088256244, 'imagenes/cedula/1088256244.jpg'),
(1088273174, 'imagenes/cedula/1088273174.jpg'),
(1088292581, 'imagenes/cedula/1088292581.jpg'),
(1088313813, 'imagenes/cedula/1088313813.jpg'),
(1088321795, 'imagenes/cedula/1088321795.jpg'),
(1088327284, 'imagenes/cedula/1088327284.jpg'),
(1089746531, 'imagenes/cedula/1089746531.jpg'),
(1090333214, 'imagenes/cedula/1090333214.jpg'),
(1090336662, 'imagenes/cedula/1090336662.jpg'),
(1093215267, 'imagenes/cedula/1093215267.jpg'),
(1094882530, 'imagenes/cedula/1094882530.jpg'),
(1094902525, 'imagenes/cedula/1094902525.jpg'),
(1094911267, 'imagenes/cedula/1094911267.jpg'),
(1096645342, 'imagenes/cedula/1096645342.jpg'),
(1096646154, 'imagenes/cedula/1096646154.jpg'),
(1097729714, 'imagenes/cedula/1097729714.jpg'),
(1098308090, 'imagenes/cedula/1098308090.jpg'),
(1104675026, 'imagenes/cedula/1104675026.jpg'),
(1109293858, 'imagenes/cedula/1109293858.jpg'),
(1112620937, 'imagenes/cedula/1112620937.jpg'),
(1112761152, 'imagenes/cedula/1112761152.jpg'),
(1112763778, 'imagenes/cedula/1112763778.jpg'),
(1112769004, 'imagenes/cedula/1112769004.jpg'),
(1112770431, 'imagenes/cedula/1112770431.jpg'),
(1112780067, 'imagenes/cedula/1112780067.jpg'),
(1112785487, 'imagenes/cedula/1112785487.jpg'),
(1113533829, 'imagenes/cedula/1113533829.jpg'),
(1113779033, 'imagenes/cedula/1113779033.jpg'),
(1114092888, 'imagenes/cedula/1114092888.jpg'),
(1114399115, 'imagenes/cedula/1114399115.jpg'),
(1116437684, 'imagenes/cedula/1116437684.jpg'),
(1116726252, 'imagenes/cedula/1116726252.jpg'),
(1121199035, 'imagenes/cedula/1121199035.jpg'),
(1225090556, 'imagenes/cedula/1225090556.jpg');

-- --------------------------------------------------------

--
-- Estructura de tabla para la tabla `imagenes_credencial`
--

CREATE TABLE `imagenes_credencial` (
  `id_imagen` int(100) NOT NULL,
  `ruta` varchar(100) NOT NULL
) ENGINE=InnoDB DEFAULT CHARSET=utf8;

--
-- Volcado de datos para la tabla `imagenes_credencial`
--

INSERT INTO `imagenes_credencial` (`id_imagen`, `ruta`) VALUES
(2316358, 'imagenes/credencial/2316358.jpg'),
(2680820, 'imagenes/credencial/2680820.jpg'),
(4372275, 'imagenes/credencial/4372275.jpg'),
(4391851, 'imagenes/credencial/4391851.jpg'),
(4512715, 'imagenes/credencial/4512715.jpg'),
(4578632, 'imagenes/credencial/4578632.jpg'),
(6391245, 'imagenes/credencial/6391245.jpg'),
(7549474, 'imagenes/credencial/7549474.jpg'),
(7959553, 'imagenes/credencial/7959553.jpg'),
(9697467, 'imagenes/credencial/9697467.jpg'),
(9697804, 'imagenes/credencial/9697804.jpg'),
(9726942, 'imagenes/credencial/9726942.jpg'),
(9727897, 'imagenes/credencial/9727897.jpg'),
(9728928, 'imagenes/credencial/9728928.jpg'),
(9735423, 'imagenes/credencial/9735423.jpg'),
(9809507, 'imagenes/credencial/9809507.jpg'),
(9862498, 'imagenes/credencial/9862498.jpg'),
(9867331, 'imagenes/credencial/9867331.jpg'),
(9921457, 'imagenes/credencial/9921457.jpg'),
(9957041, 'imagenes/credencial/9957041.jpg'),
(9992812, 'imagenes/credencial/9992812.jpg'),
(10008438, 'imagenes/credencial/10008438.jpg'),
(10008724, 'imagenes/credencial/10008724.jpg'),
(10013075, 'imagenes/credencial/10013075.jpg'),
(10024793, 'imagenes/credencial/10024793.jpg'),
(10051872, 'imagenes/credencial/10051872.jpg'),
(10127786, 'imagenes/credencial/10127786.jpg'),
(10128205, 'imagenes/credencial/10128205.jpg'),
(10273868, 'imagenes/credencial/10273868.jpg'),
(10286362, 'imagenes/credencial/10286362.jpg'),
(13993559, 'imagenes/credencial/13993559.jpg'),
(14571153, 'imagenes/credencial/14571153.jpg'),
(14571892, 'imagenes/credencial/14571892.jpg'),
(15908017, 'imagenes/credencial/15908017.jpg'),
(15956575, 'imagenes/credencial/15956575.jpg'),
(15959842, 'imagenes/credencial/15959842.jpg'),
(16055698, 'imagenes/credencial/16055698.jpg'),
(16226344, 'imagenes/credencial/16226344.jpg'),
(16232307, 'imagenes/credencial/16232307.jpg'),
(16485243, 'imagenes/credencial/16485243.jpg'),
(16627207, 'imagenes/credencial/16627207.jpg'),
(18398705, 'imagenes/credencial/18398705.jpg'),
(18402946, 'imagenes/credencial/18402946.jpg'),
(18403227, 'imagenes/credencial/18403227.jpg'),
(18492028, 'imagenes/credencial/18492028.jpg'),
(18532107, 'imagenes/credencial/18532107.jpg'),
(18596498, 'imagenes/credencial/18596498.jpg'),
(18598051, 'imagenes/credencial/18598051.jpg'),
(18606864, 'imagenes/credencial/18606864.jpg'),
(24335922, 'imagenes/credencial/24335922.jpg'),
(24398541, 'imagenes/credencial/24398541.jpg'),
(29435277, 'imagenes/credencial/29435277.jpg'),
(30360511, 'imagenes/credencial/30360511.jpg'),
(31412768, 'imagenes/credencial/31412768.jpg'),
(41912001, 'imagenes/credencial/41912001.jpg'),
(42144878, 'imagenes/credencial/42144878.jpg'),
(42155186, 'imagenes/credencial/42155186.jpg'),
(42159210, 'imagenes/credencial/42159210.jpg'),
(75033492, 'imagenes/credencial/75033492.jpg'),
(75050002, 'imagenes/credencial/75050002.jpg'),
(75079795, 'imagenes/credencial/75079795.jpg'),
(75081513, 'imagenes/credencial/75081513.jpg'),
(75084858, 'imagenes/credencial/75084858.jpg'),
(75088561, 'imagenes/credencial/75088561.jpg'),
(75101610, 'imagenes/credencial/75101610.jpg'),
(75143474, 'imagenes/credencial/75143474.jpg'),
(75144459, 'imagenes/credencial/75144459.jpg'),
(75146518, 'imagenes/credencial/75146518.jpg'),
(79875267, 'imagenes/credencial/79875267.jpg'),
(83241316, 'imagenes/credencial/83241316.jpg'),
(89004457, 'imagenes/credencial/89004457.jpg'),
(93383597, 'imagenes/credencial/93383597.jpg'),
(94288775, 'imagenes/credencial/94288775.jpg'),
(94310956, 'imagenes/credencial/94310956.jpg'),
(94533834, 'imagenes/credencial/94533834.jpg'),
(1004699846, 'imagenes/credencial/1004699846.jpg'),
(1017176282, 'imagenes/credencial/1017176282.jpg'),
(1053791075, 'imagenes/credencial/1053791075.jpg'),
(1053791943, 'imagenes/credencial/1053791943.jpg'),
(1053820716, 'imagenes/credencial/1053820716.jpg'),
(1053843554, 'imagenes/credencial/1053843554.jpg'),
(1053851139, 'imagenes/credencial/1053851139.jpg'),
(1054916493, 'imagenes/credencial/1054916493.jpg'),
(1054921787, 'imagenes/credencial/1054921787.jpg'),
(1054990354, 'imagenes/credencial/1054990354.jpg'),
(1057757266, 'imagenes/credencial/1057757266.jpg'),
(1059785331, 'imagenes/credencial/1059785331.jpg'),
(1059811622, 'imagenes/credencial/1059811622.jpg'),
(1060646253, 'imagenes/credencial/1060646253.jpg'),
(1061624208, 'imagenes/credencial/1061624208.jpg'),
(1086136367, 'imagenes/credencial/1086136367.jpg'),
(1086278089, 'imagenes/credencial/1086278089.jpg'),
(1087994186, 'imagenes/credencial/1087994186.jpg'),
(1088002131, 'imagenes/credencial/1088002131.jpg'),
(1088003280, 'imagenes/credencial/1088003280.jpg'),
(1088021467, 'imagenes/credencial/1088021467.jpg'),
(1088238927, 'imagenes/credencial/1088238927.jpg'),
(1088245901, 'imagenes/credencial/1088245901.jpg'),
(1088248409, 'imagenes/credencial/1088248409.jpg'),
(1088273174, 'imagenes/credencial/1088273174.jpg'),
(1088292581, 'imagenes/credencial/1088292581.jpg'),
(1088313813, 'imagenes/credencial/1088313813.jpg'),
(1088321795, 'imagenes/credencial/1088321795.jpg'),
(1088327284, 'imagenes/credencial/1088327284.jpg'),
(1089746531, 'imagenes/credencial/1089746531.jpg'),
(1090333214, 'imagenes/credencial/1090333214.jpg'),
(1090336662, 'imagenes/credencial/1090336662.jpg'),
(1093215267, 'imagenes/credencial/1093215267.jpg'),
(1094882530, 'imagenes/credencial/1094882530.jpg'),
(1094902525, 'imagenes/credencial/1094902525.jpg'),
(1094911267, 'imagenes/credencial/1094911267.jpg'),
(1096645342, 'imagenes/credencial/1096645342.jpg'),
(1096646154, 'imagenes/credencial/1096646154.jpg'),
(1097729714, 'imagenes/credencial/1097729714.jpg'),
(1098308090, 'imagenes/credencial/1098308090.jpg'),
(1104675026, 'imagenes/credencial/1104675026.jpg'),
(1109293858, 'imagenes/credencial/1109293858.jpg'),
(1112620937, 'imagenes/credencial/1112620937.jpg'),
(1112761152, 'imagenes/credencial/1112761152.jpg'),
(1112763778, 'imagenes/credencial/1112763778.jpg'),
(1112769004, 'imagenes/credencial/1112769004.jpg'),
(1112770431, 'imagenes/credencial/1112770431.jpg'),
(1112780067, 'imagenes/credencial/1112780067.jpg'),
(1112785487, 'imagenes/credencial/1112785487.jpg'),
(1113533829, 'imagenes/credencial/1113533829.jpg'),
(1113779033, 'imagenes/credencial/1113779033.jpg'),
(1114092888, 'imagenes/credencial/1114092888.jpg'),
(1114399115, 'imagenes/credencial/1114399115.jpg'),
(1116437684, 'imagenes/credencial/1116437684.jpg'),
(1116726252, 'imagenes/credencial/1116726252.jpg'),
(1121199035, 'imagenes/credencial/1121199035.jpg'),
(1225090556, 'imagenes/credencial/1225090556.jpg');

-- --------------------------------------------------------

--
-- Estructura de tabla para la tabla `imagenes_cursos`
--

CREATE TABLE `imagenes_cursos` (
  `id_imgcurso` int(100) NOT NULL,
  `ruta` varchar(100) NOT NULL
) ENGINE=InnoDB DEFAULT CHARSET=utf8;

--
-- Volcado de datos para la tabla `imagenes_cursos`
--

INSERT INTO `imagenes_cursos` (`id_imgcurso`, `ruta`) VALUES
(0, '0'),
(2316358, 'imagenes/curso/2316358.jpg'),
(2680820, 'imagenes/curso/2680820.jpg'),
(4372275, 'imagenes/curso/4372275.jpg'),
(4391851, 'imagenes/curso/4391851.jpg'),
(4512715, 'imagenes/curso/4512715.jpg'),
(4578632, 'imagenes/curso/4578632.jpg'),
(6391245, 'imagenes/curso/6391245.jpg'),
(7549474, 'imagenes/curso/7549474.jpg'),
(7959553, 'imagenes/curso/7959553.jpg'),
(9697467, 'imagenes/curso/9697467.jpg'),
(9697804, 'imagenes/curso/9697804.jpg'),
(9726942, 'imagenes/curso/9726942.jpg'),
(9727897, 'imagenes/curso/9727897.jpg'),
(9728928, 'imagenes/curso/9728928.jpg'),
(9735423, 'imagenes/curso/9735423.jpg'),
(9809507, 'imagenes/curso/9809507.jpg'),
(9862498, 'imagenes/curso/9862498.jpg'),
(9867331, 'imagenes/curso/9867331.jpg'),
(9921457, 'imagenes/curso/9921457.jpg'),
(9957041, 'imagenes/curso/9957041.jpg'),
(9992812, 'imagenes/curso/9992812.jpg'),
(10008438, 'imagenes/curso/10008438.jpg'),
(10008724, 'imagenes/curso/10008724.jpg'),
(10013075, 'imagenes/curso/10013075.jpg'),
(10024793, 'imagenes/curso/10024793.jpg'),
(10051872, 'imagenes/curso/10051872.jpg'),
(10127786, 'imagenes/curso/10127786.jpg'),
(10128205, 'imagenes/curso/10128205.jpg'),
(10273868, 'imagenes/curso/10273868.jpg'),
(10286362, 'imagenes/curso/10286362.jpg'),
(13993559, 'imagenes/curso/13993559.jpg'),
(14571153, 'imagenes/curso/14571153.jpg'),
(14571892, 'imagenes/curso/14571892.jpg'),
(15908017, 'imagenes/curso/15908017.jpg'),
(15956575, 'imagenes/curso/15956575.jpg'),
(15959842, 'imagenes/curso/15959842.jpg'),
(16055698, 'imagenes/curso/16055698.jpg'),
(16226344, 'imagenes/curso/16226344.jpg'),
(16232307, 'imagenes/curso/16232307.jpg'),
(16485243, 'imagenes/curso/16485243.jpg'),
(16627207, 'imagenes/curso/16627207.jpg'),
(18398705, 'imagenes/curso/18398705.jpg'),
(18402946, 'imagenes/curso/18402946.jpg'),
(18403227, 'imagenes/curso/18403227.jpg'),
(18492028, 'imagenes/curso/18492028.jpg'),
(18532107, 'imagenes/curso/18532107.jpg'),
(18596498, 'imagenes/curso/18596498.jpg'),
(18598051, 'imagenes/curso/18598051.jpg'),
(18606864, 'imagenes/curso/18606864.jpg'),
(24335922, 'imagenes/curso/24335922.jpg'),
(24398541, 'imagenes/curso/24398541.jpg'),
(29435277, 'imagenes/curso/29435277.jpg'),
(30360511, 'imagenes/curso/30360511.jpg'),
(31412768, 'imagenes/curso/31412768.jpg'),
(41912001, 'imagenes/curso/41912001.jpg'),
(42144878, 'imagenes/curso/42144878.jpg'),
(42155186, 'imagenes/curso/42155186.jpg'),
(42159210, 'imagenes/curso/42159210.jpg'),
(75033492, 'imagenes/curso/75033492.jpg'),
(75050002, 'imagenes/curso/75050002.jpg'),
(75079795, 'imagenes/curso/75079795.jpg'),
(75081513, 'imagenes/curso/75081513.jpg'),
(75084858, 'imagenes/curso/75084858.jpg'),
(75088561, 'imagenes/curso/75088561.jpg'),
(75101610, 'imagenes/curso/75101610.jpg'),
(75143474, 'imagenes/curso/75143474.jpg'),
(75144459, 'imagenes/curso/75144459.jpg'),
(75146518, 'imagenes/curso/75146518.jpg'),
(79875267, 'imagenes/curso/79875267.jpg'),
(83241316, 'imagenes/curso/83241316.jpg'),
(89004457, 'imagenes/curso/89004457.jpg'),
(93383597, 'imagenes/curso/93383597.jpg'),
(94288775, 'imagenes/curso/94288775.jpg'),
(94310956, 'imagenes/curso/94310956.jpg'),
(94533834, 'imagenes/curso/94533834.jpg'),
(1004699846, 'imagenes/curso/1004699846.jpg'),
(1017176282, 'imagenes/curso/1017176282.jpg'),
(1053769960, '	\r\nimagenes/curso/1053769960.jpg'),
(1053791075, 'imagenes/curso/1053791075.jpg'),
(1053791943, 'imagenes/curso/1053791943.jpg'),
(1053820716, 'imagenes/curso/1053820716.jpg'),
(1053843554, 'imagenes/curso/1053843554.jpg'),
(1053851139, 'imagenes/curso/1053851139.jpg'),
(1054916493, 'imagenes/curso/1054916493.jpg'),
(1054921787, 'imagenes/curso/1054921787.jpg'),
(1054990354, 'imagenes/curso/1054990354.jpg'),
(1057757266, 'imagenes/curso/1057757266.jpg'),
(1059785331, 'imagenes/curso/1059785331.jpg'),
(1059811622, 'imagenes/curso/1059811622.jpg'),
(1060646253, 'imagenes/curso/1060646253.jpg'),
(1061624208, 'imagenes/curso/1061624208.jpg'),
(1086136367, 'imagenes/curso/1086136367.jpg'),
(1086278089, 'imagenes/curso/1086278089.jpg'),
(1087994186, 'imagenes/curso/1087994186.jpg'),
(1088002131, 'imagenes/curso/1088002131.jpg'),
(1088003280, 'imagenes/curso/1088003280.jpg'),
(1088021467, 'imagenes/curso/1088021467.jpg'),
(1088238927, 'imagenes/curso/1088238927.jpg'),
(1088245901, 'imagenes/curso/1088245901.jpg'),
(1088248409, 'imagenes/curso/1088248409.jpg'),
(1088273174, 'imagenes/curso/1088273174.jpg'),
(1088292581, 'imagenes/curso/1088292581.jpg'),
(1088313813, 'imagenes/curso/1088313813.jpg'),
(1088321795, 'imagenes/curso/1088321795.jpg'),
(1088327284, 'imagenes/curso/1088327284.jpg'),
(1089746531, 'imagenes/curso/1089746531.jpg'),
(1090333214, 'imagenes/curso/1090333214.jpg'),
(1090336662, 'imagenes/curso/1090336662.jpg'),
(1093215267, 'imagenes/curso/1093215267.jpg'),
(1094882530, 'imagenes/curso/1094882530.jpg'),
(1094902525, 'imagenes/curso/1094902525.jpg'),
(1094911267, 'imagenes/curso/1094911267.jpg'),
(1096645342, 'imagenes/curso/1096645342.jpg'),
(1096646154, 'imagenes/curso/1096646154.jpg'),
(1097729714, 'imagenes/curso/1097729714.jpg'),
(1098308090, 'imagenes/curso/1098308090.jpg'),
(1104675026, 'imagenes/curso/1104675026.jpg'),
(1109293858, 'imagenes/curso/1109293858.jpg'),
(1112620937, 'imagenes/curso/1112620937.jpg'),
(1112761152, 'imagenes/curso/1112761152.jpg'),
(1112763778, 'imagenes/curso/1112763778.jpg'),
(1112769004, 'imagenes/curso/1112769004.jpg'),
(1112770431, 'imagenes/curso/1112770431.jpg'),
(1112780067, 'imagenes/curso/1112780067.jpg'),
(1112785487, 'imagenes/curso/1112785487.jpg'),
(1113533829, 'imagenes/curso/1113533829.jpg'),
(1113779033, 'imagenes/curso/1113779033.jpg'),
(1114092888, 'imagenes/curso/1114092888.jpg'),
(1114399115, 'imagenes/curso/1114399115.jpg'),
(1116437684, 'imagenes/curso/1116437684.jpg'),
(1116726252, 'imagenes/curso/1116726252.jpg'),
(1121199035, 'imagenes/curso/1121199035.jpg'),
(1225090556, 'imagenes/curso/1225090556.jpg');

-- --------------------------------------------------------

--
-- Estructura de tabla para la tabla `imagenes_fotos`
--

CREATE TABLE `imagenes_fotos` (
  `id_foto` int(100) NOT NULL,
  `ruta` varchar(100) NOT NULL
) ENGINE=InnoDB DEFAULT CHARSET=utf8;

--
-- Volcado de datos para la tabla `imagenes_fotos`
--

INSERT INTO `imagenes_fotos` (`id_foto`, `ruta`) VALUES
(0, '0'),
(2316358, 'imagenes/fotos/2316358.jpg'),
(2680820, 'imagenes/fotos/2680820.jpg'),
(4372275, 'imagenes/fotos/4372275.jpg'),
(4391851, 'imagenes/fotos/4391851.jpg'),
(4512715, 'imagenes/fotos/4512715.jpg'),
(4578632, 'imagenes/fotos/4578632.jpg'),
(6391245, 'imagenes/fotos/6391245.jpg'),
(7549474, 'imagenes/fotos/7549474.jpg'),
(7959553, 'imagenes/fotos/7959553.jpg'),
(9697467, 'imagenes/fotos/9697467.jpg'),
(9697804, 'imagenes/fotos/9697804.jpg'),
(9726942, 'imagenes/fotos/9726942.jpg'),
(9727897, 'imagenes/fotos/9727897.jpg'),
(9728928, 'imagenes/fotos/9728928.jpg'),
(9735423, 'imagenes/fotos/9735423.jpg'),
(9809507, 'imagenes/fotos/9809507.jpg'),
(9862498, 'imagenes/fotos/9862498.jpg'),
(9867331, 'imagenes/fotos/9867331.jpg'),
(9921457, 'imagenes/fotos/9921457.jpg'),
(9957041, 'imagenes/fotos/9957041.jpg'),
(9992812, 'imagenes/fotos/9992812.jpg'),
(10008438, 'imagenes/fotos/10008438.jpg'),
(10008724, 'imagenes/fotos/10008724.jpg'),
(10013075, 'imagenes/fotos/10013075.jpg'),
(10024793, 'imagenes/fotos/10024793.jpg'),
(10051872, 'imagenes/fotos/10051872.jpg'),
(10127786, 'imagenes/fotos/10127786.jpg'),
(10128205, 'imagenes/fotos/10128205.jpg'),
(10273868, 'imagenes/fotos/10273868.jpg'),
(10286362, 'imagenes/fotos/10286362.jpg'),
(13993559, 'imagenes/fotos/13993559.jpg'),
(14571153, 'imagenes/fotos/14571153.jpg'),
(14571892, 'imagenes/fotos/14571892.jpg'),
(15908017, 'imagenes/fotos/15908017.jpg'),
(15956575, 'imagenes/fotos/15956575.jpg'),
(15959842, 'imagenes/fotos/15959842.jpg'),
(16055698, 'imagenes/fotos/16055698.jpg'),
(16226344, 'imagenes/fotos/16226344.jpg'),
(16232307, 'imagenes/fotos/16232307.jpg'),
(16485243, 'imagenes/fotos/16485243.jpg'),
(16627207, 'imagenes/fotos/16627207.jpg'),
(18398705, 'imagenes/fotos/18398705.jpg'),
(18402946, 'imagenes/fotos/18402946.jpg'),
(18403227, 'imagenes/fotos/18403227.jpg'),
(18492028, 'imagenes/fotos/18492028.jpg'),
(18532107, 'imagenes/fotos/18532107.jpg'),
(18596498, 'imagenes/fotos/18596498.jpg'),
(18598051, 'imagenes/fotos/18598051.jpg'),
(18606864, 'imagenes/fotos/18606864.jpg'),
(24335922, 'imagenes/fotos/24335922.jpg'),
(24398541, 'imagenes/fotos/24398541.jpg'),
(29435277, 'imagenes/fotos/29435277.jpg'),
(30360511, 'imagenes/fotos/30360511.jpg'),
(31412768, 'imagenes/fotos/31412768.jpg'),
(41912001, 'imagenes/fotos/41912001.jpg'),
(42144878, 'imagenes/fotos/42144878.jpg'),
(42155186, 'imagenes/fotos/42155186.jpg'),
(42159210, 'imagenes/fotos/42159210.jpg'),
(75033492, 'imagenes/fotos/75033492.jpg'),
(75050002, 'imagenes/fotos/75050002.jpg'),
(75079795, 'imagenes/fotos/75079795.jpg'),
(75081513, 'imagenes/fotos/75081513.jpg'),
(75084858, 'imagenes/fotos/75084858.jpg'),
(75088561, 'imagenes/fotos/75088561.jpg'),
(75101610, 'imagenes/fotos/75101610.jpg'),
(75143474, 'imagenes/fotos/75143474.jpg'),
(75144459, 'imagenes/fotos/75144459.jpg'),
(75146518, 'imagenes/fotos/75146518.jpg'),
(79875267, 'imagenes/fotos/79875267.jpg'),
(83241316, 'imagenes/fotos/83241316.jpg'),
(89004457, 'imagenes/fotos/89004457.jpg'),
(93383597, 'imagenes/fotos/93383597.jpg'),
(94288775, 'imagenes/fotos/94288775.jpg'),
(94310956, 'imagenes/fotos/94310956.jpg'),
(94533834, 'imagenes/fotos/94533834.jpg'),
(1004699846, 'imagenes/fotos/1004699846.jpg'),
(1017176282, 'imagenes/fotos/1017176282.jpg'),
(1053769960, 'imagenes/fotos/1053769960.jpg'),
(1053791075, 'imagenes/fotos/1053791075.jpg'),
(1053791943, 'imagenes/fotos/1053791943.jpg'),
(1053820716, 'imagenes/fotos/1053820716.jpg'),
(1053843554, 'imagenes/fotos/1053843554.jpg'),
(1053851139, 'imagenes/fotos/1053851139.jpg'),
(1054916493, 'imagenes/fotos/1054916493.jpg'),
(1054921787, 'imagenes/fotos/1054921787.jpg'),
(1054990354, 'imagenes/fotos/1054990354.jpg'),
(1057757266, 'imagenes/fotos/1057757266.jpg'),
(1059785331, 'imagenes/fotos/1059785331.jpg'),
(1059811622, 'imagenes/fotos/1059811622.jpg'),
(1060646253, 'imagenes/fotos/1060646253.jpg'),
(1061624208, 'imagenes/fotos/1061624208.jpg'),
(1086136367, 'imagenes/fotos/1086136367.jpg'),
(1086278089, 'imagenes/fotos/1086278089.jpg'),
(1087994186, 'imagenes/fotos/1087994186.jpg'),
(1088002131, 'imagenes/fotos/1088002131.jpg'),
(1088003280, 'imagenes/fotos/1088003280.jpg'),
(1088021467, 'imagenes/fotos/1088021467.jpg'),
(1088238927, 'imagenes/fotos/1088238927.jpg'),
(1088245901, 'imagenes/fotos/1088245901.jpg'),
(1088248409, 'imagenes/fotos/1088248409.jpg'),
(1088256244, 'imagenes/fotos/1088256244.jpg'),
(1088273174, 'imagenes/fotos/1088273174.jpg'),
(1088292581, 'imagenes/fotos/1088292581.jpg'),
(1088313813, 'imagenes/fotos/1088313813.jpg'),
(1088321795, 'imagenes/fotos/1088321795.jpg'),
(1088327284, 'imagenes/fotos/1088327284.jpg'),
(1089746531, 'imagenes/fotos/1089746531.jpg'),
(1090333214, 'imagenes/fotos/1090333214.jpg'),
(1090336662, 'imagenes/fotos/1090336662.jpg'),
(1093215267, 'imagenes/fotos/1093215267.jpg'),
(1094882530, 'imagenes/fotos/1094882530.jpg'),
(1094902525, 'imagenes/fotos/1094902525.jpg'),
(1094911267, 'imagenes/fotos/1094911267.jpg'),
(1096645342, 'imagenes/fotos/1096645342.jpg'),
(1096646154, 'imagenes/fotos/1096646154.jpg'),
(1097729714, 'imagenes/fotos/1097729714.jpg'),
(1098308090, 'imagenes/fotos/1098308090.jpg'),
(1104675026, 'imagenes/fotos/1104675026.jpg'),
(1109293858, 'imagenes/fotos/1109293858.jpg'),
(1112620937, 'imagenes/fotos/1112620937.jpg'),
(1112761152, 'imagenes/fotos/1112761152.jpg'),
(1112763778, 'imagenes/fotos/1112763778.jpg'),
(1112769004, 'imagenes/fotos/1112769004.jpg'),
(1112770431, 'imagenes/fotos/1112770431.jpg'),
(1112780067, 'imagenes/fotos/1112780067.jpg'),
(1112785487, 'imagenes/fotos/1112785487.jpg'),
(1113533829, 'imagenes/fotos/1113533829.jpg'),
(1113779033, 'imagenes/fotos/1113779033.jpg'),
(1114092888, 'imagenes/fotos/1114092888.jpg'),
(1114399115, 'imagenes/fotos/1114399115.jpg'),
(1116437684, 'imagenes/fotos/1116437684.jpg'),
(1116726252, 'imagenes/fotos/1116726252.jpg'),
(1121199035, 'imagenes/fotos/1121199035.jpg'),
(1225090556, 'imagenes/fotos/1225090556.jpg');

-- --------------------------------------------------------

--
-- Estructura de tabla para la tabla `modalidad`
--

CREATE TABLE `modalidad` (
  `id_modalidad` int(50) NOT NULL,
  `descripcion` varchar(50) NOT NULL
) ENGINE=InnoDB DEFAULT CHARSET=utf8;

--
-- Volcado de datos para la tabla `modalidad`
--

INSERT INTO `modalidad` (`id_modalidad`, `descripcion`) VALUES
(1000, '24HP 6A18 18A6 (6X1)'),
(1001, '24HP 6A18 18A6 (5X5)'),
(1004, '24HP 6A18 18A6 (2X2)(FISCALIA-COCA COLA)'),
(1005, '24H 06:00A18:00  - 18:00A06:00 LAV'),
(1006, '24HP 6A18 18A6 (5X5) FLEXIBILIZADO'),
(1007, '24HP 6A18 18A6 (5X5) EPM (FLEXIB.)'),
(1009, '24HP 6A18 18A6 (5X5X2)'),
(1012, '24HP 6A18 18A6 (5X2)'),
(1014, '24HP 6A14 14A22 22A06(TRIPLETA)'),
(1015, '24HP 6A14 14A22 22A06'),
(1017, '24HP 6A18 18A6 (3X3X3)(ANTIGUA CONTRATA)'),
(1018, '24HP 6A14 14A22 22A06'),
(1022, '24HP 6A18 18A6 (7X3 CERREJON)'),
(1027, '24HP 7A19 19A7 (7X5X2)'),
(1031, '24HP 5A13 13A21 21A5 (3R)'),
(1033, '24HM 7A19 19A7DV - 22HM 7A17 19A7S'),
(1035, '24HM 6A18 18A6 LS'),
(1036, '24HM 6A18-18A6 SDYF-12H18A 6 V BANCO POP'),
(1038, '24HM 6A18 - 18A6 LAV  8HD 6:00 A 14:00 S'),
(1041, '24HM 06:00A18:00 - 18:00A06:00 LAS,F'),
(1042, '24HM 6A18-18A06 S,D,F CDA AUTOMAS'),
(1043, '24H V-S-D-F'),
(1044, '24H 06A14 - 14A22 -22A6 LS'),
(1045, '24HP 06A14 - 14A22 -22A6 LS (ROTA)'),
(1050, '24HP 6A18 18A6 (6X6X3)'),
(1052, '24HP 6A18 18A6 (6X1X6X1)'),
(1055, '24HP 6A18 18A6 5X5X2'),
(1056, '24HP 6A14 - 14A22 -22A6(TRIPLETA)'),
(1058, '24HP 6A18 18A6 4X1-4X2'),
(1059, '24HP 6A18 18A6 (6X2-6X2)'),
(1061, '24HP 6A18 18A6 3X3X1'),
(1062, '24HP 6A14 - 14A22 -22A6(TRIPLETA 2)'),
(1065, '24HP 6A14 14A22 22A06(TRIPLETA3G)'),
(1066, '24HP 6A18 18A6 (5X1X7X1) PLANA'),
(1068, '24HP 06:00 A 18:00 - 18:00 A 06:00'),
(1073, '24HP 6A18 18A06(7X5X2)'),
(1074, '24HP 6A18 18A6 (7X6x1)'),
(1076, '24HP 6A18-18A6 5x2 OPAIN PLAN'),
(1077, '24HP 5A13-13A21-21A5 OPAIN PLANA DIA'),
(1078, '24HP 6A18 18A6 (2X2) OPAIN PLANA'),
(1079, '24HP 5A13-13A21-21A5 OPAIN PLANA TARDE'),
(1080, '24HP 5A13-13A21-21A5 OPAIN PLANA NOCHE'),
(1081, '24HP 6A14  14A22  22A06 (ECOPETROL)'),
(1083, '24HP 6A18 18A6 (3X3X3) CERREJON'),
(1084, '24HP 6A18 -18A6 (2X2) PROMIGAS - NUEVA E'),
(1086, '24HP 6A14 14A22 22A06 (2X2X2X1) OCENSA'),
(1087, '24HP 14A22 6A14 22A6 (2X2X2X1) OCENSA'),
(1088, '24HP 6A14 14A22 22A06 (TRIPLETA ASOBANC)'),
(1090, '24HP 6A18 18A6 (6X1)SUPER M GARANTIZADOS'),
(1092, '24HP 6A18 18A6 (6X1) (NÓMINA PLANA)'),
(1102, '24HP 6A18 18A6 4X4X2 SUPERVISORES MOTO'),
(1103, '24HP 6A18 18A6 3X3X1 GARANTIZADO MOTO'),
(1104, '24HP 6A18 18A6 (7X6) SUPERVISORES MOTO'),
(1105, '24HP 6A18 18A6 6X2X6X2'),
(1111, '24HP 6A18 18A6 (2X2) PLANA BLUETOWER'),
(1113, '24HP 6A14 14A22 22A06'),
(1114, '24HP 6A14-14A22-22A6 BANCO POPULAR PLANA'),
(1115, '24HP 6A18-18A6 PLANA COOMEVA'),
(1117, '24HP 06A14-14A22-22A06 (EXXONMOBIL)'),
(1120, '24 HP 6A18  18A6 (5x5x5) EXXONMOBIL'),
(1122, '24HP 6A18 18A6 (5X2) EXXON'),
(1130, '24HP 6A18 18A6 (12x24)PLANA LA SALLE'),
(1133, '24HP 6A14  14A22  22A06 (2X2X2)'),
(1134, '24HP 6A18 18A6 (5X5X2) SPV TAMPA GARANT'),
(1135, '24HP 6A18 18A6  (6X1)BANCO POPULAR'),
(1137, '24HP 6A18 18A6 (3X3X3)(EXXON EXPLRATI)'),
(1138, '24HP 6A18 18A6 (5X5X3)CLARO'),
(1139, '24HP 6A18-18A6 (2X2) (NÓMINA PLANA)'),
(1140, '24HP 6A18-18A6 (2X2)'),
(1141, '24HP 6A14 14A22 22A06(PLANA PACIFIC)'),
(1144, '24HP 6A18 18A6 (5X1-5X2)'),
(1148, '24HP 22A06 14A22 6A14(LEWIS)'),
(1150, '24HP 6A14  14A22  22A06 (2X2X2X1) LEWIS'),
(1151, '24HP 6A18 18A6 5X5X2(GARANTIZADA)'),
(1152, '24HP 6A14 14A22 22A06 (6X1)'),
(1153, '24HP 06A14-14A22-22A06 (ROTADA LEWIS)'),
(1154, '24HP 6A18 18A6 (7X6x1) (SUP. CHÍA)'),
(1155, '24HP 6A18 18A6 (7X6x1) (SUP. D.C.)'),
(1163, '24HP 6A18 18A6 (7X5X2)UDEA'),
(1164, '24HP 6A14-14A22-22A06(LEWIS)'),
(1166, '24HP 6A18 - 18A06 PLANA CENCOSUD'),
(1168, '24HP 06A18-18A06 (GARANTIZADO ESCOLTA)'),
(1172, '24HP 06 A 18 - 18 A 06 4*2 CERREJON'),
(1176, '24H 06A18 - 18A06  LAV - 06A18 S'),
(1178, '24HP 06:00A18:00 - 18:00A06:00 (4*2)'),
(1179, '24HP 07:00A18:00 - 18:00A07:00'),
(1184, '24HP 06A14-14A22-22A06 SUPER ECOPETROL'),
(1185, '24HP 06A18-18A06 7X7X7 SUPER ECOPETROL'),
(2006, '19 HP 4A14 14A23 (6X1)'),
(2007, '19HMP 6A14 14A01 (6X1)'),
(2008, '13HMP 21A6- 6A10 (6X1)'),
(2009, '19HMP 4A13.30 13.30A23 (6X1)'),
(2010, '19HMP 5A14.30 14.30A24 (6X1)'),
(2011, '19HMP 4A13 13 A23 (6X1)'),
(2015, '19:30HDP 06:00A16:00 - 14:00A23:30'),
(2020, '22HMP 03:00 A 15:00 - 15:00 A 01:00'),
(2021, '21HMP 04:00 A 14:30 - 14:30 A 01:00'),
(2022, '20HM 05A15- 15A01LAS- 06A15-15A01D,F'),
(2024, '19HMP 4.00 A 13:30 - 13:30 A 23.00'),
(2025, '19HMP 5A14 - 14A24'),
(2027, '20HMP 05:00 A15:00 - 19:00 A 05:00'),
(2031, '22HMP 8:00 A 18:00 -18:00 A 6:00'),
(2033, '20HM 6:00 A 02:00 LAS'),
(2037, '20HP 02:00 A 12:00-12 A 22:00'),
(3000, '18HMP 04:00A13:00 - 13:00A22:00'),
(3001, '18HMP 05:00A14:00 - 14:00A23:00 (6X1)'),
(3002, '18HMP 05:00A13:00 - 13:00A23:00 (6X1)'),
(3004, '17HDP 5A13 13A22 (1RD 1RN)'),
(3005, '17HDP 05:00A14:00 - 14:00A22:00 (6X1)'),
(3006, '17HDP 5A13.30 13:30A22 (6X1)'),
(3007, '17HDP 5A13 13A22 (6X1)'),
(3008, '17HDP 06:00A14:00 - 14:00A23:00 (6X1)'),
(3011, '16HD 06:00A14:00 - 14:00A22:00 LV'),
(3012, '16HDP 06:00A14:00 - 14:00A22:00(6X1)'),
(3013, '16HDP 05:00A13:00 - 13:00A21:00'),
(3014, '16HDP 06:00A14:00 - 14:00A22:00'),
(3015, '16HD 06:00A14:00 - 14:00A22:00 LS,F'),
(3016, '16HDP  06:00A22:00'),
(3019, '16HDP 7:00A15:00 - 15:00A23:00'),
(3020, '16HDP  6A14 14A22 LV - 8HD 6A14 S'),
(3022, '16HD  6A14 14A22 L,M,MI,F -12HD 6A18 J,V'),
(3023, '16HD  06:00A14:00 - 14:00A22:00LS'),
(3025, '16HDP 12:00A04:00 (6X1)'),
(3026, '16HDP 13:00A21:00 - 21:00A05:00 (5X5X2)'),
(3028, '16HDP 06:00A22:00 LV (ESC)'),
(3036, '14HMP 8A14 14A22 PLANA LIDER SPV TAM'),
(3039, '16HMP 6A18 18A22 LS,F - 9HD 9A18 D'),
(3041, '16HP 14A22 22A6'),
(3045, '16HM 6.30A14.30 14.30A22.30 LAS'),
(3051, '16HM 10:00A18:00 - 21:00A05:00 TAMPA'),
(3062, '17HMP 5:30 A 13:30 - 13:30 A 22:30'),
(3063, '17HM 5:30 A 13:30 - 13:30 A 22:00 LS'),
(3074, '18HMP 05:00A14:00 - 14:00A23:00 (6X1)'),
(3076, '16HDP 06:00A14:00-14:00A22:00 TAMPA 6*1'),
(3077, '16HP 06:00A16:00-16:00A22:00'),
(3078, '16HD 10:00A18:00-12:00A20:00 TAMPA'),
(3080, '16HDP 05:00A13:00-13:00A21:00 OPAIN PL D'),
(3082, '16HDP 06:00A14:00-14:00A22:00 OPAIN PL D'),
(3083, '16HDP 06:00A14:00-14:00A22:00 OPAIN PL T'),
(3084, '16HMP 04:00A12:00-12:00A20:00 OPAIN PL D'),
(3086, '16HDP 05:00A13:00 - 13:00A21:00 TAMPA BG'),
(3087, '16HD 06:00A14:00 - 14:00A22:00 LV UNISAL'),
(3092, '17HDP 05:00A14:00 - 14:00A22:00 (6X1)'),
(3093, '17HDP 05:00A14:00 - 14:00A22:00 (6X1)'),
(3094, '16HDP 06:00A14:00 - 14:00A22:00'),
(3095, '16HDP 6A14 - 14A22'),
(3097, '16HDP 06:00A14:00-14:00A22:00 (PLANA)'),
(3100, '18HMP 05:00A14:00 - 14:00A23:00 AVA'),
(3102, '16HDP 06:00A14:00 - 14:00A22:00 AVA'),
(3104, '16HD 06:00A14:00 - 14:00A22:00 LS,F PLAN'),
(3107, '17HMP 06:00 A 14:00 - 14:00 A 23:00'),
(3108, '18HMP 05:00 A 14:00 - 14:00 A 23:00'),
(3110, '16HD 06:00 A 14:00 - 14:00 A 22:00 LAV'),
(3113, '16HD  06:00A14:00 - 14:00A22:00LS'),
(3115, '16HDP 06:00A14:00-14:00A22:00(2x2)OCENSA'),
(3122, '17.30HD 04:30A12:30-12:30A22:00'),
(3123, '18HMP 06:00 A 15:00 - 15:00 A 24:00'),
(3126, '18HM 6:00A15:00-15:00 A 24:00LASF'),
(3127, '16HD 6A22LV - 11HD 7A18S - 10HD 7A17D'),
(3128, '16HMP 21:00 A 5:00 -5:00 A 13:00'),
(3131, '17.5HDP 06 A 15 23.30'),
(3132, '16HD 6A14-14A22 LV 07HD 07 A 14 DOS FINE'),
(3133, '16HMP 04 A 12 - 12 A 20'),
(3134, '18HMP 04:00A22:00'),
(3136, '16.5HD 5:30A22LAV - 5:30A20S 8A16 D'),
(3138, '16HDP 06A14 16A00'),
(3141, '16HM 06A22 LV 12HD 06A18 SDF'),
(3144, '16HD 06 A 22 D A J 16HM 07A23 VS'),
(3145, '16HDP 08:00A16:00 - 16:00A00:00'),
(3146, '18HD 5A14-14A23 L,M,M,V,F'),
(3147, '18HDP 04:30 A 22:30'),
(3148, '16HD 6A14 14A22 LAV  12HD 6A18 SD'),
(3149, '16HDP  06:30A14:30 - 14:30A22:30(PLANA)'),
(3155, '16HD 06:00A22:00LAV -24H06A18-18A06SDF'),
(3156, '17HDP 05:00A14:00 - 14:00A22:00 (5X1)'),
(3157, '3HD 10:30 A 13:30 LMIV'),
(4000, '15HD 06:00A21:00 LV'),
(4001, '15HDP 07A13 - 14A22 (PLANA CENCOSUD)'),
(4002, '15HDP 06:00A21:00'),
(4003, '15HMP 08:00A15:30 - 15:30A23:00'),
(4004, '15HMP 15:00A22:00 - 22:00A06:00'),
(4008, '15HDP 07:00A14:30 - 14:30A22:00'),
(4012, '15HMP 07:30A22:30'),
(4014, '15HMP 06:00A21:00 LV - 13HD 7A20 S'),
(4020, '14HD 06:00A20:00 LV'),
(4021, '14HDP 07:00 A 21:00'),
(4024, '14HDP 08:00A22:00'),
(4026, '14HMP 16:00A22:00 - 22:00A06:00'),
(4028, '14HM 17A7 LV - 24H 6A18 18A6 SDF'),
(4032, '14HDP 06:00A20:00 LV'),
(4033, '14HDP 06A20 LV - 06A13 S'),
(4041, '14HD 6A20 LAS 08A18DF (ESPECIAL)'),
(4054, '13HMP 18:00A07:00'),
(4058, '13HP 05:00A18:00'),
(4062, '13HDP 7A20'),
(4066, '13HD 5.30A15.30 18A21 LAV 10H SDF'),
(4073, '13HMP 17:00 A 06:00'),
(4086, '13HD 08:00A21:00 LV - 6:00A20:00 S'),
(4091, '13HMP 18:00A07:00(5X2)'),
(4093, '13HP 05:00A18:00 SIN RELEVO'),
(4094, '14HD 6A14 14A20 LV'),
(4116, '14HDP 08A22 (PLANA CENCOSUD)'),
(4121, '13HM 18A07LAV-12:30A18-18A06S-24H06A18-1'),
(4123, '14HMP 16:00 A 06:00'),
(4124, ' 13HD 6A19 LV - 8HD 6A14 S'),
(4126, '13HN 18A7LV-17HM 14A7S-24H 7A19-19A7DF'),
(4135, '14HMP 17A7'),
(4136, '15HDP 7A22'),
(4138, '13HD 6A19LS'),
(4140, '13HN 18 A 07 S 24 HORAS DF'),
(4143, '14HDP 05A19'),
(4144, '13HN 18A07 LV 19HM 12A07SDF'),
(4145, '13HN 18A07 LV 14A06 06A18 S'),
(4147, '13HD 06A12 14A21 LV, 13HD 06A12 13A20 S'),
(4148, '15HD 06A21 LV 14HD 06A20 S'),
(4149, '14HD 06A20 LV 10HD 06A16 S'),
(4150, '13HD 06A19 L,V 8HD 07A15 S'),
(4151, '13HNM LAV 24H S,D,F'),
(4154, '14HM 17A7 LV  -  24H 6A18-18A6 SDF'),
(4156, '15.5HDP 06:00A14:00-14:00A21:30(PLANA)'),
(4158, '13HD 7:00A20:00 LAS'),
(4159, '13HN 18A7LAV- 13A07S - 07A19-19A07D,F'),
(4160, '14.30HD 7A14-14A21.30LAV- 07A14-14A22S'),
(4162, ' 14HM 8A22 LV - 13HD 7A20 S'),
(4165, '15HM 17A08LAV -24H 6A18-18A6 SDF'),
(4166, '15HM 05:30 A 13:30 - 13:00 A 21:00'),
(4167, '13HM LAS 08A21 - 12HD 08A20 D'),
(4168, '13HD 06A13-15A21LAV-08A13-15A21 S,D'),
(4169, '13HD 6A13-14:3A20:3LAV-08A13-14:3A20:3SD'),
(5003, '12HD 07:00A19:00 LV - 08:00A13:00 S'),
(5004, '12HD  06:00A13:00 - 17:00A22:00 LS'),
(5007, '12HD 11A23D,L,M,MI  24H 11A23 23A11J,V,S'),
(5009, '12H 06:30A18:30 LV  08:00A14:00S'),
(5010, '12HD 07:00A19:00 LV(FISCALIA-COCA COLA)'),
(5014, '12HD 06:30A18:30 LV 6A14S'),
(5015, '12HD 06:00A18:00 LS'),
(5020, '12HD 06:00A18:00 LV - 06:00A14:00 S'),
(5022, '12HD 10A22 V - 09A21 S - 7A19 D,F'),
(5026, '12HNP 19:00A07:00'),
(5029, '12HD 06:00A18:00 LV - 07:00A13:00 S'),
(5033, '12HD 07:00A19:00 S,D,F'),
(5034, '12HD 06:00A18:00 DV,F'),
(5035, '12HD 07:00A19:00 DV,F'),
(5041, '12HD 07:00A19:00 LV - 07:00A15:00 S'),
(5043, '12HD 5:00A17:00 LASF'),
(5046, '12:30HD 07:00A19:30 LV - 09:00A15:30 S'),
(5050, '12HNP 18:00 A 06:00'),
(5051, '12HD 07:00A19:00 LAS'),
(5052, '12HDP 06:00A18:00 (6X1)'),
(5053, '12HD 06:00A18:00 LAV'),
(5054, '12HDP 07:00A19:00'),
(5055, '12HDP 08:00A20:00'),
(5056, '12HD 08:00 A 20:00 LS'),
(5057, '12HN 18:00A06:00 S,D,F'),
(5058, '12HD 06:00A18:00 S,D,F'),
(5060, '12HDP 10:00A22:00'),
(5061, '12HD 07:00A19:00 LV - 07:00A13:00 S'),
(5062, '12HD 06:00A18:00 D,F'),
(5063, '12HMP 05:00A17:00'),
(5064, '12HD 06:00A18:00 LS - F'),
(5066, '12HN 18:00A06:00 LS - F'),
(5069, '12HD 08:00A20:00 D,F'),
(5072, '12HMP 20:00A08:00'),
(5073, '12HD 10:00A22:00 V,S,D,F'),
(5074, '12HN 08:00A20:00 LS - F'),
(5075, '12HD 07:00A19:00 LS, F'),
(5076, '12HD 06:00A18:00 LV - 07:00A17:00 S'),
(5077, '12HD 07:00A19:00 LV - 07:00A17:00 S,F'),
(5079, '12HD 08:00A20:00 LV - 08:30A15:00 S'),
(5084, '12HD 06:00A18:00 LV - 07:00A15:00 S'),
(5087, '12HD 08:00A20:00 S,D,F'),
(5088, '12HN 08:00A20:00 LS PLANA LIDER TAMPA'),
(5089, '12HD 10:00A22:00 LS - F'),
(5090, '12HD 10:00A22:00 LS'),
(5091, '12HD 07:00A19:00 LV - 08:00A15:00 S'),
(5093, '12HMP 11:00A23:00'),
(5094, '12H 06:30A18:30 LV'),
(5095, '12HD 09:00A21:00 LS,F'),
(5097, '12HDP 06:30A18:30'),
(5098, '12HD 07:00A19:00 LV - 07:00A18:00 F'),
(5099, '12HDP 07:30A19:30'),
(5100, '12HD 05:00A17:00 LS'),
(5108, '12HDP 08:30 A 20:30'),
(5109, '12HN 18:00A06:00 LV - 6A18-18A6 SDF'),
(5114, '12HD 7A19LV -  8A13:30S (NÓMINA PLANA)'),
(5116, '12HM 10:30 A 22:30 LAS'),
(5117, '12HD 08:30A20:30 LS,F - 09:00A18:00 D'),
(5123, '12HD 06:00A18:00 D'),
(5124, '12HD 9A21V,F- 11:30A23:30S,D'),
(5130, '12HNP 18:00A06:00(2X2)'),
(5132, '12HNP 18:00A06:00(5X2)'),
(5134, '12HDP 10:00A22:00(5X2)'),
(5142, '12HNP 18:00A06:00 (7X3) CERREJON'),
(5144, '12HNP 18:00A06:00 SIN RELEVO'),
(5147, '12HDP 06:00A18:00(5X2)'),
(5159, '12HDP 06:00A18:00 OPAIN PLANA'),
(5165, '12HDP 06:00A18:00 SUPER M GARANTIZADO'),
(5166, '12HD 07:00A19:00 LV (PLANA NUEVA EPS)'),
(5167, '12HDP 06 A18 (15X15)GARANTIZADO LEWIS'),
(5169, '12HDP 06:00A18:00 MOTORIZADO'),
(5171, '12HMP 12 A 24'),
(5173, '12HD 06:00A18:00 LS PLANA UNSALLE'),
(5174, '12HDP 06:00A18:00 PLANA SPV'),
(5175, '12HNP 18:00 A 06:00 SOCHAGOTA'),
(5176, '12HD 07A19 L AV-08 A13 S NUEVA EPS PLANA'),
(5179, '12HD 06:00A18:00 LS GARANTIZADO'),
(5183, '12HD 06:00 A 18:00LAS(SUPER GARAN TAMPA)'),
(5184, '12HD 06:00 A 18:00 LAS'),
(5193, '12HNP 18:00 A 06:00'),
(5194, '12HD 08:00A20:00 LV - 08:00A16:00 S'),
(5195, '12HD 06:00A18:00 LS (NOMINA PLANA)'),
(5203, '12HD 07:00A19:00LAV'),
(5204, '12HD 06:00A14:00-14:00A18:00 LAS(OCENSA)'),
(5206, '12HD 06:00A18:00 LV -06:00A14:00 S(UDEA)'),
(5219, '12HD 7A19LV- 6HD 16A22 S (PLANA CENCOSU)'),
(5220, '12HDP 10:00A22:00 (PLANA CENCOSUD)'),
(5223, '12HDP 08:00A20:00 (PLANA CENCOSUD)'),
(5224, '12HDP 09:30 A 21:30 (PLANA CENCOSUD)'),
(5225, '12HDP 09:00 A 21:00 (PLANA CENCOSUD)'),
(5229, '12HNP 18A06 (PLANA CENCOSUD)'),
(5231, '12HDP 06:00 A 18:00 (GARANTIZADO ESCOLTA'),
(5232, '12HD 7:00A19:00LAS (NOMINA PLANA)'),
(5237, '12HN 18:00A06:00LS- 24H 6A18-18A6DF'),
(5239, '12HD 6:00A18:00LAV - 9HD 7:00A16:00S'),
(5243, '12HD 06A18 LV 5HD 07:30A12:30 S'),
(5245, '12HD 6A18LV'),
(5247, '12HN 19A7LV'),
(5248, '12HD 10A22VSDF'),
(5252, '12HD 7A19 LAV- 8HD 8A16 S'),
(5255, '16HD 6A14-14A 22 LV 12HD 6 A 18S'),
(5256, '12HD 07:00 A 17:00 LM J V - 13HD 06'),
(5263, '12HD 09 A 21 LSF 9HD 09 A 18 D'),
(5265, '12HM 16:00 A 05:00 L,S F'),
(5266, '12HD 07.30 A 19.30 LV 7.5HD 07.30 A 15 S'),
(5270, '12HD 06A18 LS 12HD 07:30A19:30 DF'),
(5271, '12HD 09A21 LS 9.30 HD 08:30A18 D'),
(5275, '12HD 06A18 LV 9HD 06A15 S'),
(5282, '12HD 08A20 LV 7.5HD 07:30A15 S'),
(5283, '12HD 07:00A12:30 13:30A20 LAV'),
(5284, '12HD 09A21 S 12HD 08A20 DF'),
(5285, '12HD 06A18 LV 8HD S 6HD D'),
(5287, '12HD 07:30 A 19:30 LAS'),
(5288, '12HD 8A20 LV 6HD 08A14 S'),
(5289, '12HN 18A06 12HD 06A18 S,D'),
(5293, '12HD 08:30A20:30 LAV'),
(5294, '12HD 08:00 A 20:00 LSF'),
(5296, '12HD 8A20LAV - 7A11:30 - 15A20:30 SDF'),
(5298, '12HMP 03:00 A 15:00'),
(5303, '12HD 06:00A18:00LAS-18:00A06:00 D,F'),
(5305, '12HN 18:00 A 06:00 MI A S'),
(5307, '12HD 06:30A18:30 LV - 4:30 HD 7:30 A12 S'),
(5308, '22HM 05A16-16A24LAV - 13HM 05A18S'),
(5309, '22HMP 06:00 A 17:00 -19:00 A 06:00'),
(5310, '12HN 18A06LAV- 12A22-22A6 S -6A18-18A6DF'),
(6021, '11HD 7A18 LV - 5HD 7A12 S'),
(6022, '11:30HDP 06:00 A17.30'),
(6024, '11.15HDP 05:30 A10:45 -13:00A19:00'),
(6025, '11HD 7:00A18:00LV - 6HD 7:00 A 13:00S'),
(6026, '11HDP 10:30A21:30'),
(6038, '11HD 8 A19 LV - 5HD 8 A13 S'),
(6039, '11.30HD  6:30A18 LV - 6.30HD  8:30A'),
(6044, '11HD 07:00A18:00 LAS(UDEA)'),
(6048, '11HD 07:30 A 18:30LAV'),
(6050, '11HMP 12A23'),
(6051, '11.5HD 06:30A18:00 LV'),
(6052, '11HD06A17 LV, 6HD 07A13 S'),
(6054, '11.5HD 7:30A19 LV - 5HD 8:30A13:30S'),
(6055, '11.5HD 7:30A19 LV - 6HD 7:30A13:30 S'),
(6056, '11.5HD 7:30A19 LV - 6HD 8A14S'),
(6057, '11.5HD 7:30A19LV  -  6.5HD 8A14:30S'),
(6058, '11HD 08A19 LV 8HD 08A12 -13A17 S'),
(6059, '11HD 07 A 18:00LV - 5.30HD 8:30 A 14:00S'),
(6060, '11HD 7:30A18:30 LAV- 7HD 7:30A14:30S'),
(6061, ' 11HD 7:30A18:30LV  -  6HD 7:30A13:30S'),
(6062, '11HD 8A19LV - 6.5HD 8A14:30S'),
(6063, '11HD 8:00 A 19:00LAV - 4HD 09A13:00S'),
(6066, '11HD 5:3A11:3-15A 20LAV-9A11:3-15A18:3SD'),
(7000, '10HD 7:00A17:00 LV'),
(7001, '10HD 7:30A17:30 LV'),
(7002, '10HDP 6:00A16:00'),
(7003, '10HD 7:00A17:00 LS ESCOLTA'),
(7004, '10HDP 7:30A17:30'),
(7007, '10HD 8:00A18:00 LAS'),
(7009, '10:30HD 7:30A18:00 LV'),
(7010, '10HDP 10:00A20:00'),
(7011, '10HDP 8:00A18:00'),
(7015, '10HD 07:00A17:00 LS'),
(7018, '10HD 09:00A19:00 LS'),
(7021, '10HD 08:00A18:00 LV - 4HD 09:00A13:00 S'),
(7022, '9HD 08:00A17:00 LV'),
(7026, '10HDP 12:00A22:00'),
(7037, '10HD 07:00A17:00 LV - 5HD 07:00A12:00 S'),
(7040, '10HD 06:30A16:30 LS'),
(7045, '10:30HD 07:00A17:30 LV PLANA'),
(7048, '10HD 7:00A17:00 LS'),
(7059, '14.5HD 17:30A8LV  12HN 18A06 SDF'),
(7061, '1OHDP 08:00 A 16:00'),
(7065, '10HD 7:00A17:00 LV PLANA BLUET Y NUEVA E'),
(7069, '10HDP 06:00 A 16:00'),
(7072, '10HD 7:00A17:00 LV - 6HD 07:00A13:00 S'),
(7081, '10HD 08:00 A 18:00 LAV'),
(7082, '10HD 08 A 12 - 14 A 20LAV 4HD 09 A 13 S'),
(7083, '10HDP 06:30 A 16:30 (PLANA CENCOSUD)'),
(7094, '10.5HD 7A17:30 LS'),
(7095, '10HD 08A18 LV 3HD 09A12 S'),
(7097, '10HD 09A19 LV 8HD 11A19 S'),
(7098, '10.5HD 08 A 18:30 LASF'),
(7099, '10.5HD 7:30A18LV- 7:30A14:30S-09A13:30D'),
(7100, '10.5HD 8A18:30 LAV - 6HD 8A14S'),
(7101, '10.5HD 8A18:30 LAV - 6.5HD 07:30A14S'),
(7102, '10.75HD 7:45A18:30LAV-7:45A13:30 S'),
(7103, '10HD 07A12-14A19LAV- 08:30A13:30 S'),
(7104, '10HD 07A12-14A19LAV- 09:00A13:00 S'),
(7106, '10HD 9A19 LAS,F'),
(9008, '9HD 8A17LV- 5HD 8A13S'),
(9009, '9HD 7:30A16:30LV - 5HD 8:00A13:00S'),
(9010, '9HD 08:00A17:00 LS'),
(9012, '9HD 8:00 A 17:00 LAV'),
(9013, '9HD 07:30A12:00 - 13:30A18:00 LV'),
(9014, '9HD 8A17 LV 5HD 8A13 S(ULTIMO DEL M)'),
(9017, '9HD 8A17LV - 4HD 9A13S'),
(9020, '9HDP 08:00 A 17:00'),
(9021, '9HD 09:00A18:00 SDF'),
(9028, '9HD 07:30A16:30 LV - 07:30 A 12:00 S'),
(9034, '9HD 07:30A16:30 LV'),
(9035, '9:30HD 08:00A17:30 LV'),
(9038, '9:30HD 08:00A17:30 LV - 08:00A13:00 S'),
(9039, '9:30HD 6:30A8:30-12A19:30LV 12A19S,D,F'),
(9049, '9MP 21:00 A 06:00'),
(9094, '9.30HD 08A12-14A19:30 LV 4HD 9A13 S'),
(9097, ' 9.30HD 8A12-14:00A19:30LV - 6HD 9A15S'),
(9101, '9HD 11A20 DAJ 12HD 11A23 V.S'),
(9102, '9HDP 06A15'),
(9103, '9HDP 04A13'),
(9104, '9HDP 11A20'),
(9105, '9HD 8:30A17:30 LAV'),
(9106, '9.5HD 7:30A17LV  - 4HD 8A12S'),
(9108, '9HD 07:30A12-14A:16:30 LAV-4HD 09A13 S'),
(10003, ' 7HD 7:00 A 14:00LAJ-4HD 07:00A11:00V'),
(10004, '7HD 10A17 S (ESPECIAL)'),
(10005, '7:30HD 08:00A12:30 - 14:00A17:00 LV'),
(10007, '7HNP 22:00A05:00'),
(10008, '7HD 08:00A15:00 LS'),
(10009, '7HD 09:00A16:00 LS, F(ESPECIAL)'),
(10011, '13HD 6:30 A 19:30 LAV (ESPECIAL)'),
(10015, '6:30HD 08:30A15:00 S-2:30HD 17:30A20 LV'),
(10018, '1HD 10:00A10:30 - 18:30A19:00 LV'),
(10019, '5HD 09:00A14:00 S'),
(10020, '5HMP 18:00A23:00'),
(10021, '5HDP 14:00A19:00'),
(10025, '4HD 8A12 S (ESPECIAL)'),
(10026, '4HD 9A13 S (ESPECIAL)'),
(10027, '4HDP 10A14'),
(10032, '3HDP 11A14'),
(10035, '3HD 17A20 LAV S(ESPECIAL)'),
(10036, '2.30HD 11.30A14 LMIVF (ESPECIAL)'),
(10037, '2.30HD 17A19.30 LAV S(ESPECIAL)'),
(10038, '2HD 17:30A19:30 LV - 6HD 10:00 A 16:00 S'),
(10039, '8HNP 22A6'),
(10040, '9HD 7:30A12 - 14A17:30 LV ADMINISTRATIVO'),
(10041, '8HD 09:00A17:00 LS'),
(10042, '8HD 06:00A14:00 LS'),
(10043, '8HD 08:00A16:00 LV'),
(10045, '8HDP 06:00A14:00'),
(10046, '8HDP 06:00A14:00 LV'),
(10047, '8HDP 09:00A17:00'),
(10048, '8HDP 08:00A16:00'),
(10049, '8HDP 07:00A15:00'),
(10050, '8HD 08:00A16:00 LS'),
(10052, '8HDP 10:00A18:00'),
(10053, '8HDP 14A22'),
(10054, '8HD 8:00 A16:00 S,D'),
(10056, '8HDP 11A19'),
(10057, '8HD 08:30A16:30 LV'),
(10058, '8HD 06:00A14:00 LS,F'),
(10059, '8HD 8A12-14A18LAV - 09:00 A 13:00 S'),
(10060, '8HD 09:00A17:00 LV'),
(10061, '8HDMP 5A13'),
(10063, '8HD 7.30A12 13.30A17 LAV (ESPECIAL)'),
(10064, '8HD 07:00A15:00 LS'),
(10065, '8HD 8:00A12:00 - 14:00A18:00 LV'),
(10066, '8HD 07:00A15:00 LV'),
(10067, '8:30HD 7:30A12:00 - 14:00 A 18:00 LV'),
(10069, '8HD 8A16 LASF'),
(10071, '8HD 8A12 14A18 LV 4HD 8A12S'),
(10073, '8HDP 08:00A12:00 - 14:00A18:00'),
(10075, '8HD 10:00A18:00 LS,F'),
(10077, '8HD 10:00A18:00 LS (PLANA CENCOSUD)'),
(10078, '8HMP 15A23'),
(10079, '8HD 13:00A21:00 LV'),
(10081, '8HDP 12A20'),
(10082, '8HM 15A23 LASF'),
(10083, '8HD 8A12 14A18 LV  S(ESPECIAL)'),
(10084, '8HD 8A16 SDF'),
(10085, '8HD 8A16 LAV'),
(10092, '8HD 8.30A12 14.30A19 LAV - 08:30 A13:30S'),
(10093, '8HNP 22A6'),
(10095, '8HDP 09:00A17:00'),
(10097, '8HD 11A19 LASF'),
(10098, '8HD 07:00A15:00 LS,F'),
(10101, '8.5HD 7.30A12.30 13.30A17 LAV'),
(10103, '8.30HMP 05:30A09:30 - 14:30A18:00'),
(10108, '8HD 12A20 LSF'),
(10109, '8:30HM 18:30A03:00 JVS'),
(10115, '8HD 7A12 14A17 LAV (ESPECIAL)'),
(10116, '8HD 14A22 LASF'),
(10117, '8HMP 16A24 OPAIN PLANA'),
(10118, '8HMP 4A12 OPAIN PLANA'),
(10119, 'RONDAS'),
(10120, '8HD 14A22 LAS'),
(10124, '8HD 13:00A21:00 SDF'),
(10126, '8HDP 14A22'),
(10127, '8HDP 09:00A15:00 - 18:00A20:00 ESPECIAL'),
(10130, '6HD 10:00A16:00 D,F'),
(10133, '6HD 6A12 D'),
(10134, '6HDP 6A12'),
(10136, '6HD 6.30A12.30 LAS'),
(10138, '3HD 17:00A20:00 LAV 5HD 8:00A13:00 S'),
(10139, '2HD 18A20 LAV'),
(10141, '3HD 11:00A14:00 LS - F'),
(10143, '6HDP 17.30A23.30'),
(10144, '6HD 08:30A14:30 S'),
(10146, '4HMP 19A23'),
(10150, '2HD 17.30A19.30 LAV 7HD 10A17 S'),
(10152, '7HDP 11:00A14:00 - 18:00A22:00'),
(10157, '5.30HD 8.30A14S'),
(10159, '8HD 8A12 14A18VIERNES'),
(10160, '7.30HDP 10A14 14.30A18 SINREL'),
(10162, '8HD 7.30A12 14A17.30 LAV ADMIN OPAIN'),
(10165, '8HD 7.30A12-14A17.30 ADMIN OPAIN'),
(10174, '9HD 7:30A12 - 14A17:30 LV ADMINISTRATIVO'),
(10177, '6,5HD 07:30 A 14:00 L,M,V'),
(10179, 'CANINO ANTINARCOTICO'),
(10186, '4HDP 05:00 A 09:00'),
(10188, '8HDP 13:00 A 21:00 (PLANA CENCOSUD)'),
(10192, '4HD 17A21 LAV - 5.30HD 08:30A14S'),
(10195, '8.5HDLAV 07:30 A 12:00 - 14:00 A 18:00'),
(10196, ' 8HDP 8A12-13A17 (ESCOL GARANTIZADO)'),
(10197, '8HD 6:00 A14:00 SABADOS'),
(10200, '8HD 7:45 A 12:15 - 13:45 A 17:15 L AV'),
(10201, '8HD 8A12-14A18LV - 13HD 7A20SDF'),
(10202, '8HD 10:00 A 18:00 LAS'),
(10203, '8HD 7:00 A 15:00 D'),
(10204, '4HDP 11:00 A 15:00'),
(10207, '8 HM L-V'),
(10209, '8HD 10A18LASF'),
(10210, '8HD 7.30A12 - 13.30A17LV'),
(10211, '8HN 22:00 A 06:00 DV'),
(10212, '2HD 17:30A19:30 LV - 6HD 09 A 13 S'),
(10215, '8HD 12:00 A 20:00 LASF'),
(10216, '8.5HD 18.30 A 03.00 JVS'),
(10221, '3H 04A07 MARTES'),
(10222, '8HD 13A21 LAV 09A17 S'),
(10223, '12HD 6A18LV'),
(10448, '8HD 8A12-14A18LV- 5HD 9A14S'),
(10985, '8HMP 20:00 A 04:00'),
(10986, '8.5HD 10:00 A 12:00 - 13:00 A  19.30 S'),
(10987, '4HD 12:00 A 16:00 VSD'),
(10988, '7HD 07:00 A 10:00 - 16:00 A 20:00 LAV'),
(10989, '8HD 8:00 A16:00 D'),
(10990, '2:30HD 17:30A20 LAV 08:30A15:00 S'),
(10992, '8HD 11:00A19:00 SDF'),
(10993, '4.30HD 8:30A13S'),
(10995, '8.5HD 18.30 A 03.00 JVS'),
(10997, '8HD 08:00A16:00LAV 4HD 08:00 A 12:00 S'),
(10998, '8HD 8A12-14A18LAV - 09:00 A 13:00 S'),
(10999, '8HN 18:00 A 02:00 LASF'),
(11853, '12HD 6A18 LVF - 4HD 8A12 S'),
(12855, '9HDP 09.00 A 18.00 (CARREFOUR)'),
(12944, '19HMP 04:00A13:30-13.30A13:30A23:00OPAIN'),
(13011, '12HD 08.30 A 20.30 LSF 9HD 09 A 18 D'),
(13119, '8HMP 16 A 00'),
(13251, '4HD 06 A 09 - 14 A 15 LS'),
(13397, '12HD 7A19LV - 6.5HD 7:30A14 - 7HD 8:30A1'),
(13621, '12HN 18A06 LAV 24H S,D'),
(13634, '18HM 6:00A18:00- 18:00A24:00 LAS');

-- --------------------------------------------------------

--
-- Estructura de tabla para la tabla `municipio`
--

CREATE TABLE `municipio` (
  `cod_mun` int(10) NOT NULL,
  `nombre_mun` varchar(50) NOT NULL,
  `dep_cod` int(5) NOT NULL
) ENGINE=InnoDB DEFAULT CHARSET=utf8;

--
-- Volcado de datos para la tabla `municipio`
--

INSERT INTO `municipio` (`cod_mun`, `nombre_mun`, `dep_cod`) VALUES
(5001, 'MEDELLÍN', 5),
(5002, 'ABEJORRAL', 5),
(5004, 'ABRIAQUÍ', 5),
(5021, 'ALEJANDRÍA', 5),
(5030, 'AMAGÁ', 5),
(5031, 'AMALFI', 5),
(5034, 'ANDES', 5),
(5036, 'ANGELÓPOLIS', 5),
(5038, 'ANGOSTURA', 5),
(5040, 'ANORÍ', 5),
(5042, 'SANTAFÉ DE ANTIOQUIA', 5),
(5044, 'ANZA', 5),
(5045, 'APARTADÓ', 5),
(5051, 'ARBOLETES', 5),
(5055, 'ARGELIA', 5),
(5059, 'ARMENIA', 5),
(5079, 'BARBOSA', 5),
(5086, 'BELMIRA', 5),
(5088, 'BELLO', 5),
(5091, 'BETANIA', 5),
(5093, 'BETULIA', 5),
(5101, 'CIUDAD BOLÍVAR', 5),
(5107, 'BRICEÑO', 5),
(5113, 'BURITICÁ', 5),
(5120, 'CÁCERES', 5),
(5125, 'CAICEDO', 5),
(5129, 'CALDAS', 5),
(5134, 'CAMPAMENTO', 5),
(5138, 'CAÑASGORDAS', 5),
(5142, 'CARACOLÍ', 5),
(5145, 'CARAMANTA', 5),
(5147, 'CAREPA', 5),
(5148, 'EL CARMEN DE VIBORAL', 5),
(5150, 'CAROLINA', 5),
(5154, 'CAUCASIA', 5),
(5172, 'CHIGORODÓ', 5),
(5190, 'CISNEROS', 5),
(5197, 'COCORNÁ', 5),
(5206, 'CONCEPCIÓN', 5),
(5209, 'CONCORDIA', 5),
(5212, 'COPACABANA', 5),
(5234, 'DABEIBA', 5),
(5237, 'DONMATÍAS', 5),
(5240, 'EBÉJICO', 5),
(5250, 'EL BAGRE', 5),
(5264, 'ENTRERRIOS', 5),
(5266, 'ENVIGADO', 5),
(5282, 'FREDONIA', 5),
(5284, 'FRONTINO', 5),
(5306, 'GIRALDO', 5),
(5308, 'GIRARDOTA', 5),
(5310, 'GÓMEZ PLATA', 5),
(5313, 'GRANADA', 5),
(5315, 'GUADALUPE', 5),
(5318, 'GUARNE', 5),
(5321, 'GUATAPE', 5),
(5347, 'HELICONIA', 5),
(5353, 'HISPANIA', 5),
(5360, 'ITAGUI', 5),
(5361, 'ITUANGO', 5),
(5364, 'JARDÍN', 5),
(5368, 'JERICÓ', 5),
(5376, 'LA CEJA', 5),
(5380, 'LA ESTRELLA', 5),
(5390, 'LA PINTADA', 5),
(5400, 'LA UNIÓN', 5),
(5411, 'LIBORINA', 5),
(5425, 'MACEO', 5),
(5440, 'MARINILLA', 5),
(5467, 'MONTEBELLO', 5),
(5475, 'MURINDÓ', 5),
(5480, 'MUTATÁ', 5),
(5483, 'NARIÑO', 5),
(5490, 'NECOCLÍ', 5),
(5495, 'NECHÍ', 5),
(5501, 'OLAYA', 5),
(5541, 'PEÑOL', 5),
(5543, 'PEQUE', 5),
(5576, 'PUEBLORRICO', 5),
(5579, 'PUERTO BERRÍO', 5),
(5585, 'PUERTO NARE', 5),
(5591, 'PUERTO TRIUNFO', 5),
(5604, 'REMEDIOS', 5),
(5607, 'RETIRO', 5),
(5615, 'RIONEGRO', 5),
(5628, 'SABANALARGA', 5),
(5631, 'SABANETA', 5),
(5642, 'SALGAR', 5),
(5647, 'SAN ANDRÉS DE CUERQUÍA', 5),
(5649, 'SAN CARLOS', 5),
(5652, 'SAN FRANCISCO', 5),
(5656, 'SAN JERÓNIMO', 5),
(5658, 'SAN JOSÉ DE LA MONTAÑA', 5),
(5659, 'SAN JUAN DE URABÁ', 5),
(5660, 'SAN LUIS', 5),
(5664, 'SAN PEDRO DE LOS MILAGROS', 5),
(5665, 'SAN PEDRO DE URABA', 5),
(5667, 'SAN RAFAEL', 5),
(5670, 'SAN ROQUE', 5),
(5674, 'SAN VICENTE', 5),
(5679, 'SANTA BÁRBARA', 5),
(5686, 'SANTA ROSA DE OSOS', 5),
(5690, 'SANTO DOMINGO', 5),
(5697, 'EL SANTUARIO', 5),
(5736, 'SEGOVIA', 5),
(5756, 'SONSON', 5),
(5761, 'SOPETRÁN', 5),
(5789, 'TÁMESIS', 5),
(5790, 'TARAZÁ', 5),
(5792, 'TARSO', 5),
(5809, 'TITIRIBÍ', 5),
(5819, 'TOLEDO', 5),
(5837, 'TURBO', 5),
(5842, 'URAMITA', 5),
(5847, 'URRAO', 5),
(5854, 'VALDIVIA', 5),
(5856, 'VALPARAÍSO', 5),
(5858, 'VEGACHÍ', 5),
(5861, 'VENECIA', 5),
(5873, 'VIGÍA DEL FUERTE', 5),
(5885, 'YALÍ', 5),
(5887, 'YARUMAL', 5),
(5890, 'YOLOMBÓ', 5),
(5893, 'YONDÓ', 5),
(5895, 'ZARAGOZA', 5),
(8001, 'BARRANQUILLA', 8),
(8078, 'BARANOA', 8),
(8137, 'CAMPO DE LA CRUZ', 8),
(8141, 'CANDELARIA', 8),
(8296, 'GALAPA', 8),
(8372, 'JUAN DE ACOSTA', 8),
(8421, 'LURUACO', 8),
(8433, 'MALAMBO', 8),
(8436, 'MANATÍ', 8),
(8520, 'PALMAR DE VARELA', 8),
(8549, 'PIOJÓ', 8),
(8558, 'POLONUEVO', 8),
(8560, 'PONEDERA', 8),
(8573, 'PUERTO COLOMBIA', 8),
(8606, 'REPELÓN', 8),
(8634, 'SABANAGRANDE', 8),
(8638, 'SABANALARGA', 8),
(8675, 'SANTA LUCÍA', 8),
(8685, 'SANTO TOMÁS', 8),
(8758, 'SOLEDAD', 8),
(8770, 'SUAN', 8),
(8832, 'TUBARÁ', 8),
(8849, 'USIACURÍ', 8),
(11001, 'BOGOTÁ, D.C.', 11),
(13001, 'CARTAGENA', 13),
(13006, 'ACHÍ', 13),
(13030, 'ALTOS DEL ROSARIO', 13),
(13042, 'ARENAL', 13),
(13052, 'ARJONA', 13),
(13062, 'ARROYOHONDO', 13),
(13074, 'BARRANCO DE LOBA', 13),
(13140, 'CALAMAR', 13),
(13160, 'CANTAGALLO', 13),
(13188, 'CICUCO', 13),
(13212, 'CÓRDOBA', 13),
(13222, 'CLEMENCIA', 13),
(13244, 'EL CARMEN DE BOLÍVAR', 13),
(13248, 'EL GUAMO', 13),
(13268, 'EL PEÑÓN', 13),
(13300, 'HATILLO DE LOBA', 13),
(13430, 'MAGANGUÉ', 13),
(13433, 'MAHATES', 13),
(13440, 'MARGARITA', 13),
(13442, 'MARÍA LA BAJA', 13),
(13458, 'MONTECRISTO', 13),
(13468, 'MOMPÓS', 13),
(13473, 'MORALES', 13),
(13490, 'NOROSÍ', 13),
(13549, 'PINILLOS', 13),
(13580, 'REGIDOR', 13),
(13600, 'RÍO VIEJO', 13),
(13620, 'SAN CRISTÓBAL', 13),
(13647, 'SAN ESTANISLAO', 13),
(13650, 'SAN FERNANDO', 13),
(13654, 'SAN JACINTO', 13),
(13655, 'SAN JACINTO DEL CAUCA', 13),
(13657, 'SAN JUAN NEPOMUCENO', 13),
(13667, 'SAN MARTÍN DE LOBA', 13),
(13670, 'SAN PABLO', 13),
(13673, 'SANTA CATALINA', 13),
(13683, 'SANTA ROSA', 13),
(13688, 'SANTA ROSA DEL SUR', 13),
(13744, 'SIMITÍ', 13),
(13760, 'SOPLAVIENTO', 13),
(13780, 'TALAIGUA NUEVO', 13),
(13810, 'TIQUISIO', 13),
(13836, 'TURBACO', 13),
(13838, 'TURBANÁ', 13),
(13873, 'VILLANUEVA', 13),
(13894, 'ZAMBRANO', 13),
(15001, 'TUNJA', 15),
(15022, 'ALMEIDA', 15),
(15047, 'AQUITANIA', 15),
(15051, 'ARCABUCO', 15),
(15087, 'BELÉN', 15),
(15090, 'BERBEO', 15),
(15092, 'BETÉITIVA', 15),
(15097, 'BOAVITA', 15),
(15104, 'BOYACÁ', 15),
(15106, 'BRICEÑO', 15),
(15109, 'BUENAVISTA', 15),
(15114, 'BUSBANZÁ', 15),
(15131, 'CALDAS', 15),
(15135, 'CAMPOHERMOSO', 15),
(15162, 'CERINZA', 15),
(15172, 'CHINAVITA', 15),
(15176, 'CHIQUINQUIRÁ', 15),
(15180, 'CHISCAS', 15),
(15183, 'CHITA', 15),
(15185, 'CHITARAQUE', 15),
(15187, 'CHIVATÁ', 15),
(15189, 'CIÉNEGA', 15),
(15204, 'CÓMBITA', 15),
(15212, 'COPER', 15),
(15215, 'CORRALES', 15),
(15218, 'COVARACHÍA', 15),
(15223, 'CUBARÁ', 15),
(15224, 'CUCAITA', 15),
(15226, 'CUÍTIVA', 15),
(15232, 'CHÍQUIZA', 15),
(15236, 'CHIVOR', 15),
(15238, 'DUITAMA', 15),
(15244, 'EL COCUY', 15),
(15248, 'EL ESPINO', 15),
(15272, 'FIRAVITOBA', 15),
(15276, 'FLORESTA', 15),
(15293, 'GACHANTIVÁ', 15),
(15296, 'GAMEZA', 15),
(15299, 'GARAGOA', 15),
(15317, 'GUACAMAYAS', 15),
(15322, 'GUATEQUE', 15),
(15325, 'GUAYATÁ', 15),
(15332, 'GÜICÁN', 15),
(15362, 'IZA', 15),
(15367, 'JENESANO', 15),
(15368, 'JERICÓ', 15),
(15377, 'LABRANZAGRANDE', 15),
(15380, 'LA CAPILLA', 15),
(15401, 'LA VICTORIA', 15),
(15403, 'LA UVITA', 15),
(15407, 'VILLA DE LEYVA', 15),
(15425, 'MACANAL', 15),
(15442, 'MARIPÍ', 15),
(15455, 'MIRAFLORES', 15),
(15464, 'MONGUA', 15),
(15466, 'MONGUÍ', 15),
(15469, 'MONIQUIRÁ', 15),
(15476, 'MOTAVITA', 15),
(15480, 'MUZO', 15),
(15491, 'NOBSA', 15),
(15494, 'NUEVO COLÓN', 15),
(15500, 'OICATÁ', 15),
(15507, 'OTANCHE', 15),
(15511, 'PACHAVITA', 15),
(15514, 'PÁEZ', 15),
(15516, 'PAIPA', 15),
(15518, 'PAJARITO', 15),
(15522, 'PANQUEBA', 15),
(15531, 'PAUNA', 15),
(15533, 'PAYA', 15),
(15537, 'PAZ DE RÍO', 15),
(15542, 'PESCA', 15),
(15550, 'PISBA', 15),
(15572, 'PUERTO BOYACÁ', 15),
(15580, 'QUÍPAMA', 15),
(15599, 'RAMIRIQUÍ', 15),
(15600, 'RÁQUIRA', 15),
(15621, 'RONDÓN', 15),
(15632, 'SABOYÁ', 15),
(15638, 'SÁCHICA', 15),
(15646, 'SAMACÁ', 15),
(15660, 'SAN EDUARDO', 15),
(15664, 'SAN JOSÉ DE PARE', 15),
(15667, 'SAN LUIS DE GACENO', 15),
(15673, 'SAN MATEO', 15),
(15676, 'SAN MIGUEL DE SEMA', 15),
(15681, 'SAN PABLO DE BORBUR', 15),
(15686, 'SANTANA', 15),
(15690, 'SANTA MARÍA', 15),
(15693, 'SANTA ROSA DE VITERBO', 15),
(15696, 'SANTA SOFÍA', 15),
(15720, 'SATIVANORTE', 15),
(15723, 'SATIVASUR', 15),
(15740, 'SIACHOQUE', 15),
(15753, 'SOATÁ', 15),
(15755, 'SOCOTÁ', 15),
(15757, 'SOCHA', 15),
(15759, 'SOGAMOSO', 15),
(15761, 'SOMONDOCO', 15),
(15762, 'SORA', 15),
(15763, 'SOTAQUIRÁ', 15),
(15764, 'SORACÁ', 15),
(15774, 'SUSACÓN', 15),
(15776, 'SUTAMARCHÁN', 15),
(15778, 'SUTATENZA', 15),
(15790, 'TASCO', 15),
(15798, 'TENZA', 15),
(15804, 'TIBANÁ', 15),
(15806, 'TIBASOSA', 15),
(15808, 'TINJACÁ', 15),
(15810, 'TIPACOQUE', 15),
(15814, 'TOCA', 15),
(15816, 'TOGÜÍ', 15),
(15820, 'TÓPAGA', 15),
(15822, 'TOTA', 15),
(15832, 'TUNUNGUÁ', 15),
(15835, 'TURMEQUÉ', 15),
(15837, 'TUTA', 15),
(15839, 'TUTAZÁ', 15),
(15842, 'UMBITA', 15),
(15861, 'VENTAQUEMADA', 15),
(15879, 'VIRACACHÁ', 15),
(15897, 'ZETAQUIRA', 15),
(17001, 'MANIZALES', 17),
(17013, 'AGUADAS', 17),
(17042, 'ANSERMA', 17),
(17050, 'ARANZAZU', 17),
(17088, 'BELALCÁZAR', 17),
(17174, 'CHINCHINÁ', 17),
(17272, 'FILADELFIA', 17),
(17380, 'LA DORADA', 17),
(17388, 'LA MERCED', 17),
(17433, 'MANZANARES', 17),
(17442, 'MARMATO', 17),
(17444, 'MARQUETALIA', 17),
(17446, 'MARULANDA', 17),
(17486, 'NEIRA', 17),
(17495, 'NORCASIA', 17),
(17513, 'PÁCORA', 17),
(17524, 'PALESTINA', 17),
(17541, 'PENSILVANIA', 17),
(17614, 'RIOSUCIO', 17),
(17616, 'RISARALDA', 17),
(17653, 'SALAMINA', 17),
(17662, 'SAMANÁ', 17),
(17665, 'SAN JOSÉ', 17),
(17777, 'SUPÍA', 17),
(17867, 'VICTORIA', 17),
(17873, 'VILLAMARÍA', 17),
(17877, 'VITERBO', 17),
(18001, 'FLORENCIA', 18),
(18029, 'ALBANIA', 18),
(18094, 'BELÉN DE LOS ANDAQUÍES', 18),
(18150, 'CARTAGENA DEL CHAIRÁ', 18),
(18205, 'CURILLO', 18),
(18247, 'EL DONCELLO', 18),
(18256, 'EL PAUJIL', 18),
(18410, 'LA MONTAÑITA', 18),
(18460, 'MILÁN', 18),
(18479, 'MORELIA', 18),
(18592, 'PUERTO RICO', 18),
(18610, 'SAN JOSÉ DEL FRAGUA', 18),
(18753, 'SAN VICENTE DEL CAGUÁN', 18),
(18756, 'SOLANO', 18),
(18785, 'SOLITA', 18),
(18860, 'VALPARAÍSO', 18),
(19001, 'POPAYÁN', 19),
(19022, 'ALMAGUER', 19),
(19050, 'ARGELIA', 19),
(19075, 'BALBOA', 19),
(19100, 'BOLÍVAR', 19),
(19110, 'BUENOS AIRES', 19),
(19130, 'CAJIBÍO', 19),
(19137, 'CALDONO', 19),
(19142, 'CALOTO', 19),
(19212, 'CORINTO', 19),
(19256, 'EL TAMBO', 19),
(19290, 'FLORENCIA', 19),
(19300, 'GUACHENÉ', 19),
(19318, 'GUAPI', 19),
(19355, 'INZÁ', 19),
(19364, 'JAMBALÓ', 19),
(19392, 'LA SIERRA', 19),
(19397, 'LA VEGA', 19),
(19418, 'LÓPEZ', 19),
(19450, 'MERCADERES', 19),
(19455, 'MIRANDA', 19),
(19473, 'MORALES', 19),
(19513, 'PADILLA', 19),
(19517, 'PAEZ', 19),
(19532, 'PATÍA', 19),
(19533, 'PIAMONTE', 19),
(19548, 'PIENDAMÓ', 19),
(19573, 'PUERTO TEJADA', 19),
(19585, 'PURACÉ', 19),
(19622, 'ROSAS', 19),
(19693, 'SAN SEBASTIÁN', 19),
(19698, 'SANTANDER DE QUILICHAO', 19),
(19701, 'SANTA ROSA', 19),
(19743, 'SILVIA', 19),
(19760, 'SOTARA', 19),
(19780, 'SUÁREZ', 19),
(19785, 'SUCRE', 19),
(19807, 'TIMBÍO', 19),
(19809, 'TIMBIQUÍ', 19),
(19821, 'TORIBIO', 19),
(19824, 'TOTORÓ', 19),
(19845, 'VILLA RICA', 19),
(20001, 'Valle Del CaucaDUPAR', 20),
(20011, 'AGUACHICA', 20),
(20013, 'AGUSTÍN CODAZZI', 20),
(20032, 'ASTREA', 20),
(20045, 'BECERRIL', 20),
(20060, 'BOSCONIA', 20),
(20175, 'CHIMICHAGUA', 20),
(20178, 'CHIRIGUANÁ', 20),
(20228, 'CURUMANÍ', 20),
(20238, 'EL COPEY', 20),
(20250, 'EL PASO', 20),
(20295, 'GAMARRA', 20),
(20310, 'GONZÁLEZ', 20),
(20383, 'LA GLORIA', 20),
(20400, 'LA JAGUA DE IBIRICO', 20),
(20443, 'MANAURE', 20),
(20517, 'PAILITAS', 20),
(20550, 'PELAYA', 20),
(20570, 'PUEBLO BELLO', 20),
(20614, 'RÍO DE ORO', 20),
(20621, 'LA PAZ', 20),
(20710, 'SAN ALBERTO', 20),
(20750, 'SAN DIEGO', 20),
(20770, 'SAN MARTÍN', 20),
(20787, 'TAMALAMEQUE', 20),
(23001, 'MONTERÍA', 23),
(23068, 'AYAPEL', 23),
(23079, 'BUENAVISTA', 23),
(23090, 'CANALETE', 23),
(23162, 'CERETÉ', 23),
(23168, 'CHIMÁ', 23),
(23182, 'CHINÚ', 23),
(23189, 'CIÉNAGA DE ORO', 23),
(23300, 'COTORRA', 23),
(23350, 'LA APARTADA', 23),
(23417, 'LORICA', 23),
(23419, 'LOS CÓRDOBAS', 23),
(23464, 'MOMIL', 23),
(23466, 'MONTELÍBANO', 23),
(23500, 'MOÑITOS', 23),
(23555, 'PLANETA RICA', 23),
(23570, 'PUEBLO NUEVO', 23),
(23574, 'PUERTO ESCONDIDO', 23),
(23580, 'PUERTO LIBERTADOR', 23),
(23586, 'PURÍSIMA', 23),
(23660, 'SAHAGÚN', 23),
(23670, 'SAN ANDRÉS SOTAVENTO', 23),
(23672, 'SAN ANTERO', 23),
(23675, 'SAN BERNARDO DEL VIENTO', 23),
(23678, 'SAN CARLOS', 23),
(23682, 'SAN JOSÉ DE URÉ', 23),
(23686, 'SAN PELAYO', 23),
(23807, 'TIERRALTA', 23),
(23815, 'TUCHÍN', 23),
(23855, 'VALENCIA', 23),
(25001, 'AGUA DE DIOS', 25),
(25019, 'ALBÁN', 25),
(25035, 'ANAPOIMA', 25),
(25040, 'ANOLAIMA', 25),
(25053, 'ARBELÁEZ', 25),
(25086, 'BELTRÁN', 25),
(25095, 'BITUIMA', 25),
(25099, 'BOJACÁ', 25),
(25120, 'CABRERA', 25),
(25123, 'CACHIPAY', 25),
(25126, 'CAJICÁ', 25),
(25148, 'CAPARRAPÍ', 25),
(25151, 'CAQUEZA', 25),
(25154, 'CARMEN DE CARUPA', 25),
(25168, 'CHAGUANÍ', 25),
(25175, 'CHÍA', 25),
(25178, 'CHIPAQUE', 25),
(25181, 'CHOACHÍ', 25),
(25183, 'CHOCONTÁ', 25),
(25200, 'COGUA', 25),
(25214, 'COTA', 25),
(25224, 'CUCUNUBÁ', 25),
(25245, 'EL COLEGIO', 25),
(25258, 'EL PEÑÓN', 25),
(25260, 'EL ROSAL', 25),
(25269, 'FACATATIVÁ', 25),
(25279, 'FOMEQUE', 25),
(25281, 'FOSCA', 25),
(25286, 'FUNZA', 25),
(25288, 'FÚQUENE', 25),
(25290, 'FUSAGASUGÁ', 25),
(25293, 'GACHALA', 25),
(25295, 'GACHANCIPÁ', 25),
(25297, 'GACHETÁ', 25),
(25299, 'GAMA', 25),
(25307, 'GIRARDOT', 25),
(25312, 'GRANADA', 25),
(25317, 'GUACHETÁ', 25),
(25320, 'GUADUAS', 25),
(25322, 'GUASCA', 25),
(25324, 'GUATAQUÍ', 25),
(25326, 'GUATAVITA', 25),
(25328, 'GUAYABAL DE SIQUIMA', 25),
(25335, 'GUAYABETAL', 25),
(25339, 'GUTIÉRREZ', 25),
(25368, 'JERUSALÉN', 25),
(25372, 'JUNÍN', 25),
(25377, 'LA CALERA', 25),
(25386, 'LA MESA', 25),
(25394, 'LA PALMA', 25),
(25398, 'LA PEÑA', 25),
(25402, 'LA VEGA', 25),
(25407, 'LENGUAZAQUE', 25),
(25426, 'MACHETA', 25),
(25430, 'MADRID', 25),
(25436, 'MANTA', 25),
(25438, 'MEDINA', 25),
(25473, 'MOSQUERA', 25),
(25483, 'NARIÑO', 25),
(25486, 'NEMOCÓN', 25),
(25488, 'NILO', 25),
(25489, 'NIMAIMA', 25),
(25491, 'NOCAIMA', 25),
(25506, 'VENECIA', 25),
(25513, 'PACHO', 25),
(25518, 'PAIME', 25),
(25524, 'PANDI', 25),
(25530, 'PARATEBUENO', 25),
(25535, 'PASCA', 25),
(25572, 'PUERTO SALGAR', 25),
(25580, 'PULÍ', 25),
(25592, 'QUEBRADANEGRA', 25),
(25594, 'QUETAME', 25),
(25596, 'QUIPILE', 25),
(25599, 'APULO', 25),
(25612, 'RICAURTE', 25),
(25645, 'SAN ANTONIO DEL TEQUENDAMA', 25),
(25649, 'SAN BERNARDO', 25),
(25653, 'SAN CAYETANO', 25),
(25658, 'SAN FRANCISCO', 25),
(25662, 'SAN JUAN DE RÍO SECO', 25),
(25718, 'SASAIMA', 25),
(25736, 'SESQUILÉ', 25),
(25740, 'SIBATÉ', 25),
(25743, 'SILVANIA', 25),
(25745, 'SIMIJACA', 25),
(25754, 'SOACHA', 25),
(25758, 'SOPÓ', 25),
(25769, 'SUBACHOQUE', 25),
(25772, 'SUESCA', 25),
(25777, 'SUPATÁ', 25),
(25779, 'SUSA', 25),
(25781, 'SUTATAUSA', 25),
(25785, 'TABIO', 25),
(25793, 'TAUSA', 25),
(25797, 'TENA', 25),
(25799, 'TENJO', 25),
(25805, 'TIBACUY', 25),
(25807, 'TIBIRITA', 25),
(25815, 'TOCAIMA', 25),
(25817, 'TOCANCIPÁ', 25),
(25823, 'TOPAIPÍ', 25),
(25839, 'UBALÁ', 25),
(25841, 'UBAQUE', 25),
(25843, 'VILLA DE SAN DIEGO DE UBATE', 25),
(25845, 'UNE', 25),
(25851, 'ÚTICA', 25),
(25862, 'VERGARA', 25),
(25867, 'VIANÍ', 25),
(25871, 'VILLAGÓMEZ', 25),
(25873, 'VILLAPINZÓN', 25),
(25875, 'VILLETA', 25),
(25878, 'VIOTÁ', 25),
(25885, 'YACOPÍ', 25),
(25898, 'ZIPACÓN', 25),
(25899, 'ZIPAQUIRÁ', 25),
(27001, 'QUIBDÓ', 27),
(27006, 'ACANDÍ', 27),
(27025, 'ALTO BAUDÓ', 27),
(27050, 'ATRATO', 27),
(27073, 'BAGADÓ', 27),
(27075, 'BAHÍA SOLANO', 27),
(27077, 'BAJO BAUDÓ', 27),
(27099, 'BOJAYA', 27),
(27135, 'EL CANTÓN DEL SAN PABLO', 27),
(27150, 'CARMEN DEL DARIÉN', 27),
(27160, 'CÉRTEGUI', 27),
(27205, 'CONDOTO', 27),
(27245, 'EL CARMEN DE ATRATO', 27),
(27250, 'EL LITORAL DEL SAN JUAN', 27),
(27361, 'ISTMINA', 27),
(27372, 'JURADÓ', 27),
(27413, 'LLORÓ', 27),
(27425, 'MEDIO ATRATO', 27),
(27430, 'MEDIO BAUDÓ', 27),
(27450, 'MEDIO SAN JUAN', 27),
(27491, 'NÓVITA', 27),
(27495, 'NUQUÍ', 27),
(27580, 'RÍO IRÓ', 27),
(27600, 'RÍO QUITO', 27),
(27615, 'RIOSUCIO', 27),
(27660, 'SAN JOSÉ DEL PALMAR', 27),
(27745, 'SIPÍ', 27),
(27787, 'TADÓ', 27),
(27800, 'UNGUÍA', 27),
(27810, 'UNIÓN PANAMERICANA', 27),
(41001, 'NEIVA', 41),
(41006, 'ACEVEDO', 41),
(41013, 'AGRADO', 41),
(41016, 'AIPE', 41),
(41020, 'ALGECIRAS', 41),
(41026, 'ALTAMIRA', 41),
(41078, 'BARAYA', 41),
(41132, 'CAMPOALEGRE', 41),
(41206, 'COLOMBIA', 41),
(41244, 'ELÍAS', 41),
(41298, 'GARZÓN', 41),
(41306, 'GIGANTE', 41),
(41319, 'GUADALUPE', 41),
(41349, 'HOBO', 41),
(41357, 'IQUIRA', 41),
(41359, 'ISNOS', 41),
(41378, 'LA ARGENTINA', 41),
(41396, 'LA PLATA', 41),
(41483, 'NÁTAGA', 41),
(41503, 'OPORAPA', 41),
(41518, 'PAICOL', 41),
(41524, 'PALERMO', 41),
(41530, 'PALESTINA', 41),
(41548, 'PITAL', 41),
(41551, 'PITALITO', 41),
(41615, 'RIVERA', 41),
(41660, 'SALADOBLANCO', 41),
(41668, 'SAN AGUSTÍN', 41),
(41676, 'SANTA MARÍA', 41),
(41770, 'SUAZA', 41),
(41791, 'TARQUI', 41),
(41797, 'TESALIA', 41),
(41799, 'TELLO', 41),
(41801, 'TERUEL', 41),
(41807, 'TIMANÁ', 41),
(41872, 'VILLAVIEJA', 41),
(41885, 'YAGUARÁ', 41),
(44001, 'RIOHACHA', 44),
(44035, 'ALBANIA', 44),
(44078, 'BARRANCAS', 44),
(44090, 'DIBULLA', 44),
(44098, 'DISTRACCIÓN', 44),
(44110, 'EL MOLINO', 44),
(44279, 'FONSECA', 44),
(44378, 'HATONUEVO', 44),
(44420, 'LA JAGUA DEL PILAR', 44),
(44430, 'MAICAO', 44),
(44560, 'MANAURE', 44),
(44650, 'SAN JUAN DEL CESAR', 44),
(44847, 'URIBIA', 44),
(44855, 'URUMITA', 44),
(44874, 'VILLANUEVA', 44),
(47001, 'SANTA MARTA', 47),
(47030, 'ALGARROBO', 47),
(47053, 'ARACATACA', 47),
(47058, 'ARIGUANÍ', 47),
(47161, 'CERRO SAN ANTONIO', 47),
(47170, 'CHIVOLO', 47),
(47189, 'CIÉNAGA', 47),
(47205, 'CONCORDIA', 47),
(47245, 'EL BANCO', 47),
(47258, 'EL PIÑON', 47),
(47268, 'EL RETÉN', 47),
(47288, 'FUNDACIÓN', 47),
(47318, 'GUAMAL', 47),
(47460, 'NUEVA GRANADA', 47),
(47541, 'PEDRAZA', 47),
(47545, 'PIJIÑO DEL CARMEN', 47),
(47551, 'PIVIJAY', 47),
(47555, 'PLATO', 47),
(47570, 'PUEBLOVIEJO', 47),
(47605, 'REMOLINO', 47),
(47660, 'SABANAS DE SAN ANGEL', 47),
(47675, 'SALAMINA', 47),
(47692, 'SAN SEBASTIÁN DE BUENAVISTA', 47),
(47703, 'SAN ZENÓN', 47),
(47707, 'SANTA ANA', 47),
(47720, 'SANTA BÁRBARA DE PINTO', 47),
(47745, 'SITIONUEVO', 47),
(47798, 'TENERIFE', 47),
(47960, 'ZAPAYÁN', 47),
(47980, 'ZONA BANANERA', 47),
(50001, 'VILLAVICENCIO', 50),
(50006, 'ACACÍAS', 50),
(50110, 'BARRANCA DE UPÍA', 50),
(50124, 'CABUYARO', 50),
(50150, 'CASTILLA LA NUEVA', 50),
(50223, 'CUBARRAL', 50),
(50226, 'CUMARAL', 50),
(50245, 'EL CALVARIO', 50),
(50251, 'EL CASTILLO', 50),
(50270, 'EL DORADO', 50),
(50287, 'FUENTE DE ORO', 50),
(50313, 'GRANADA', 50),
(50318, 'GUAMAL', 50),
(50325, 'MAPIRIPÁN', 50),
(50330, 'MESETAS', 50),
(50350, 'LA MACARENA', 50),
(50370, 'URIBE', 50),
(50400, 'LEJANÍAS', 50),
(50450, 'PUERTO CONCORDIA', 50),
(50568, 'PUERTO GAITÁN', 50),
(50573, 'PUERTO LÓPEZ', 50),
(50577, 'PUERTO LLERAS', 50),
(50590, 'PUERTO RICO', 50),
(50606, 'RESTREPO', 50),
(50680, 'SAN CARLOS DE GUAROA', 50),
(50683, 'SAN JUAN DE ARAMA', 50),
(50686, 'SAN JUANITO', 50),
(50689, 'SAN MARTÍN', 50),
(50711, 'VISTAHERMOSA', 50),
(52001, 'PASTO', 52),
(52019, 'ALBÁN', 52),
(52022, 'ALDANA', 52),
(52036, 'ANCUYÁ', 52),
(52051, 'ARBOLEDA', 52),
(52079, 'BARBACOAS', 52),
(52083, 'BELÉN', 52),
(52110, 'BUESACO', 52),
(52203, 'COLÓN', 52),
(52207, 'CONSACA', 52),
(52210, 'CONTADERO', 52),
(52215, 'CÓRDOBA', 52),
(52224, 'CUASPUD', 52),
(52227, 'CUMBAL', 52),
(52233, 'CUMBITARA', 52),
(52240, 'CHACHAGÜÍ', 52),
(52250, 'EL CHARCO', 52),
(52254, 'EL PEÑOL', 52),
(52256, 'EL ROSARIO', 52),
(52258, 'EL TABLÓN DE GÓMEZ', 52),
(52260, 'EL TAMBO', 52),
(52287, 'FUNES', 52),
(52317, 'GUACHUCAL', 52),
(52320, 'GUAITARILLA', 52),
(52323, 'GUALMATÁN', 52),
(52352, 'ILES', 52),
(52354, 'IMUÉS', 52),
(52356, 'IPIALES', 52),
(52378, 'LA CRUZ', 52),
(52381, 'LA FLORIDA', 52),
(52385, 'LA LLANADA', 52),
(52390, 'LA TOLA', 52),
(52399, 'LA UNIÓN', 52),
(52405, 'LEIVA', 52),
(52411, 'LINARES', 52),
(52418, 'LOS ANDES', 52),
(52427, 'MAGÜI', 52),
(52435, 'MALLAMA', 52),
(52473, 'MOSQUERA', 52),
(52480, 'NARIÑO', 52),
(52490, 'OLAYA HERRERA', 52),
(52506, 'OSPINA', 52),
(52520, 'FRANCISCO PIZARRO', 52),
(52540, 'POLICARPA', 52),
(52560, 'POTOSÍ', 52),
(52565, 'PROVIDENCIA', 52),
(52573, 'PUERRES', 52),
(52585, 'PUPIALES', 52),
(52612, 'RICAURTE', 52),
(52621, 'ROBERTO PAYÁN', 52),
(52678, 'SAMANIEGO', 52),
(52683, 'SANDONÁ', 52),
(52685, 'SAN BERNARDO', 52),
(52687, 'SAN LORENZO', 52),
(52693, 'SAN PABLO', 52),
(52694, 'SAN PEDRO DE CARTAGO', 52),
(52696, 'SANTA BÁRBARA', 52),
(52699, 'SANTACRUZ', 52),
(52720, 'SAPUYES', 52),
(52786, 'TAMINANGO', 52),
(52788, 'TANGUA', 52),
(52835, 'SAN ANDRES DE TUMACO', 52),
(52838, 'TÚQUERRES', 52),
(52885, 'YACUANQUER', 52),
(54001, 'CÚCUTA', 54),
(54003, 'ABREGO', 54),
(54051, 'ARBOLEDAS', 54),
(54099, 'BOCHALEMA', 54),
(54109, 'BUCARASICA', 54),
(54125, 'CÁCOTA', 54),
(54128, 'CACHIRÁ', 54),
(54172, 'CHINÁCOTA', 54),
(54174, 'CHITAGÁ', 54),
(54206, 'CONVENCIÓN', 54),
(54223, 'CUCUTILLA', 54),
(54239, 'DURANIA', 54),
(54245, 'EL CARMEN', 54),
(54250, 'EL TARRA', 54),
(54261, 'EL ZULIA', 54),
(54313, 'GRAMALOTE', 54),
(54344, 'HACARÍ', 54),
(54347, 'HERRÁN', 54),
(54377, 'LABATECA', 54),
(54385, 'LA ESPERANZA', 54),
(54398, 'LA PLAYA', 54),
(54405, 'LOS PATIOS', 54),
(54418, 'LOURDES', 54),
(54480, 'MUTISCUA', 54),
(54498, 'OCAÑA', 54),
(54518, 'PAMPLONA', 54),
(54520, 'PAMPLONITA', 54),
(54553, 'PUERTO SANTANDER', 54),
(54599, 'RAGONVALIA', 54),
(54660, 'SALAZAR', 54),
(54670, 'SAN CALIXTO', 54),
(54673, 'SAN CAYETANO', 54),
(54680, 'SANTIAGO', 54),
(54720, 'SARDINATA', 54),
(54743, 'SILOS', 54),
(54800, 'TEORAMA', 54),
(54810, 'TIBÚ', 54),
(54820, 'TOLEDO', 54),
(54871, 'VILLA CARO', 54),
(54874, 'VILLA DEL ROSARIO', 54),
(63001, 'ARMENIA', 63),
(63111, 'BUENAVISTA', 63),
(63130, 'CALARCA', 63),
(63190, 'CIRCASIA', 63),
(63212, 'CÓRDOBA', 63),
(63272, 'FILANDIA', 63),
(63302, 'GÉNOVA', 63),
(63401, 'LA TEBAIDA', 63),
(63470, 'MONTENEGRO', 63),
(63548, 'PIJAO', 63),
(63594, 'QUIMBAYA', 63),
(63690, 'SALENTO', 63),
(66001, 'PEREIRA', 66),
(66045, 'APÍA', 66),
(66075, 'BALBOA', 66),
(66088, 'BELÉN DE UMBRÍA', 66),
(66170, 'DOSQUEBRADAS', 66),
(66318, 'GUÁTICA', 66),
(66383, 'LA CELIA', 66),
(66400, 'LA VIRGINIA', 66),
(66440, 'MARSELLA', 66),
(66456, 'MISTRATÓ', 66),
(66572, 'PUEBLO RICO', 66),
(66594, 'QUINCHÍA', 66),
(66682, 'SANTA ROSA DE CABAL', 66),
(66687, 'SANTUARIO', 66),
(68001, 'BUCARAMANGA', 68),
(68013, 'AGUADA', 68),
(68020, 'ALBANIA', 68),
(68051, 'ARATOCA', 68),
(68077, 'BARBOSA', 68),
(68079, 'BARICHARA', 68),
(68081, 'BARRANCABERMEJA', 68),
(68092, 'BETULIA', 68),
(68101, 'BOLÍVAR', 68),
(68121, 'CABRERA', 68),
(68132, 'CALIFORNIA', 68),
(68147, 'CAPITANEJO', 68),
(68152, 'CARCASÍ', 68),
(68160, 'CEPITÁ', 68),
(68162, 'CERRITO', 68),
(68167, 'CHARALÁ', 68),
(68169, 'CHARTA', 68),
(68176, 'CHIMA', 68),
(68179, 'CHIPATÁ', 68),
(68190, 'CIMITARRA', 68),
(68207, 'CONCEPCIÓN', 68),
(68209, 'CONFINES', 68),
(68211, 'CONTRATACIÓN', 68),
(68217, 'COROMORO', 68),
(68229, 'CURITÍ', 68),
(68235, 'EL CARMEN DE CHUCURÍ', 68),
(68245, 'EL GUACAMAYO', 68),
(68250, 'EL PEÑÓN', 68),
(68255, 'EL PLAYÓN', 68),
(68264, 'ENCINO', 68),
(68266, 'ENCISO', 68),
(68271, 'FLORIÁN', 68),
(68276, 'FLORIDABLANCA', 68),
(68296, 'GALÁN', 68),
(68298, 'GAMBITA', 68),
(68307, 'GIRÓN', 68),
(68318, 'GUACA', 68),
(68320, 'GUADALUPE', 68),
(68322, 'GUAPOTÁ', 68),
(68324, 'GUAVATÁ', 68),
(68327, 'GÜEPSA', 68),
(68344, 'HATO', 68),
(68368, 'JESÚS MARÍA', 68),
(68370, 'JORDÁN', 68),
(68377, 'LA BELLEZA', 68),
(68385, 'LANDÁZURI', 68),
(68397, 'LA PAZ', 68),
(68406, 'LEBRIJA', 68),
(68418, 'LOS SANTOS', 68),
(68425, 'MACARAVITA', 68),
(68432, 'MÁLAGA', 68),
(68444, 'MATANZA', 68),
(68464, 'MOGOTES', 68),
(68468, 'MOLAGAVITA', 68),
(68498, 'OCAMONTE', 68),
(68500, 'OIBA', 68),
(68502, 'ONZAGA', 68),
(68522, 'PALMAR', 68),
(68524, 'PALMAS DEL SOCORRO', 68),
(68533, 'PÁRAMO', 68),
(68547, 'PIEDECUESTA', 68),
(68549, 'PINCHOTE', 68),
(68572, 'PUENTE NACIONAL', 68),
(68573, 'PUERTO PARRA', 68),
(68575, 'PUERTO WILCHES', 68),
(68615, 'RIONEGRO', 68),
(68655, 'SABANA DE TORRES', 68),
(68669, 'SAN ANDRÉS', 68),
(68673, 'SAN BENITO', 68),
(68679, 'SAN GIL', 68),
(68682, 'SAN JOAQUÍN', 68),
(68684, 'SAN JOSÉ DE MIRANDA', 68),
(68686, 'SAN MIGUEL', 68),
(68689, 'SAN VICENTE DE CHUCURÍ', 68),
(68705, 'SANTA BÁRBARA', 68),
(68720, 'SANTA HELENA DEL OPÓN', 68),
(68745, 'SIMACOTA', 68),
(68755, 'SOCORRO', 68),
(68770, 'SUAITA', 68),
(68773, 'SUCRE', 68),
(68780, 'SURATÁ', 68),
(68820, 'TONA', 68),
(68855, 'Valle Del Cauca DE SAN JOSÉ', 68),
(68861, 'VÉLEZ', 68),
(68867, 'VETAS', 68),
(68872, 'VILLANUEVA', 68),
(68895, 'ZAPATOCA', 68),
(70001, 'SINCELEJO', 70),
(70110, 'BUENAVISTA', 70),
(70124, 'CAIMITO', 70),
(70204, 'COLOSO', 70),
(70215, 'COROZAL', 70),
(70221, 'COVEÑAS', 70),
(70230, 'CHALÁN', 70),
(70233, 'EL ROBLE', 70),
(70235, 'GALERAS', 70),
(70265, 'GUARANDA', 70),
(70400, 'LA UNIÓN', 70),
(70418, 'LOS PALMITOS', 70),
(70429, 'MAJAGUAL', 70),
(70473, 'MORROA', 70),
(70508, 'OVEJAS', 70),
(70523, 'PALMITO', 70),
(70670, 'SAMPUÉS', 70),
(70678, 'SAN BENITO ABAD', 70),
(70702, 'SAN JUAN DE BETULIA', 70),
(70708, 'SAN MARCOS', 70),
(70713, 'SAN ONOFRE', 70),
(70717, 'SAN PEDRO', 70),
(70742, 'SAN LUIS DE SINCÉ', 70),
(70771, 'SUCRE', 70),
(70820, 'SANTIAGO DE TOLÚ', 70),
(70823, 'TOLÚ VIEJO', 70),
(73001, 'IBAGUÉ', 73),
(73024, 'ALPUJARRA', 73),
(73026, 'ALVARADO', 73),
(73030, 'AMBALEMA', 73),
(73043, 'ANZOÁTEGUI', 73),
(73055, 'ARMERO', 73),
(73067, 'ATACO', 73),
(73124, 'CAJAMARCA', 73),
(73148, 'CARMEN DE APICALÁ', 73),
(73152, 'CASABIANCA', 73),
(73168, 'CHAPARRAL', 73),
(73200, 'COELLO', 73),
(73217, 'COYAIMA', 73),
(73226, 'CUNDAY', 73),
(73236, 'DOLORES', 73),
(73268, 'ESPINAL', 73),
(73270, 'FALAN', 73),
(73275, 'FLANDES', 73),
(73283, 'FRESNO', 73),
(73319, 'GUAMO', 73),
(73347, 'HERVEO', 73),
(73349, 'HONDA', 73),
(73352, 'ICONONZO', 73),
(73408, 'LÉRIDA', 73),
(73411, 'LÍBANO', 73),
(73443, 'SAN SEBASTIÁN DE MARIQUITA', 73),
(73449, 'MELGAR', 73),
(73461, 'MURILLO', 73),
(73483, 'NATAGAIMA', 73),
(73504, 'ORTEGA', 73),
(73520, 'PALOCABILDO', 73),
(73547, 'PIEDRAS', 73),
(73555, 'PLANADAS', 73),
(73563, 'PRADO', 73),
(73585, 'PURIFICACIÓN', 73),
(73616, 'RIOBLANCO', 73),
(73622, 'RONCESValle Del CaucaS', 73),
(73624, 'ROVIRA', 73),
(73671, 'SALDAÑA', 73),
(73675, 'SAN ANTONIO', 73),
(73678, 'SAN LUIS', 73),
(73686, 'SANTA ISABEL', 73),
(73770, 'SUÁREZ', 73),
(73854, 'Valle Del Cauca DE SAN JUAN', 73),
(73861, 'VENADILLO', 73),
(73870, 'VILLAHERMOSA', 73),
(73873, 'VILLARRICA', 73),
(76001, 'CALI', 76),
(76020, 'ALCALÁ', 76),
(76036, 'ANDALUCÍA', 76),
(76041, 'ANSERMANUEVO', 76),
(76054, 'ARGELIA', 76),
(76100, 'BOLÍVAR', 76),
(76109, 'BUENAVENTURA', 76),
(76111, 'GUADALAJARA DE BUGA', 76),
(76113, 'BUGALAGRANDE', 76),
(76122, 'CAICEDONIA', 76),
(76126, 'CALIMA', 76),
(76130, 'CANDELARIA', 76),
(76147, 'CARTAGO', 76),
(76233, 'DAGUA', 76),
(76243, 'EL ÁGUILA', 76),
(76246, 'EL CAIRO', 76),
(76248, 'EL CERRITO', 76),
(76250, 'EL DOVIO', 76),
(76275, 'FLORIDA', 76),
(76306, 'GINEBRA', 76),
(76318, 'GUACARÍ', 76),
(76364, 'JAMUNDÍ', 76),
(76377, 'LA CUMBRE', 76),
(76400, 'LA UNIÓN', 76),
(76403, 'LA VICTORIA', 76),
(76497, 'OBANDO', 76),
(76520, 'PALMIRA', 76),
(76563, 'PRADERA', 76),
(76606, 'RESTREPO', 76),
(76616, 'RIOFRÍO', 76),
(76622, 'ROLDANILLO', 76),
(76670, 'SAN PEDRO', 76),
(76736, 'SEVILLA', 76),
(76823, 'TORO', 76),
(76828, 'TRUJILLO', 76),
(76834, 'TULUÁ', 76),
(76845, 'ULLOA', 76),
(76863, 'VERSALLES', 76),
(76869, 'VIJES', 76),
(76890, 'YOTOCO', 76),
(76892, 'YUMBO', 76),
(76895, 'ZARZAL', 76),
(81001, 'ARAUCA', 81),
(81065, 'ARAUQUITA', 81),
(81220, 'CRAVO NORTE', 81),
(81300, 'FORTUL', 81),
(81591, 'PUERTO RONDÓN', 81),
(81736, 'SARAVENA', 81),
(81794, 'TAME', 81),
(85001, 'YOPAL', 85),
(85010, 'AGUAZUL', 85),
(85015, 'CHAMEZA', 85),
(85125, 'HATO COROZAL', 85),
(85136, 'LA SALINA', 85),
(85139, 'MANÍ', 85),
(85162, 'MONTERREY', 85),
(85225, 'NUNCHÍA', 85),
(85230, 'OROCUÉ', 85),
(85250, 'PAZ DE ARIPORO', 85),
(85263, 'PORE', 85),
(85279, 'RECETOR', 85),
(85300, 'SABANALARGA', 85),
(85315, 'SÁCAMA', 85),
(85325, 'SAN LUIS DE PALENQUE', 85),
(85400, 'TÁMARA', 85),
(85410, 'TAURAMENA', 85),
(85430, 'TRINIDAD', 85),
(85440, 'VILLANUEVA', 85),
(86001, 'MOCOA', 86),
(86219, 'COLÓN', 86),
(86320, 'ORITO', 86),
(86568, 'PUERTO ASÍS', 86),
(86569, 'PUERTO CAICEDO', 86),
(86571, 'PUERTO GUZMÁN', 86),
(86573, 'PUERTO LEGUÍZAMO', 86),
(86749, 'SIBUNDOY', 86),
(86755, 'SAN FRANCISCO', 86),
(86757, 'SAN MIGUEL', 86),
(86760, 'SANTIAGO', 86),
(86865, 'Valle Del Cauca DEL GUAMUEZ', 86),
(86885, 'VILLAGARZÓN', 86),
(88001, 'SAN ANDRÉS', 88),
(88564, 'PROVIDENCIA', 88),
(91001, 'LETICIA', 91),
(91263, 'EL ENCANTO', 91),
(91405, 'LA CHORRERA', 91),
(91407, 'LA PEDRERA', 91),
(91430, 'LA VICTORIA', 91),
(91460, 'MIRITI - PARANÁ', 91),
(91530, 'PUERTO ALEGRÍA', 91),
(91536, 'PUERTO ARICA', 91),
(91540, 'PUERTO NARIÑO', 91),
(91669, 'PUERTO SANTANDER', 91),
(91798, 'TARAPACÁ', 91),
(94001, 'INÍRIDA', 94),
(94343, 'BARRANCO MINAS', 94),
(94663, 'MAPIRIPANA', 94),
(94883, 'SAN FELIPE', 94),
(94884, 'PUERTO COLOMBIA', 94),
(94885, 'LA GUADALUPE', 94),
(94886, 'CACAHUAL', 94),
(94887, 'PANA PANA', 94),
(94888, 'MORICHAL', 94),
(95001, 'SAN JOSÉ DEL GUAVIARE', 95),
(95015, 'CALAMAR', 95),
(95025, 'EL RETORNO', 95),
(95200, 'MIRAFLORES', 95),
(97001, 'MITÚ', 97),
(97161, 'CARURU', 97),
(97511, 'PACOA', 97),
(97666, 'TARAIRA', 97),
(97777, 'PAPUNAUA', 97),
(97889, 'YAVARATÉ', 97),
(99001, 'PUERTO CARREÑO', 99),
(99524, 'LA PRIMAVERA', 99),
(99624, 'SANTA ROSALÍA', 99),
(99773, 'CUMARIBO', 99);

-- --------------------------------------------------------

--
-- Estructura de tabla para la tabla `puesto`
--

CREATE TABLE `puesto` (
  `id_puesto` int(50) NOT NULL,
  `nombre_puesto` varchar(50) NOT NULL,
  `cliente_id` int(50) NOT NULL,
  `direccion_puesto` varchar(50) NOT NULL,
  `ciudad` varchar(45) NOT NULL,
  `modalidad_id` int(50) NOT NULL
) ENGINE=InnoDB DEFAULT CHARSET=utf8;

--
-- Volcado de datos para la tabla `puesto`
--

INSERT INTO `puesto` (`id_puesto`, `nombre_puesto`, `cliente_id`, `direccion_puesto`, `ciudad`, `modalidad_id`) VALUES
(4944, 'OFICINA AVIANCA  CENTRO C. A.', 3773, 'PEREIRA', 'PEREIRA', 10134),
(4946, 'ENTRADA/ SALIDA DE EQUIPAJES', 3773, 'PEREIRA', 'ARMENIA', 3161),
(4947, 'PLATAFORMA', 3773, 'PEREIRA', 'ARMENIA', 7108),
(4948, 'CONTROL - CUSTODIA CARGA Y CORREO HUB PEI', 3773, 'PEREIRA', 'ARMENIA', 7108),
(4949, 'CONTROL ACCESO HUB PEI', 3773, 'PEREIRA', 'MANIZALES', 7002),
(4950, 'INSPECTOR - CUSTODIA CARGA Y CORREO ATO PEI', 3773, 'PEREIRA', 'MANIZALES', 13598),
(4956, 'REFUERZO DE PLATAFORMA', 3773, 'PEREIRA', 'MANIZALES', 13598),
(4963, 'CD PEREIRA RECEPCION', 3800, 'PEREIRA', 'PEREIRA', 1081),
(4967, 'CD ARMENIA PORTERIA PEATONAL', 3800, 'PEREIRA', 'PEREIRA', 1090),
(4976, 'CONSERGE CALARCA', 3800, 'PEREIRA', 'PEREIRA', 1000),
(4980, 'Supervisor Motorizado(C.A)', 3833, 'PEREIRA', 'PEREIRA', 10186),
(4981, 'Radio Operador  VISE (C.A)', 3833, 'PEREIRA', 'PEREIRA', 10136),
(4983, 'COORDINADOR(A) ADMINISTRATIVA', 3833, 'PEREIRA', 'PEREIRA', 10136),
(4987, 'RECORREDOR ARMENIA', 3833, 'PEREIRA', 'PEREIRA', 10136),
(4988, 'SECRETARIA OFICINA', 3833, 'PEREIRA', 'PEREIRA', 10136),
(4993, 'RECORREDOR', 3833, 'PEREIRA', 'PEREIRA', 13562),
(4994, 'TECNICO GERENCIA TECNOLOGICA', 3833, 'PEREIRA', 'PEREIRA', 1004),
(4995, 'AUXILIAR DE PROGRAMACION', 3833, 'PEREIRA', 'PEREIRA', 5193),
(4996, 'JEFE DE OPERACIONES', 3833, 'PEREIRA', 'MANIZALES', 1004),
(4997, 'SEVICIOS GENERALES PEREIRA', 3833, 'PEREIRA', 'MANIZALES', 1004),
(4998, 'SUPERVISOR MOTORIZADO', 3833, 'PEREIRA', 'MANIZALES', 5193),
(5002, 'SUPERVISOR MOTORIZADO', 3833, 'PEREIRA', 'PEREIRA', 5303),
(5003, 'PORTERIA OFICINAS VISE PEREIRA', 3833, 'PEREIRA', 'PEREIRA', 10018),
(5054, 'BBVA CENTRO ARMENIA', 3871, 'PEREIRA', 'ARMENIA', 1090),
(5058, 'BBVA LOS ROSALES', 3871, 'PEREIRA', 'PEREIRA', 10998),
(5062, 'BBVA OFICINA 259', 3871, 'PEREIRA', 'CARTAGO', 10069),
(5066, 'BBVA OFICINA PRINCIPAL PEREIRA', 3871, 'PEREIRA', 'PEREIRA', 10042),
(5067, 'BBVA PPAL PLAZA DE BOLIVAR MANIZALES', 3871, 'PEREIRA', 'PEREIRA', 10998),
(5068, 'BBVA CENTRO TECNOLOGICO LAGO URIBE', 3871, 'PEREIRA', 'PEREIRA', 10998),
(5069, 'BBVA PINARES (LA REBECA) PEREIRA', 3871, 'PEREIRA', 'PEREIRA', 10003),
(5073, 'E-PAGO PEREIRA', 5070, 'PEREIRA', 'CARTAGO', 1113),
(5077, 'BANCOMPARTIR OFICINA ARMENIA', 3900, 'PEREIRA', 'ARMENIA', 1062),
(5081, 'BANCOMPARTIR OFICINA PEREIRA 2', 3900, 'PEREIRA', 'CALARCA', 10045),
(5085, 'EXXON MOBIL CARTAGO RESIDENTE', 3938, 'PEREIRA', 'CARTAGO', 5052),
(5086, 'EXXON MOBIL CARTAGO PLANTA', 3938, 'PEREIRA', 'PEREIRA', 1062),
(5088, 'EXXON MOBIL CARTAGO RONDA INTERNA', 3938, 'PEREIRA', 'PEREIRA', 5311),
(5092, 'OFICINA(C.A)', 5089, 'PEREIRA', 'PEREIRA', 10027),
(5136, 'OFICINA NUEVA EPS PEREIRA', 3971, 'PEREIRA', 'PEREIRA', 4178),
(5140, 'OFICINA NUEVA EPS ARMENIA', 3971, 'PEREIRA', 'PEREIRA', 1062),
(5144, 'OFICINA NUEVA EPS MANIZALES', 3971, 'PEREIRA', 'PEREIRA', 1062),
(5149, 'OFICINA NUEVA EPS ZARZAL', 3971, 'PEREIRA', 'PEREIRA', 5166),
(5153, 'AUTOGERMANA PEREIRA', 3998, 'PEREIRA', 'PEREIRA', 1062),
(10298, 'Coordinador Operativo  PEI # 1', 3773, 'PEREIRA', 'PEREIRA', 2010),
(10299, 'Lider de Control PEI # 1', 3773, 'PEREIRA', 'PEREIRA', 2027),
(10300, 'Agente de Control Medio Tiempo PEI # 1', 3773, 'PEREIRA', 'PEREIRA', 5052),
(10301, 'Agente de Control Medio Tiempo PEI # 2', 3773, 'PEREIRA', 'PEREIRA', 10134),
(10302, 'Agente de Control Medio Tiempo PEI # 3', 3773, 'PEREIRA', 'PEREIRA', 10134),
(10303, 'Agente de Control Medio Tiempo PEI # 4', 3773, 'PEREIRA', 'PEREIRA', 10134),
(10304, 'Agente de Control Medio Tiempo PEI # 5', 3773, 'PEREIRA', 'PEREIRA', 10134),
(10305, 'Agente de Control Medio Tiempo PEI # 6', 3773, 'PEREIRA', 'PEREIRA', 10134),
(10306, 'Agente de Control Medio Tiempo PEI # 7', 3773, 'PEREIRA', 'PEREIRA', 10134),
(10307, 'Agente de Control Medio Tiempo PEI # 8', 3773, 'PEREIRA', 'PEREIRA', 10134),
(10308, 'Agente de Control Medio Tiempo PEI # 9', 3773, 'PEREIRA', 'PEREIRA', 10134),
(10309, 'Agente de Control Medio Tiempo PEI # 10', 3773, 'PEREIRA', 'PEREIRA', 10134),
(10310, 'Agente de Control Medio Tiempo PEI # 11', 3773, 'PEREIRA', 'PEREIRA', 10134),
(10311, 'Agente de Control Medio Tiempo PEI # 12', 3773, 'PEREIRA', 'PEREIRA', 10134),
(10436, 'PORTERIA PLANTA PEREIRA', 10378, 'PEREIRA', 'PEREIRA', 5056),
(10437, 'AEROPUERTO MATECAÑA', 10378, 'PEREIRA', 'PEREIRA', 6039),
(10438, 'PORTERIA PLANTA MANIZALES', 10378, 'PEREIRA', 'ARMENIA', 5166),
(10439, 'OFICINA/BODEGA PLANTA MANIZALES', 10378, 'PEREIRA', 'MANIZALES', 5166),
(10440, 'RECORREDOR PLANTA MANIZALES', 10378, 'PEREIRA', 'ZARZAL', 5166),
(10473, 'CONSERJE CD ANTIGUO PEREIRA', 3800, 'PEREIRA', 'PEREIRA', 10998),
(10494, 'RECCOREDOR PLANTA PEREIRA', 10378, 'PEREIRA', 'PEREIRA', 5064),
(22177, 'SUPERVISOR / A/C INSP. CATERING PEREIRA', 9428, 'PEREIRA', 'PEREIRA', 1090),
(22178, 'BAGGAGE MAKE UP (BMU) PEREIRA', 9428, 'PEREIRA', 'MANIZALES', 1090),
(22179, 'X - RAY PEREIRA', 9428, 'PEREIRA', 'PEREIRA', 5015),
(22180, 'RAMP PERIMETER PEREIRA', 9428, 'PEREIRA', 'ARMENIA', 3095),
(22181, 'AIRCRAFT ACCESS CONTROL PEREIRA', 9428, 'PEREIRA', 'MANIZALES', 10065),
(22182, 'CARGO INSPECTION PEREIRA', 9428, 'PEREIRA', 'CARTAGO', 10157),
(22183, 'ACCESS CONTROL / SEALS PEREIRA', 9428, 'PEREIRA', 'PEREIRA', 9094),
(22361, 'LOTE II MERCASA/BANCOLOMBIA', 10378, 'PEREIRA', 'PEREIRA', 10061),
(22390, 'SEDE ADM / CAV  PEREIRA I', 3947, 'PEREIRA', 'PEREIRA', 10067),
(22391, 'CAV PEREIRA I', 3947, 'PEREIRA', 'PEREIRA', 10065),
(22392, 'CAV PEREIRA II', 3947, 'PEREIRA', 'ARMENIA', 9008),
(22393, 'CCM PEREIRA', 3947, 'PEREIRA', 'PEREIRA', 9008),
(22394, 'ADMIN. PEREIRA', 3947, 'PEREIRA', 'CARTAGO', 10045),
(22485, 'OFICINA COPA-PEREIRA', 9428, 'PEREIRA', 'MANIZALES', 9094),
(22528, 'PLATAFORMA 1', 3773, 'PEREIRA', 'PEREIRA', 3126),
(22529, 'ARMERILLO', 3773, 'PEREIRA', 'PEREIRA', 1068),
(22530, 'SELECCIÓN / RAYOS X', 3773, 'PEREIRA', 'PEREIRA', 1062),
(22531, 'PLATAFORMA 1', 3773, 'PEREIRA', 'PEREIRA', 1000),
(22532, 'ARMERILLO', 3773, 'PEREIRA', 'PEREIRA', 6038),
(22533, 'SELECCION / RAYOS X', 3773, 'PEREIRA', 'PEREIRA', 3000);

-- --------------------------------------------------------

--
-- Estructura de tabla para la tabla `seguridad_social`
--

CREATE TABLE `seguridad_social` (
  `id_registro` int(100) NOT NULL,
  `empleado_id` int(20) NOT NULL,
  `afp` varchar(45) NOT NULL,
  `afc` varchar(45) NOT NULL,
  `arl` varchar(50) NOT NULL,
  `eps` varchar(45) NOT NULL,
  `ccf` varchar(45) NOT NULL
) ENGINE=InnoDB DEFAULT CHARSET=utf8;

--
-- Volcado de datos para la tabla `seguridad_social`
--

INSERT INTO `seguridad_social` (`id_registro`, `empleado_id`, `afp`, `afc`, `arl`, `eps`, `ccf`) VALUES
(1, 2316358, '138', '137', '84', '11', '99'),
(2, 2680820, '74', '137', '84', '112', '120'),
(3, 4372275, '74', '136', '84', '86', '115'),
(4, 4391851, '74', '138', '84', '73', '46'),
(5, 4415933, '74', '137', '84', '73', '99'),
(6, 4446750, '47', '137', '84', '112', '99'),
(7, 4512715, '26', '136', '84', '112', '46'),
(8, 4578632, '37', '138', '84', '112', '46'),
(9, 7549474, '47', '137', '84', '112', '115'),
(10, 7959553, '74', '136', '84', '86', '46'),
(11, 9697467, '47', '137', '84', '123', '46'),
(12, 9697804, '37', '138', '84', '112', '46'),
(13, 9726942, '26', '139', '84', '123', '115'),
(14, 9727897, '26', '139', '84', '86', '115'),
(15, 9728928, '74', '139', '84', '112', '115'),
(16, 9735423, '47', '139', '84', '86', '115'),
(17, 9809507, '47', '137', '84', '86', '115'),
(18, 9862498, '47', '137', '84', '112', '46'),
(19, 9921457, '74', '137', '84', '112', '46'),
(20, 9957041, '26', '137', '84', '11', '46'),
(21, 9971779, '74', '139', '84', '112', '99'),
(22, 9977165, '47', '137', '84', '11', '99'),
(23, 9992812, '74', '138', '84', '112', '46'),
(24, 10008438, '47', '137', '84', '86', '46'),
(25, 10127786, '26', '137', '84', '112', '46'),
(26, 10128205, '74', '138', '84', '112', '46'),
(27, 10186008, '47', '137', '84', '86', '46'),
(28, 10263787, '47', '137', '84', '22', '99'),
(29, 10273868, '74', '137', '84', '112', '99'),
(30, 10281008, '74', '137', '84', '112', '99'),
(31, 10286362, '74', '137', '84', '22', '99'),
(32, 13993559, '47', '137', '84', '73', '120'),
(33, 14571153, '47', '137', '84', '107', '120'),
(34, 14571892, '74', '137', '84', '463', '120'),
(35, 15908017, '47', '137', '84', '123', '46'),
(36, 15956575, '74', '139', '84', '11', '99'),
(37, 15959151, '47', '', '84', '112', '99'),
(38, 15959842, '74', '137', '84', '73', '99'),
(39, 16045186, '47', '137', '84', '123', '46'),
(40, 16055698, '47', '136', '84', '112', '46'),
(41, 16226344, '47', '137', '84', '112', '120'),
(42, 16232307, '26', '137', '84', '112', '120'),
(43, 16485243, '74', '139', '84', '73', '46'),
(44, 16627207, '47', '138', '84', '112', '46'),
(45, 18398705, '47', '139', '84', '86', '115'),
(46, 18402946, '26', '137', '84', '86', '115'),
(47, 18403227, '47', '137', '84', '73', '115'),
(48, 18492028, '47', '137', '84', '112', '115'),
(49, 18532107, '74', '137', '84', '86', '46'),
(50, 18596498, '47', '137', '84', '86', '46'),
(51, 18598051, '47', '137', '84', '112', '46'),
(52, 18598209, '47', '137', '84', '123', '46'),
(53, 18606864, '74', '138', '84', '73', '120'),
(54, 24398541, '26', '140', '84', '112', '46'),
(55, 29435277, '74', '137', '84', '135', '46'),
(56, 30360511, '26', '136', '84', '86', '99'),
(57, 31412768, '47', '137', '84', '112', '115'),
(58, 41912001, '47', '139', '84', '130', '115'),
(59, 42159210, '47', '140', '84', '22', '46'),
(60, 72252082, '26', '136', '84', '86', '46'),
(61, 75033492, '26', '137', '84', '112', '99'),
(62, 75050002, '47', '137', '84', '86', '46'),
(63, 75077610, '26', '137', '84', '22', '99'),
(64, 75079795, '74', '137', '84', '86', '99'),
(65, 75081513, '47', '137', '84', '86', '99'),
(66, 75084858, '47', '137', '84', '11', '99'),
(67, 75085511, '26', '137', '84', '11', '99'),
(68, 75101610, '47', '137', '84', '11', '46'),
(69, 75102420, '37', '137', '84', '86', '99'),
(70, 75143474, '47', '137', '84', '130', '63'),
(71, 75144459, '26', '137', '84', '86', '46'),
(72, 75146518, '26', '137', '84', '86', '46'),
(73, 83241316, '37', '139', '84', '212', '90'),
(74, 89004457, '37', '136', '84', '112', '115'),
(75, 93383597, '74', '137', '84', '123', '46'),
(76, 94288775, '37', '137', '84', '86', '46'),
(77, 94310956, '74', '139', '84', '123', '46'),
(78, 94393066, '47', '137', '84', '129', '120'),
(79, 94463013, '47', '137', '84', '86', '115'),
(80, 94533834, '26', '139', '84', '86', '115'),
(81, 1004211221, '47', '137', '84', '463', '99'),
(82, 1053791943, '47', '137', '84', '123', '99'),
(83, 1053794211, '74', '140', '84', '11', '99'),
(84, 1053800432, '26', '137', '84', '112', '99'),
(85, 1054916493, '47', '137', '84', '112', '46'),
(86, 1054990354, '26', '137', '84', '11', '99'),
(87, 1057757266, '47', '137', '84', '123', '46'),
(88, 1059785331, '26', '136', '84', '11', '99'),
(89, 1059812970, '47', '137', '84', '11', '99'),
(90, 1060590364, '47', '137', '84', '123', '99'),
(91, 1060646253, '37', '137', '84', '86', '99'),
(92, 1061624208, '37', '137', '84', '86', '99'),
(93, 1061625000, '37', '137', '84', '11', '99'),
(94, 1086278089, '74', '139', '84', '11', '46'),
(95, 1088002131, '47', '137', '84', '86', '46'),
(96, 1088003280, '47', '137', '84', '73', '46'),
(97, 1088021467, '47', '137', '84', '22', '46'),
(98, 1088028024, '47', '137', '84', '463', '46'),
(99, 1088238927, '26', '137', '84', '86', '46'),
(100, 1088245901, '26', '137', '84', '22', '46'),
(101, 1088248409, '26', '139', '84', '112', '46'),
(102, 1088273174, '47', '137', '84', '112', '46'),
(103, 1088292581, '47', '137', '84', '86', '46'),
(104, 1088300094, '26', '137', '84', '11', '46'),
(105, 1088313813, '26', '137', '84', '112', '46'),
(106, 1088321795, '47', '137', '84', '86', '46'),
(107, 1088327284, '26', '137', '84', '11', '46'),
(108, 1089746531, '26', '137', '84', '463', '46'),
(109, 1090336662, '47', '137', '84', '463', '46'),
(110, 1093215267, '47', '137', '84', '86', '46'),
(111, 1094882530, '26', '136', '84', '86', '115'),
(112, 1094902525, '26', '136', '84', '112', '115'),
(113, 1094911267, '26', '137', '84', '86', '115'),
(114, 1096032319, '26', '137', '84', '112', '115'),
(115, 1096646154, '47', '', '84', '107', '46'),
(116, 1097729714, '47', '137', '84', '73', '115'),
(117, 1104675026, '26', '136', '84', '123', '96'),
(118, 1109293858, '47', '139', '84', '11', '99'),
(119, 1109296032, '47', '', '84', '86', '96'),
(120, 1109298865, '47', '137', '84', '22', '99'),
(121, 1112302799, '47', '137', '84', '73', '120'),
(122, 1112761152, '47', '137', '84', '112', '120'),
(123, 1112769004, '47', '137', '84', '112', '46'),
(124, 1112770431, '47', '137', '84', '123', '120'),
(125, 1112780067, '47', '137', '84', '463', '120'),
(126, 1112784664, '47', '137', '84', '123', '120'),
(127, 1113512846, '26', '137', '84', '11', '99'),
(128, 1113533829, '47', '137', '84', '73', '46'),
(129, 1113779033, '47', '137', '84', '73', '120'),
(130, 1114092888, '26', '137', '84', '112', '120'),
(131, 1114120754, '47', '137', '84', '86', '120'),
(132, 1116264342, '47', '137', '84', '123', '120'),
(133, 1116437684, '37', '137', '84', '123', '120'),
(134, 1116726252, '47', '137', '84', '11', '46'),
(135, 1143946915, '47', '137', '84', '11', '99'),
(136, 0, '6318', '18119', '11340', '13682', '11007'),
(137, 0, '', '', '', '', ''),
(138, 0, '', '', '', '', '');

-- --------------------------------------------------------

--
-- Estructura de tabla para la tabla `tipo_contrato`
--

CREATE TABLE `tipo_contrato` (
  `id_tipo_contrato` int(20) NOT NULL,
  `descripcion` varchar(50) NOT NULL
) ENGINE=InnoDB DEFAULT CHARSET=utf8;

--
-- Volcado de datos para la tabla `tipo_contrato`
--

INSERT INTO `tipo_contrato` (`id_tipo_contrato`, `descripcion`) VALUES
(1, 'ANTIGUA CONTRATACION OPERATIVOS (Q)'),
(2, 'ANTIGUA CONTRATACION PENSIONADOS (Q)'),
(3, 'ANTIGUA CONTRATACION OPERATIVO (M)'),
(20, 'CONTRATACION NIVELADOS OPERATIVOS (Q)'),
(21, 'CONTRATACION NIVELADOS PENSIONADOS (Q)'),
(22, 'CONTRATACION NIVELADOS OPERATIVOS (M)'),
(23, 'CONTRATACION NIVELADOS PESIONADOS (M)'),
(40, 'NUEVA CONTRATACION OPERATIVOS (Q)'),
(42, 'NUEVA CONTRATACION OPERATIVOS (M)'),
(60, 'NOMINAS PLANAS (Q)'),
(61, 'NOMINAS PLANAS PENSIONADOS (Q)'),
(62, 'NOMINAS PLANAS (M)'),
(80, 'GARANTIZADOS ADMINISTRATIVOS (Q)'),
(81, 'GARANTIZADOS ADMINISTRATIVOS PENS. (Q)'),
(83, 'GARANTIZADOS ADMINISTRATIVOS PENS. (M)'),
(100, 'GARANTIZADOS OPERATIVOS (Q)'),
(102, 'GARANTIZADOS OPERATIVOS (M)'),
(124, 'NOMINAS APRENDICES (Q)');

-- --------------------------------------------------------

--
-- Estructura de tabla para la tabla `ubicacion`
--

CREATE TABLE `ubicacion` (
  `id_registro` int(100) NOT NULL,
  `puesto_id` int(50) NOT NULL,
  `cliente_id` int(50) NOT NULL,
  `direccion_puesto` varchar(50) NOT NULL,
  `ciudad` varchar(45) NOT NULL,
  `modalidad_id` int(50) NOT NULL,
  `empleado_id` int(20) NOT NULL,
  `fecha_ingreso` date NOT NULL,
  `fecha_salida` date NOT NULL
) ENGINE=InnoDB DEFAULT CHARSET=utf8;

--
-- Volcado de datos para la tabla `ubicacion`
--

INSERT INTO `ubicacion` (`id_registro`, `puesto_id`, `cliente_id`, `direccion_puesto`, `ciudad`, `modalidad_id`, `empleado_id`, `fecha_ingreso`, `fecha_salida`) VALUES
(1, 4950, 3773, 'PEREIRA', 'PEREIRA', 1062, 94310956, '2017-04-29', '0000-00-00'),
(2, 22531, 3773, 'ARMENIA', 'ARMENIA', 1062, 94533834, '2018-03-19', '0000-00-00'),
(3, 22532, 3773, 'ARMENIA', 'ARMENIA', 1062, 89004457, '2018-03-07', '0000-00-00'),
(4, 22530, 3773, 'MANIZALES', 'MANIZALES', 1062, 1053791943, '2017-05-24', '0000-00-00'),
(5, 22529, 3773, 'MANIZALES', 'MANIZALES', 1062, 1060646253, '2017-10-11', '0000-00-00'),
(6, 4946, 3773, 'PEREIRA', 'PEREIRA', 3000, 1086278089, '2018-02-14', '0000-00-00'),
(7, 4947, 3773, 'PEREIRA', 'PEREIRA', 1000, 1088248409, '2018-04-09', '0000-00-00'),
(8, 4948, 3773, 'PEREIRA', 'PEREIRA', 3126, 1088313813, '2017-08-12', '0000-00-00'),
(9, 22533, 3773, 'ARMENIA', 'ARMENIA', 1062, 1094911267, '2018-02-12', '0000-00-00'),
(10, 4949, 3773, 'PEREIRA', 'PEREIRA', 1068, 1096646154, '2017-10-27', '0000-00-00'),
(11, 22528, 3773, 'MANIZALES', 'MANIZALES', 1062, 1109293858, '2018-03-07', '0000-00-00'),
(12, 4946, 3773, 'PEREIRA', 'PEREIRA', 3000, 1114092888, '2017-06-11', '0000-00-00'),
(13, 4950, 3773, 'PEREIRA', 'PEREIRA', 1062, 1116726252, '2017-11-01', '0000-00-00'),
(14, 22528, 3773, 'MANIZALES', 'MANIZALES', 1062, 75033492, '2017-06-27', '0000-00-00'),
(15, 4956, 3773, 'PEREIRA', 'PEREIRA', 2010, 75050002, '2017-01-13', '0000-00-00'),
(16, 4949, 3773, 'PEREIRA', 'PEREIRA', 1068, 16055698, '2017-05-16', '0000-00-00'),
(17, 4947, 3773, 'PEREIRA', 'PEREIRA', 1000, 18596498, '1998-01-06', '0000-00-00'),
(18, 4949, 3773, 'PEREIRA', 'PEREIRA', 1068, 4512715, '2017-09-20', '0000-00-00'),
(19, 4944, 3773, 'PEREIRA', 'PEREIRA', 6038, 4578632, '1997-04-14', '0000-00-00'),
(20, 4950, 3773, 'PEREIRA', 'PEREIRA', 1062, 7959553, '2003-04-03', '0000-00-00'),
(21, 4948, 3773, 'PEREIRA', 'PEREIRA', 3126, 9697467, '2017-11-13', '0000-00-00'),
(22, 22531, 3773, 'ARMENIA', 'ARMENIA', 1062, 9727897, '2017-11-24', '0000-00-00'),
(23, 22531, 3773, 'ARMENIA', 'ARMENIA', 1062, 9735423, '2017-10-03', '0000-00-00'),
(24, 22531, 3773, 'ARMENIA', 'ARMENIA', 1062, 9809507, '2018-01-09', '0000-00-00'),
(25, 4963, 3800, 'PEREIRA', 'PEREIRA', 1062, 9957041, '2018-03-07', '0000-00-00'),
(26, 4963, 3800, 'PEREIRA', 'PEREIRA', 1062, 18606864, '1996-11-16', '0000-00-00'),
(27, 4967, 3800, 'ARMENIA', 'ARMENIA', 1062, 18398705, '2018-04-10', '0000-00-00'),
(28, 4976, 3800, 'CALARCA', 'CALARCA', 10045, 31412768, '2018-04-01', '0000-00-00'),
(29, 4963, 3800, 'PEREIRA', 'PEREIRA', 1062, 1093215267, '2018-01-14', '0000-00-00'),
(30, 4967, 3800, 'ARMENIA', 'ARMENIA', 1062, 1094882530, '2018-01-07', '0000-00-00'),
(31, 4967, 3800, 'ARMENIA', 'ARMENIA', 1062, 1094902525, '2018-03-20', '0000-00-00'),
(32, 5077, 3900, 'ARMENIA', 'ARMENIA', 9008, 18492028, '2018-02-28', '0000-00-00'),
(33, 5002, 3871, 'PEREIRA', 'PEREIRA', 1090, 16627207, '1996-11-16', '0000-00-00'),
(34, 5058, 3871, 'MANIZALES', 'MANIZALES', 10065, 15956575, '1997-05-03', '0000-00-00'),
(35, 5002, 3871, 'CARTAGO', 'CARTAGO', 1090, 10128205, '1996-11-16', '0000-00-00'),
(36, 5054, 3871, 'ARMENIA', 'ARMENIA', 3095, 9726942, '2017-08-01', '0000-00-00'),
(37, 5054, 3871, 'ARMENIA', 'ARMENIA', 3095, 7549474, '2012-12-28', '0000-00-00'),
(38, 5073, 5070, 'PEREIRA', 'PEREIRA', 6039, 10127786, '2017-09-01', '0000-00-00'),
(39, 5086, 3938, 'CARTAGO', 'CARTAGO', 1113, 14571153, '2018-04-06', '0000-00-00'),
(40, 5085, 3938, 'CARTAGO', 'CARTAGO', 10045, 16226344, '2018-02-13', '0000-00-00'),
(41, 5149, 3971, 'ZARZAL', 'ZARZAL', 5166, 13993559, '2017-11-11', '0000-00-00'),
(42, 5144, 3971, 'MANIZALES', 'MANIZALES', 5166, 15959842, '2017-03-08', '0000-00-00'),
(43, 5092, 5089, 'PEREIRA', 'PEREIRA', 5064, 4391851, '1997-04-09', '0000-00-00'),
(44, 4993, 3833, 'CARTAGO', 'CARTAGO', 10069, 2680820, '2003-06-10', '0000-00-00'),
(45, 4987, 3833, 'ARMENIA', 'ARMENIA', 1090, 4372275, '2017-10-24', '0000-00-00'),
(46, 4987, 3833, 'ARMENIA', 'ARMENIA', 1090, 9728928, '2017-06-23', '0000-00-00'),
(47, 4980, 3833, 'PEREIRA', 'PEREIRA', 1090, 9862498, '2017-12-30', '0000-00-00'),
(48, 5002, 3833, 'MANIZALES', 'MANIZALES', 1090, 1059785331, '2018-03-01', '0000-00-00'),
(49, 5002, 3833, '', '', 1090, 1059811622, '2015-10-09', '0000-00-00'),
(50, 5003, 3833, 'PEREIRA', 'PEREIRA', 5015, 94288775, '2017-11-16', '0000-00-00'),
(51, 4981, 3833, 'PEREIRA', 'PEREIRA', 1000, 9992812, '1998-03-04', '0000-00-00'),
(52, 4980, 3833, 'PEREIRA', 'PEREIRA', 1090, 18598051, '2018-01-16', '0000-00-00'),
(53, 4987, 3833, 'ARMENIA', 'ARMENIA', 1090, 18402946, '2018-01-21', '0000-00-00'),
(54, 4981, 3833, 'PEREIRA', 'PEREIRA', 1000, 16485243, '1997-01-08', '0000-00-00'),
(55, 5002, 3833, 'ARMENIA', 'ARMENIA', 1090, 41912001, '2017-07-06', '0000-00-00'),
(56, 5002, 3833, 'MANIZALES', 'MANIZALES', 1090, 75079795, '2017-04-28', '0000-00-00'),
(57, 5003, 3833, 'PEREIRA', 'PEREIRA', 5015, 75143474, '2017-04-11', '0000-00-00'),
(58, 4998, 3833, 'PEREIRA', 'PEREIRA', 1090, 75144459, '2018-03-27', '0000-00-00'),
(59, 4998, 3833, 'PEREIRA', 'PEREIRA', 1090, 75146518, '2017-08-19', '0000-00-00'),
(60, 10310, 3773, 'PEREIRA', 'PEREIRA', 10134, 1054916493, '2017-10-01', '0000-00-00'),
(61, 10302, 3773, 'PEREIRA', 'PEREIRA', 10134, 1057757266, '2017-10-01', '0000-00-00'),
(62, 10307, 3773, 'PEREIRA', 'PEREIRA', 10134, 1088002131, '2017-10-01', '0000-00-00'),
(63, 10309, 3773, 'PEREIRA', 'PEREIRA', 10134, 1088292581, '2017-10-01', '0000-00-00'),
(64, 10303, 3773, 'PEREIRA', 'PEREIRA', 10134, 1088003280, '2017-10-01', '0000-00-00'),
(65, 10311, 3773, 'PEREIRA', 'PEREIRA', 10134, 1088021467, '2017-10-01', '0000-00-00'),
(66, 10305, 3773, 'PEREIRA', 'PEREIRA', 10134, 1088245901, '2017-10-01', '0000-00-00'),
(67, 10308, 3773, 'PEREIRA', 'PEREIRA', 10134, 10008438, '2017-10-01', '0000-00-00'),
(68, 10304, 3773, 'PEREIRA', 'PEREIRA', 10134, 24398541, '2017-10-01', '0000-00-00'),
(69, 10299, 3773, 'PEREIRA', 'PEREIRA', 5052, 42159210, '2011-02-16', '0000-00-00'),
(70, 10298, 3773, 'PEREIRA', 'PEREIRA', 2027, 83241316, '2011-02-16', '0000-00-00'),
(71, 10438, 10378, '', '', 1062, 1104675026, '2017-04-29', '0000-00-00'),
(72, 10436, 10378, 'PEREIRA', 'PEREIRA', 1062, 1088238927, '2017-11-01', '0000-00-00'),
(73, 10437, 10378, 'PEREIRA', 'PEREIRA', 1062, 1088321795, '2017-11-28', '0000-00-00'),
(74, 5088, 3938, 'CARTAGO', 'CARTAGO', 5052, 1116437684, '2017-06-19', '0000-00-00'),
(75, 5136, 3971, 'PEREIRA', 'PEREIRA', 5166, 16232307, '2018-02-19', '0000-00-00'),
(76, 5140, 3971, 'ARMENIA', 'ARMENIA', 5166, 18403227, '2017-10-24', '0000-00-00'),
(77, 4995, 3833, 'PEREIRA', 'PEREIRA', 10998, 1088256244, '2018-03-16', '0000-00-00'),
(78, 4983, 3833, 'PEREIRA', 'PEREIRA', 10998, 1088002282, '2018-02-03', '0000-00-00'),
(79, 4996, 3833, 'PEREIRA', 'PEREIRA', 10998, 4414484, '2018-02-02', '0000-00-00'),
(80, 4997, 3833, 'PEREIRA', 'PEREIRA', 10003, 42018076, '2015-04-08', '0000-00-00'),
(81, 4988, 3833, 'PEREIRA', 'PEREIRA', 10998, 42094781, '2007-12-11', '0000-00-00'),
(82, 4994, 3833, 'PEREIRA', 'PEREIRA', 10042, 10031106, '2012-07-22', '0000-00-00'),
(83, 5140, 3971, 'ARMENIA', 'ARMENIA', 5166, 30360511, '2017-02-15', '0000-00-00'),
(84, 5149, 3971, 'ZARZAL', 'ZARZAL', 5166, 1113779033, '2017-02-15', '0000-00-00'),
(85, 5144, 3971, 'MANIZALES', 'MANIZALES', 5166, 1097729714, '2017-02-21', '0000-00-00'),
(86, 10439, 10378, 'MANIZALES', 'MANIZALES', 1062, 1054990354, '2017-05-12', '0000-00-00'),
(87, 10438, 10378, '', '', 1062, 1053820716, '2018-04-12', '0000-00-00'),
(88, 10438, 10378, '', '', 1062, 1053843554, '2018-04-12', '0000-00-00'),
(89, 10438, 10378, '', '', 1062, 1053851139, '2018-04-12', '0000-00-00'),
(90, 10494, 10378, 'PEREIRA', 'PEREIRA', 1062, 93383597, '2017-05-01', '0000-00-00'),
(91, 10438, 10378, '', '', 1062, 75081513, '2017-05-01', '0000-00-00'),
(92, 10439, 10378, 'MANIZALES', 'MANIZALES', 1062, 75084858, '2017-05-01', '0000-00-00'),
(93, 10436, 10378, 'PEREIRA', 'PEREIRA', 1062, 18532107, '2017-05-01', '0000-00-00'),
(94, 10436, 10378, 'PEREIRA', 'PEREIRA', 1062, 15908017, '2017-05-01', '0000-00-00'),
(95, 10440, 10378, '', '', 1062, 10273868, '2017-05-01', '0000-00-00'),
(96, 10438, 10378, '', '', 1062, 10286362, '2017-05-01', '0000-00-00'),
(97, 10437, 10378, 'PEREIRA', 'PEREIRA', 1062, 9921457, '2017-05-01', '0000-00-00'),
(98, 10439, 10378, 'MANIZALES', 'MANIZALES', 1062, 2316358, '2017-05-01', '0000-00-00'),
(99, 10301, 3773, 'PEREIRA', 'PEREIRA', 10134, 75101610, '2017-10-06', '0000-00-00'),
(100, 5002, 3833, 'MANIZALES', 'MANIZALES', 1090, 75088561, '2018-04-21', '0000-00-00'),
(101, 22180, 9428, 'PEREIRA', 'PEREIRA', 1062, 1004699846, '2018-01-24', '0000-00-00'),
(102, 22181, 9428, 'PEREIRA', 'PEREIRA', 1062, 1088273174, '2017-11-15', '0000-00-00'),
(103, 22177, 9428, 'PEREIRA', 'PEREIRA', 1062, 1088327284, '2017-05-15', '0000-00-00'),
(104, 22183, 9428, 'PEREIRA', 'PEREIRA', 1062, 1089746531, '2017-10-20', '0000-00-00'),
(105, 22485, 9428, 'PEREIRA', 'PEREIRA', 1062, 1090333214, '2018-02-20', '0000-00-00'),
(106, 22178, 9428, 'PEREIRA', 'PEREIRA', 1062, 1112769004, '2017-05-15', '0000-00-00'),
(107, 22183, 9428, 'PEREIRA', 'PEREIRA', 1062, 1113533829, '2017-05-15', '0000-00-00'),
(108, 22179, 9428, 'PEREIRA', 'PEREIRA', 1062, 42155186, '2018-01-24', '0000-00-00'),
(109, 22178, 9428, 'PEREIRA', 'PEREIRA', 1062, 29435277, '2017-10-30', '0000-00-00'),
(110, 22390, 3947, 'PEREIRA', 'PEREIRA', 1062, 24335922, '2018-01-01', '0000-00-00'),
(111, 22393, 3947, 'PEREIRA', 'PEREIRA', 1062, 10008724, '2018-01-01', '0000-00-00'),
(112, 22390, 3947, 'PEREIRA', 'PEREIRA', 1062, 10013075, '2017-12-27', '0000-00-00'),
(113, 22393, 3947, 'PEREIRA', 'PEREIRA', 1062, 10024793, '2018-01-11', '0000-00-00'),
(114, 22394, 3947, 'PEREIRA', 'PEREIRA', 1062, 9867331, '2018-01-01', '0000-00-00'),
(115, 22394, 3947, 'PEREIRA', 'PEREIRA', 1062, 1114399115, '2017-12-28', '0000-00-00'),
(116, 22391, 3947, 'PEREIRA', 'PEREIRA', 1062, 1225090556, '2018-01-01', '0000-00-00'),
(117, 22392, 3947, 'PEREIRA', 'PEREIRA', 1062, 1096645342, '2017-12-27', '0000-00-00'),
(118, 22393, 3947, 'PEREIRA', 'PEREIRA', 1062, 1098308090, '2018-03-02', '0000-00-00'),
(119, 22392, 3947, 'PEREIRA', 'PEREIRA', 1062, 1112763778, '2018-01-19', '0000-00-00'),
(120, 22394, 3947, 'PEREIRA', 'PEREIRA', 1062, 1086136367, '2018-01-05', '0000-00-00'),
(121, 22390, 3947, 'PEREIRA', 'PEREIRA', 1062, 42144878, '2018-01-01', '0000-00-00'),
(122, 4980, 3833, 'PEREIRA', 'PEREIRA', 1090, 10051872, '2018-02-05', '0000-00-00'),
(123, 5086, 3938, 'CARTAGO', 'CARTAGO', 1113, 1112761152, '2017-04-18', '0000-00-00'),
(124, 5086, 3938, 'CARTAGO', 'CARTAGO', 1113, 1112770431, '2017-02-07', '0000-00-00'),
(125, 5086, 3938, 'CARTAGO', 'CARTAGO', 1113, 1112780067, '2017-11-03', '0000-00-00'),
(126, 5086, 3938, 'CARTAGO', 'CARTAGO', 1113, 6391245, '2018-04-24', '0000-00-00'),
(127, 5153, 3998, 'PEREIRA', 'PEREIRA', 5056, 79875267, '2018-01-26', '0000-00-00'),
(128, 5153, 3998, 'PEREIRA', 'PEREIRA', 5056, 1017176282, '2018-01-30', '0000-00-00'),
(129, 5067, 3871, 'MANIZALES', 'MANIZALES', 9094, 1053791075, '2018-04-06', '0000-00-00'),
(130, 5069, 3871, 'PEREIRA', 'PEREIRA', 10065, 1087994186, '2018-03-03', '0000-00-00'),
(131, 5068, 3871, 'PEREIRA', 'PEREIRA', 10067, 1090336662, '2017-12-11', '0000-00-00'),
(132, 5066, 3871, 'PEREIRA', 'PEREIRA', 9094, 1112620937, '2018-02-02', '0000-00-00'),
(133, 5081, 3900, 'PEREIRA', 'PEREIRA', 9008, 1054921787, '2018-01-26', '0000-00-00'),
(134, 10473, 3800, 'PEREIRA', 'PEREIRA', 1062, 1112785487, '2018-01-05', '0000-00-00'),
(135, 4946, 3773, 'PEREIRA', 'PEREIRA', 3000, 14571892, '2017-08-30', '0000-00-00'),
(136, 5144, 3971, 'MANIZALES', 'MANIZALES', 5166, 1061624208, '2017-04-07', '0000-00-00'),
(137, 4980, 3833, 'PEREIRA', '20', 1000, 1053769960, '2018-05-15', '2018-05-10'),
(138, 4948, 3773, 'AEROPUERTO MATECAÃ‘A', '20', 3123, 1121199035, '2018-05-21', '1970-01-01');

-- --------------------------------------------------------

--
-- Estructura de tabla para la tabla `usuarios`
--

CREATE TABLE `usuarios` (
  `id_usuario` int(100) NOT NULL,
  `apellido_1` varchar(100) NOT NULL,
  `apellido_2` varchar(100) NOT NULL,
  `nombre_1` varchar(100) NOT NULL,
  `nombre_2` varchar(100) NOT NULL,
  `usuario` varchar(100) NOT NULL,
  `password` varchar(10) NOT NULL,
  `correo` varchar(100) NOT NULL,
  `nivel` enum('ADMIN','GERENTE','COORDINADORA','BASICO') NOT NULL
) ENGINE=InnoDB DEFAULT CHARSET=utf8;

--
-- Volcado de datos para la tabla `usuarios`
--

INSERT INTO `usuarios` (`id_usuario`, `apellido_1`, `apellido_2`, `nombre_1`, `nombre_2`, `usuario`, `password`, `correo`, `nivel`) VALUES
(9992812, '', '', '', '', 'lcalle', '12345', 'aaa', 'BASICO'),
(1088256244, '', '', '', '', 'ymarquez', '123', 'ymarquez@vise.com.co', 'ADMIN');

--
-- Índices para tablas volcadas
--

--
-- Indices de la tabla `academias`
--
ALTER TABLE `academias`
  ADD PRIMARY KEY (`nit_academia`);

--
-- Indices de la tabla `acreditacion`
--
ALTER TABLE `acreditacion`
  ADD PRIMARY KEY (`acreditacion_id`),
  ADD KEY `persona_id_idx` (`empleado_id`);

--
-- Indices de la tabla `cargo`
--
ALTER TABLE `cargo`
  ADD PRIMARY KEY (`id_cargo`);

--
-- Indices de la tabla `cliente`
--
ALTER TABLE `cliente`
  ADD PRIMARY KEY (`id_cliente`);

--
-- Indices de la tabla `contrato`
--
ALTER TABLE `contrato`
  ADD PRIMARY KEY (`id_contrato`),
  ADD KEY `persona_id_idx` (`empleado_id`);

--
-- Indices de la tabla `control_cursos`
--
ALTER TABLE `control_cursos`
  ADD PRIMARY KEY (`id_registro`);

--
-- Indices de la tabla `cursos`
--
ALTER TABLE `cursos`
  ADD PRIMARY KEY (`id_cursos`);

--
-- Indices de la tabla `departamento`
--
ALTER TABLE `departamento`
  ADD PRIMARY KEY (`cod_dep`);

--
-- Indices de la tabla `documento`
--
ALTER TABLE `documento`
  ADD KEY `persona_id_idx` (`empleado_id`);

--
-- Indices de la tabla `empleado`
--
ALTER TABLE `empleado`
  ADD PRIMARY KEY (`id_empleado`),
  ADD UNIQUE KEY `idpersona_UNIQUE` (`id_empleado`);

--
-- Indices de la tabla `entidad`
--
ALTER TABLE `entidad`
  ADD PRIMARY KEY (`id_entidad`);

--
-- Indices de la tabla `estado`
--
ALTER TABLE `estado`
  ADD PRIMARY KEY (`id_estado`);

--
-- Indices de la tabla `imagenes`
--
ALTER TABLE `imagenes`
  ADD PRIMARY KEY (`id_foto`);

--
-- Indices de la tabla `imagenes_cedula`
--
ALTER TABLE `imagenes_cedula`
  ADD PRIMARY KEY (`id_imagenc`);

--
-- Indices de la tabla `imagenes_credencial`
--
ALTER TABLE `imagenes_credencial`
  ADD PRIMARY KEY (`id_imagen`);

--
-- Indices de la tabla `imagenes_cursos`
--
ALTER TABLE `imagenes_cursos`
  ADD PRIMARY KEY (`id_imgcurso`);

--
-- Indices de la tabla `imagenes_fotos`
--
ALTER TABLE `imagenes_fotos`
  ADD PRIMARY KEY (`id_foto`);

--
-- Indices de la tabla `modalidad`
--
ALTER TABLE `modalidad`
  ADD PRIMARY KEY (`id_modalidad`);

--
-- Indices de la tabla `municipio`
--
ALTER TABLE `municipio`
  ADD PRIMARY KEY (`cod_mun`);

--
-- Indices de la tabla `puesto`
--
ALTER TABLE `puesto`
  ADD PRIMARY KEY (`id_puesto`),
  ADD UNIQUE KEY `id_puesto_UNIQUE` (`id_puesto`);

--
-- Indices de la tabla `seguridad_social`
--
ALTER TABLE `seguridad_social`
  ADD PRIMARY KEY (`id_registro`);

--
-- Indices de la tabla `tipo_contrato`
--
ALTER TABLE `tipo_contrato`
  ADD PRIMARY KEY (`id_tipo_contrato`);

--
-- Indices de la tabla `ubicacion`
--
ALTER TABLE `ubicacion`
  ADD PRIMARY KEY (`id_registro`),
  ADD KEY `puesto_id` (`puesto_id`);

--
-- Indices de la tabla `usuarios`
--
ALTER TABLE `usuarios`
  ADD PRIMARY KEY (`id_usuario`);

--
-- AUTO_INCREMENT de las tablas volcadas
--

--
-- AUTO_INCREMENT de la tabla `acreditacion`
--
ALTER TABLE `acreditacion`
  MODIFY `acreditacion_id` int(100) NOT NULL AUTO_INCREMENT, AUTO_INCREMENT=135;
--
-- AUTO_INCREMENT de la tabla `contrato`
--
ALTER TABLE `contrato`
  MODIFY `id_contrato` int(100) NOT NULL AUTO_INCREMENT, AUTO_INCREMENT=139;
--
-- AUTO_INCREMENT de la tabla `control_cursos`
--
ALTER TABLE `control_cursos`
  MODIFY `id_registro` int(100) NOT NULL AUTO_INCREMENT, AUTO_INCREMENT=138;
--
-- AUTO_INCREMENT de la tabla `seguridad_social`
--
ALTER TABLE `seguridad_social`
  MODIFY `id_registro` int(100) NOT NULL AUTO_INCREMENT, AUTO_INCREMENT=139;
--
-- AUTO_INCREMENT de la tabla `ubicacion`
--
ALTER TABLE `ubicacion`
  MODIFY `id_registro` int(100) NOT NULL AUTO_INCREMENT, AUTO_INCREMENT=139;COMMIT;

/*!40101 SET CHARACTER_SET_CLIENT=@OLD_CHARACTER_SET_CLIENT */;
/*!40101 SET CHARACTER_SET_RESULTS=@OLD_CHARACTER_SET_RESULTS */;
/*!40101 SET COLLATION_CONNECTION=@OLD_COLLATION_CONNECTION */;
