-- phpMyAdmin SQL Dump
-- version 4.7.0
-- https://www.phpmyadmin.net/
--
-- Servidor: 127.0.0.1
-- Tiempo de generación: 14-02-2018 a las 23:00:10
-- Versión del servidor: 10.1.25-MariaDB
-- Versión de PHP: 7.1.7

SET SQL_MODE = "NO_AUTO_VALUE_ON_ZERO";
SET AUTOCOMMIT = 0;
START TRANSACTION;
SET time_zone = "+00:00";


/*!40101 SET @OLD_CHARACTER_SET_CLIENT=@@CHARACTER_SET_CLIENT */;
/*!40101 SET @OLD_CHARACTER_SET_RESULTS=@@CHARACTER_SET_RESULTS */;
/*!40101 SET @OLD_COLLATION_CONNECTION=@@COLLATION_CONNECTION */;
/*!40101 SET NAMES utf8mb4 */;

--
-- Base de datos: `vise_pereira`
--

-- --------------------------------------------------------

--
-- Estructura de tabla para la tabla `academias`
--

CREATE TABLE `academias` (
  `nit_academia` varchar(100) NOT NULL,
  `nombre` varchar(100) NOT NULL
) ENGINE=InnoDB DEFAULT CHARSET=utf8;

--
-- Volcado de datos para la tabla `academias`
--

INSERT INTO `academias` (`nit_academia`, `nombre`) VALUES
('8001916712', 'ACADEMIA DE VIGILANTES ADEVIP LIMITADA'),
('8040073153', 'ACADEMIA DE ESTUDIOS TECNICOS EN SEGURIDAD LTDA.'),
('8050317483', 'ACADEMIA DE FORMACION INTEGRAL EN SEGURIDAD Y DESARROLLO EMPRESARIAL LTDA'),
('8090065755', 'INSTITUTO INTERNACIONAL DE SEGURIDAD INTEGRAL LIMITADA ISI LTDA.'),
('8100061763', 'INSTITUTO NACIONAL DE CAPACITACION EN SEGURIDAD INTEGRAL LIMITADA INDESEG LTDA'),
('8100068452', 'FORMANDO SEGURIDAD LTDA'),
('8300211325', 'ESCUELA COLOMBIANA DE SEGURIDAD PRIVADA ECOSEP LTDA'),
('8300380203', 'ACADEMIA NACIONAL DE SEGURIDAD PRIVADA LAS AMERICAS LTDA ANSA LTDA'),
('8300393700', 'ESCUELA COLOMBIANA DE CAPACITACION EN VIGILANCIA PRIVADA ECOLVIP LIMITADA'),
('8300589162', 'SCHOOL SECURITY LTDA'),
('8300594958', 'ESCORT SECURITY LTDA'),
('8300703391', 'ACADEMIA DE SEGURIDAD Y VIGILANCIA COGNOSEGURIDAD LTDA'),
('8300703470', 'ACADEMIA SUPERIOR DE VIGILANCIA Y SEGURIDAD PRIVADA EL CONDOR LTDA'),
('8300833785', 'ACADEMIA DE SEGURIDAD PRIVADA MARSHALS SERVICE LTDA'),
('8301012190', 'ACADEMIA COLOMBIANA DE PROFESIONALES EN SEGURIDAD LTDA'),
('8301073924', 'ACADEMIA DE FORMACION EN SEGURIDAD COLOMBO LATINA LTDA'),
('8301283282', 'SEGURED LTDA'),
('8320104907', 'ACADEMIA DE CAPACITACION EN SEGURIDAD Y VIGILANCIA ELITE LTDA'),
('8440009188', 'ESCUELA DE CAPACITACION PARA LA FORMACION DE VIGILANTES Y ESCOLTA ESCAVIG LTDA'),
('9000145891', 'CENTRO EDUCATIVO INTEGRAL EN SEGURIDAD LTDA'),
('9000172529', 'ACADEMIA NACIONAL DE ENTRENAMIENTO EN VIGILANCIA Y SEGURIDAD PRIVADA AESS LIMITADA'),
('9000235313', 'ACADEMIA DE CAPACITACION EN SEGURIDAD SANTACRUZ LTDA'),
('9000296358', 'CLAVE ANSP LTDA. ACADEMIA NACIONAL DE SEGURIDAD PRIVADA'),
('9000366332', 'CENTRO INTELIGENTE PARA LA VIGILANCIA Y LA SEGURIDAD PRIVADA CISEP LTDA'),
('9000542984', 'ACADEMIA NACIONAL DE VIGILANCIA Y SEGURIDAD PRIVADA LOS NOGALES LTDA'),
('9001757802', 'ESCUELA DE CAPACITACION EN VIGILANCIA Y SEGURIDAD PRIVADA RAMSES LTDA'),
('9002025368', 'CENTRO DE FORMACION EN VIGILANCIA Y SEGURIDAD PRIVADA CEFORVIG LIMITADA'),
('9002966351', 'INGESLINGAS SAS'),
('9003071865', 'ESCUELA DE CAPACITACION Y ENTRENAMIENTO LA CIENCIA DE LA SEGURIDAD LIMITADA'),
('9003345508', 'CENTRO DE ALTO RENDIMIENTO DE CAPACITACION EN SEGURIDAD PRIVADA LTDA'),
('9003365822', 'COLOMBIAN SECURITY ACADEMY LTDA'),
('9003763605', 'M & S CAPACITACIONES EN SEGURIDAD LTDA'),
('9004963237', 'SECURITY CENTER AAA LTDA'),
('9005108808', 'ACADEMIA DE SEGURIDAD PARA VIGILANTES ESCOLTAS Y SUPERVISORES A.S.V.E.S. LTDA');

-- --------------------------------------------------------

--
-- Estructura de tabla para la tabla `acreditacion`
--

CREATE TABLE `acreditacion` (
  `acreditacion_id` int(100) NOT NULL,
  `empleado_id` int(20) NOT NULL,
  `estado_acreditacion` varchar(45) NOT NULL,
  `fecha_acreditacion` date NOT NULL,
  `estado_radicado` varchar(20) NOT NULL,
  `fecha_radicado` date NOT NULL,
  `numero_radicado` int(20) NOT NULL
) ENGINE=InnoDB DEFAULT CHARSET=utf8;

--
-- Volcado de datos para la tabla `acreditacion`
--

INSERT INTO `acreditacion` (`acreditacion_id`, `empleado_id`, `estado_acreditacion`, `fecha_acreditacion`, `estado_radicado`, `fecha_radicado`, `numero_radicado`) VALUES
(1, 18606864, 'ACREDITADO', '2018-09-28', '', '0000-00-00', 0),
(2, 16226344, 'ACREDITADO', '2018-05-30', '', '0000-00-00', 0),
(3, 18598209, 'ACREDITADO', '2018-01-23', '', '0000-00-00', 0),
(4, 1112770431, 'ACREDITADO', '2018-03-21', '', '0000-00-00', 0),
(5, 2316358, 'ACREDITADO', '2018-05-30', '', '0000-00-00', 0),
(6, 94463013, 'ACREDITADO', '2018-03-21', '', '0000-00-00', 0),
(7, 9921457, 'ACREDITADO', '2018-05-30', '', '0000-00-00', 0),
(8, 75084858, 'ACREDITADO', '2018-05-30', '', '0000-00-00', 0),
(9, 1112780067, 'ACREDITADO', '2018-12-11', '', '0000-00-00', 0),
(10, 15956575, 'ACREDITADO', '2018-01-23', '', '0000-00-00', 0),
(11, 75079795, 'ACREDITADO', '2018-01-23', '', '0000-00-00', 0),
(12, 1053794211, 'ACREDITADO', '2018-01-23', '', '0000-00-00', 0),
(13, 1094882530, 'ACREDITADO', '2018-05-18', '', '0000-00-00', 0),
(14, 16485243, 'ACREDITADO', '2018-04-06', '', '0000-00-00', 0),
(15, 1094911267, 'ACREDITADO', '2018-09-28', '', '0000-00-00', 0),
(16, 4391851, 'ACREDITADO', '2018-01-23', '', '0000-00-00', 0),
(17, 89004457, 'ACREDITADO', '2018-01-23', '', '0000-00-00', 0),
(18, 94533834, 'ACREDITADO', '2018-09-28', '', '0000-00-00', 0),
(19, 16627207, 'ACREDITADO', '2018-01-23', '', '0000-00-00', 0),
(20, 10127786, 'ACREDITADO', '2018-01-23', '', '0000-00-00', 0),
(21, 4372275, 'ACREDITADO', '2018-12-21', '', '0000-00-00', 0),
(22, 1061625000, 'ACREDITADO', '2018-01-23', '', '0000-00-00', 0),
(23, 1053791943, 'ACREDITADO', '2018-07-13', '', '0000-00-00', 0),
(24, 1143946915, 'ACREDITADO', '2018-03-21', '', '0000-00-00', 0),
(25, 1116726252, 'ACREDITADO', '2018-01-23', '', '0000-00-00', 0),
(26, 1114120754, 'ACREDITADO', '2018-07-17', '', '0000-00-00', 0),
(27, 75033492, 'ACREDITADO', '2018-01-23', '', '0000-00-00', 0),
(28, 1093215267, 'ACREDITADO', '2018-05-15', '', '0000-00-00', 0),
(29, 1112302799, 'ACREDITADO', '2018-11-07', '', '0000-00-00', 0),
(30, 1113779033, 'ACREDITADO', '2018-03-21', '', '0000-00-00', 0),
(31, 16045186, 'ACREDITADO', '2018-07-28', '', '0000-00-00', 0),
(32, 75146518, 'ACREDITADO', '2018-12-21', '', '0000-00-00', 0),
(33, 4415933, 'ACREDITADO', '2018-05-30', '', '0000-00-00', 0),
(34, 4446750, 'ACREDITADO', '2018-06-21', '', '0000-00-00', 0),
(35, 1060590364, 'ACREDITADO', '2018-06-21', '', '0000-00-00', 0),
(36, 30360511, 'ACREDITADO', '2018-03-21', '', '0000-00-00', 0),
(37, 1097729714, 'ACREDITADO', '2018-03-21', '', '0000-00-00', 0),
(38, 13993559, 'ACREDITADO', '2018-01-23', '', '0000-00-00', 0),
(39, 7549474, 'ACREDITADO', '2018-09-28', '', '0000-00-00', 0),
(40, 9971779, 'ACREDITADO', '2018-09-28', '', '0000-00-00', 0),
(41, 1109293858, 'ACREDITADO', '2018-05-30', '', '0000-00-00', 0),
(42, 1112784664, 'ACREDITADO', '2018-07-17', '', '0000-00-00', 0),
(43, 94393066, 'ACREDITADO', '2018-03-21', '', '0000-00-00', 0),
(44, 94310956, 'ACREDITADO', '2018-05-15', '', '0000-00-00', 0),
(45, 1116264342, 'ACREDITADO', '2018-07-13', '', '0000-00-00', 0),
(46, 75144459, 'ACREDITADO', '2018-07-24', '', '0000-00-00', 0),
(47, 1088238927, 'ACREDITADO', '2018-01-23', '', '0000-00-00', 0),
(48, 9957041, 'ACREDITADO', '2018-07-13', '', '0000-00-00', 0),
(49, 14571153, 'ACREDITADO', '2018-05-30', '', '0000-00-00', 0),
(50, 75085511, 'ACREDITADO', '2018-12-21', '', '0000-00-00', 0),
(51, 1088321795, 'ACREDITADO', '2018-05-30', '', '0000-00-00', 0),
(52, 1112761152, 'ACREDITADO', '2018-06-21', '', '0000-00-00', 0),
(53, 1113512846, 'ACREDITADO', '2018-11-15', '', '0000-00-00', 0),
(54, 1059785331, 'ACREDITADO', '2018-05-30', '', '0000-00-00', 0),
(55, 1061624208, 'ACREDITADO', '2018-04-20', '', '0000-00-00', 0),
(56, 1109296032, 'ACREDITADO', '2018-04-27', '', '0000-00-00', 0),
(57, 10186008, 'ACREDITADO', '2018-09-28', '', '0000-00-00', 0),
(58, 10273868, 'ACREDITADO', '2018-05-30', '', '0000-00-00', 0),
(59, 75081513, 'ACREDITADO', '2018-05-30', '', '0000-00-00', 0),
(60, 10286362, 'ACREDITADO', '2018-05-30', '', '0000-00-00', 0),
(61, 18532107, 'ACREDITADO', '2018-05-30', '', '0000-00-00', 0),
(62, 15908017, 'ACREDITADO', '2018-05-30', '', '0000-00-00', 0),
(63, 93383597, 'ACREDITADO', '2018-05-30', '', '0000-00-00', 0),
(64, 1089746531, 'ACREDITADO', '2018-11-15', '', '0000-00-00', 0),
(65, 31412768, 'ACREDITADO', '2018-05-30', '', '0000-00-00', 0),
(66, 10263787, 'ACREDITADO', '2018-06-21', '', '0000-00-00', 0),
(67, 75077610, 'ACREDITADO', '2018-06-21', '', '0000-00-00', 0),
(68, 75143474, 'ACREDITADO', '2018-05-30', '', '0000-00-00', 0),
(69, 14571892, 'ACREDITADO', '2018-10-24', '', '0000-00-00', 0),
(70, 16055698, 'ACREDITADO', '2018-09-28', '', '0000-00-00', 0),
(71, 1088292581, 'ACREDITADO', '2018-06-02', '', '0000-00-00', 0),
(72, 18598051, 'ACREDITADO', '2018-01-23', '', '0000-00-00', 0),
(73, 1053800432, 'ACREDITADO', '2018-06-23', '', '0000-00-00', 0),
(74, 1088003280, 'ACREDITADO', '2018-09-28', '', '0000-00-00', 0),
(75, 9728928, 'ACREDITADO', '2018-05-18', '', '0000-00-00', 0),
(76, 18492028, 'ACREDITADO', '2018-07-24', '', '0000-00-00', 0),
(77, 15959151, 'ACREDITADO', '2018-07-24', '', '0000-00-00', 0),
(78, 9726942, 'ACREDITADO', '2018-01-23', '', '0000-00-00', 0),
(79, 7959553, 'ACREDITADO', '2018-09-28', '', '0000-00-00', 0),
(80, 1088002131, 'ACREDITADO', '2018-09-28', '', '0000-00-00', 0),
(81, 9862498, 'ACREDITADO', '2018-09-28', '', '0000-00-00', 0),
(82, 1116437684, 'ACREDITADO', '2018-09-28', '', '0000-00-00', 0),
(83, 1088313813, 'ACREDITADO', '2018-09-28', '', '0000-00-00', 0),
(84, 1113533829, 'ACREDITADO', '2018-07-28', '', '0000-00-00', 0),
(85, 1088327284, 'ACREDITADO', '2018-07-28', '', '0000-00-00', 0),
(86, 1112769004, 'ACREDITADO', '2018-07-28', '', '0000-00-00', 0),
(87, 9697467, 'ACREDITADO', '2018-08-16', '', '0000-00-00', 0),
(88, 9735423, 'ACREDITADO', '2018-01-23', '', '0000-00-00', 0),
(89, 75102420, 'ACREDITADO', '2018-12-21', '', '0000-00-00', 0),
(90, 1054990354, 'ACREDITADO', '2018-07-28', '', '0000-00-00', 0),
(91, 18402946, 'ACREDITADO', '2018-10-05', '', '0000-00-00', 0),
(92, 41912001, 'ACREDITADO', '2018-05-30', '', '0000-00-00', 0),
(93, 1096646154, 'ACREDITADO', '2018-08-01', '', '0000-00-00', 0),
(94, 9977165, 'ACREDITADO', '2018-06-21', '', '0000-00-00', 0),
(95, 1060646253, 'ACREDITADO', '2018-07-17', '', '0000-00-00', 0),
(96, 18398705, 'ACREDITADO', '2018-07-17', '', '0000-00-00', 0),
(97, 1054916493, 'ACREDITADO', '2018-09-28', '', '0000-00-00', 0),
(98, 10008438, 'ACREDITADO', '2018-09-28', '', '0000-00-00', 0),
(99, 1057757266, 'ACREDITADO', '2018-09-28', '', '0000-00-00', 0),
(100, 29435277, 'ACREDITADO', '2018-12-11', '', '0000-00-00', 0),
(101, 9697804, 'ACREDITADO', '2018-09-28', '', '0000-00-00', 0),
(102, 4512715, 'ACREDITADO', '2018-01-23', '', '0000-00-00', 0),
(103, 42159210, 'ACREDITADO', '2018-09-28', '', '0000-00-00', 0),
(104, 24398541, 'ACREDITADO', '2018-09-28', '', '0000-00-00', 0),
(105, 1088245901, 'ACREDITADO', '2018-09-28', '', '0000-00-00', 0),
(106, 83241316, 'ACREDITADO', '2018-09-28', '', '0000-00-00', 0),
(107, 72252082, 'ACREDITADO', '2018-01-23', '', '0000-00-00', 0),
(108, 75050002, 'ACREDITADO', '2018-01-30', '', '0000-00-00', 0),
(109, 1088300094, 'ACREDITADO', '2018-12-11', '', '0000-00-00', 0),
(110, 1104675026, 'ACREDITADO', '2018-01-23', '', '0000-00-00', 0),
(111, 1059812970, 'ACREDITADO', '2018-11-02', '', '0000-00-00', 0),
(112, 1088248409, 'ACREDITADO', '2018-03-16', '', '0000-00-00', 0),
(113, 1096032319, 'ACREDITADO', '2018-01-23', '', '0000-00-00', 0),
(114, 1088028024, 'ACREDITADO', '2018-09-28', '', '0000-00-00', 0),
(115, 16232307, 'ACREDITADO', '2018-07-13', '', '0000-00-00', 0),
(116, 1088021467, 'ACREDITADO', '2018-09-28', '', '0000-00-00', 0),
(117, 10281008, 'ACREDITADO', '2018-06-21', '', '0000-00-00', 0),
(118, 4578632, 'ACREDITADO', '2018-07-24', '', '0000-00-00', 0),
(119, 1004211221, 'ACREDITADO', '2018-12-21', '', '0000-00-00', 0),
(120, 9809507, 'ACREDITADO', '2018-07-13', '', '0000-00-00', 0),
(121, 1114092888, 'ACREDITADO', '2018-08-16', '', '0000-00-00', 0),
(122, 18403227, 'ACREDITADO', '2018-03-10', '', '0000-00-00', 0),
(123, 75101610, 'ACREDITADO', '2018-11-02', '', '0000-00-00', 0),
(124, 1094902525, 'ACREDITADO', '2018-07-17', '', '0000-00-00', 0),
(125, 1088273174, 'ACREDITADO', '2018-12-11', '', '0000-00-00', 0),
(126, 18596498, 'ACREDITADO', '2018-01-23', '', '0000-00-00', 0),
(127, 1090336662, 'ACREDITADO', '2018-12-21', '', '0000-00-00', 0),
(128, 10128205, 'ACREDITADO', '2018-09-28', '', '0000-00-00', 0),
(129, 2680820, 'ACREDITADO', '2018-05-31', '', '0000-00-00', 0),
(130, 15959842, 'ACREDITADO', '2018-03-10', '', '0000-00-00', 0),
(131, 1086278089, 'ACREDITADO', '2018-09-28', '', '0000-00-00', 0),
(132, 9992812, 'ACREDITADO', '2018-03-10', '', '0000-00-00', 0),
(133, 94288775, 'ACREDITADO', '2018-01-23', '', '0000-00-00', 0),
(134, 9727897, 'ACREDITADO', '2018-05-30', '', '0000-00-00', 0),
(135, 1109298865, 'ACREDITADO', '2018-12-21', '', '0000-00-00', 0),
(136, 1112763778, 'ACREDITADO', '2019-01-24', '0', '0000-00-00', 0),
(201, 1088256244, 'ACREDITADO', '2018-01-01', '0', '0000-00-00', 123456789),
(202, 1088256244, '', '1970-01-01', '', '1970-01-01', 0),
(203, 1088256244, '', '1970-01-01', '', '1970-01-01', 0),
(204, 0, '', '1970-01-01', '', '1970-01-01', 0),
(205, 0, '', '1970-01-01', '', '1970-01-01', 0),
(206, 1088256244, '', '1970-01-01', '', '1970-01-01', 0);

-- --------------------------------------------------------

--
-- Estructura de tabla para la tabla `cargo`
--

CREATE TABLE `cargo` (
  `id_cargo` int(50) NOT NULL,
  `descripcion` varchar(50) NOT NULL,
  `salario` int(50) NOT NULL
) ENGINE=InnoDB DEFAULT CHARSET=utf8;

--
-- Volcado de datos para la tabla `cargo`
--

INSERT INTO `cargo` (`id_cargo`, `descripcion`, `salario`) VALUES
(1000, 'VIGILANTE', 737717),
(1003, 'MANEJADOR CANINO', 737717),
(1004, 'OPERADOR DE MEDIOS TECNOLÓGICOS         ', 737717),
(1005, 'ESCOLTA                                 ', 2285800),
(1006, 'MENSAJERO                               ', 737717),
(1007, 'RECEPCIONISTA                           ', 1338275),
(1010, 'VIGILANTE CONDUCTOR                     ', 773645),
(1011, 'VIGILANTE MOTORIZADO                    ', 737717),
(1013, 'AUXILIAR CONTABLE                       ', 800000),
(1014, 'AUXILIAR DE TECNOLOGÍA                  ', 911700),
(1015, 'AUXILIAR ADMINISTRATIVO', 762600),
(1016, 'ASISTENTE DE GERENCIA                   ', 1958225),
(1019, 'AGENTE DE CONTROL TIEMPO COMPLETO', 1326636),
(1020, 'AGENTE DE CONTROL MEDIO TIEMPO          ', 663319),
(1021, 'OFICIOS VARIOS', 737717),
(1022, 'AUXILIAR DE CREDITOS                    ', 1002500),
(1024, 'AUXILIAR LOGISTICO                      ', 737717),
(1026, 'VIGILANTE RECEPCIONISTA                 ', 737717),
(1027, 'VIGILANTE AGENTE DE SALAS               ', 737717),
(1029, 'SERVICIOS GENERALES                     ', 368858),
(1030, 'APRENDIZ ETAPA PRODUCTIVA               ', 566700),
(1031, 'AGENTE DE CONTROL ADMINISTRATIVO        ', 1958226),
(1034, 'CONDUCTOR ESCOLTA                       ', 1475434),
(1037, 'CONDUCTOR HY-RAIL                       ', 773645),
(1038, 'CONDUCTOR TANQUERO                      ', 1373638),
(1039, 'ASISTENTE DE SEGURIDAD INDUSTRIAL       ', 1538683),
(1040, 'AUXILIAR  DE SERVICIOS GRALES           ', 368900),
(1041, 'ASISTENTE ADMINISTRATIVO                ', 800000),
(1044, 'OPERADOR DE SEGURIDAD                   ', 1200000),
(1045, 'OPERADOR LOGISTICO', 737717),
(1046, 'MANEJADOR CANINO (E)                    ', 737717),
(1047, 'OPERADOR MEDIOS TECNOLOGICOS(E)         ', 737717),
(1048, 'VIGILANTE GUIA CANINO                   ', 737717),
(1049, 'MECANICO                                ', 773645),
(1050, 'RADIO OPERADOR                          ', 737717),
(1056, 'VIGILANTE RADIO OPERADOR                ', 737717),
(1057, 'TECNICO DE SEG ELECTRONICA              ', 1284001),
(1059, 'TECNICO GPS', 737717),
(1060, 'VIGILANTE RESIDENTE                     ', 737717),
(1062, 'TECNICO 2                               ', 912000),
(1063, 'TECNICO 3                               ', 1373880),
(1064, 'CONDUCTOR                               ', 1230500),
(1068, 'CONDUCTOR ADMINISTRATIVO', 1475434),
(1070, 'AGENTE DE CONTROL', 737717),
(1400, 'SUPERVISOR                              ', 737717),
(1401, 'COORDINADOR DE OPERACIONES              ', 1157600),
(1402, 'INSTRUCTOR CANINO                       ', 1269000),
(1403, 'JEFE DE SALUD OCUPACIONAL               ', 2353600),
(1404, 'COORDINADOR ADMINISTRATIVO              ', 1475434),
(1405, 'SUPERVISOR CONDUCTOR', 2065607),
(1407, 'COORDINADOR DE NÓMINA                   ', 1357800),
(1409, 'SUPERVISOR DE ZONA (MOTORIZADO)         ', 737717),
(1410, 'SUPERVISOR DE INTENDENCIA               ', 840100),
(1412, 'JEFE DEPARTAMENTO CAPACITACIÓN          ', 2226400),
(1413, 'JEFE DEPARTAMENTO DISCIPLINA            ', 1995600),
(1416, 'JEFE DE OPERACIONES                     ', 3113740),
(1417, 'JEFE DE SERVICIOS GENERALES', 1584100),
(1418, 'JEFE ADMINISTRATIVO                     ', 2200000),
(1419, 'JEFE DE SEGURIDAD INFORMÁTICA           ', 1898500),
(1420, 'JEFE DE CARTERA                         ', 1131500),
(1421, 'JEFE DE RECURSOS LOGÍSTICOS             ', 3348400),
(1424, 'COORDINADOR DE CENTRAL DE MONITOREO     ', 737717),
(1426, 'COORDINADOR DE ESCOLTAS                 ', 954314),
(1427, 'ANALISTA DISCIPLINA E INVESTIGACIONES   ', 1093600),
(1428, 'ANALISTA DE INVESTIGACIONES             ', 1414400),
(1429, 'ANALISTA LICITACIONES                   ', 1489000),
(1432, 'ANALISTA CREDITO Y CARTERA              ', 1002500),
(1433, 'ANALISTA DE TESORERIA                   ', 1267600),
(1434, 'ANALISTA CONTABLE                       ', 1307400),
(1435, 'ANALISTA FACTURACIÓN                    ', 1212000),
(1436, 'ANALISTA DE SEGURIDAD                   ', 737717),
(1437, 'ANALISTA ADMINISTRATIVO', 881800),
(1438, 'INSPECTOR DE CALIDAD                    ', 737717),
(1439, 'COORDINADOR DE SISTEMAS                 ', 2400000),
(1442, 'COORDINADOR TESORERÍA                   ', 3205700),
(1443, 'COORDINADOR DE CALIDAD                  ', 1586300),
(1444, 'COORDINADOR DE LICITACIONES             ', 2367200),
(1445, 'COORDINADOR DE BIENESTAR                ', 1183600),
(1446, 'COORDINADOR DE PROGRAMACIÓN             ', 1331800),
(1447, 'PROFESIONAL DE AUDITORIA                ', 3353300),
(1448, 'AUDITOR INTERNO                         ', 4280000),
(1450, 'PROFESIONAL HSE', 1488370),
(1451, 'ANALISTA ADMINISTRATIVO (Nómina)', 1200000),
(1452, 'ABOGADO                                 ', 3005400),
(1454, 'LIDER DE CONTROL                        ', 2074095),
(1457, 'JEFE DE SEGURIDAD INDUSTRIAL            ', 2462339),
(1462, 'INSTRUCTOR D.C.R.C                      ', 2074324),
(1463, 'INGENIERO DE SOPORTE                    ', 4319281),
(1464, 'SUPERVISOR CONTROL LOGISTICO            ', 737717),
(1465, 'INSPECTOR DE SEGURIDAD                  ', 2065607),
(1468, 'INSTRUCTOR                              ', 2544100),
(1471, 'COORDINADOR OPERATIVO (E)               ', 1538683),
(1473, 'COORDINADOR DE CUMPLIMIENTO ESTANDARES  ', 1560273),
(1476, 'COORDINADOR LOGISTICO', 1475434),
(1478, 'JEFE DE PUESTO                          ', 1103123),
(1479, 'REVISOR FISCAL                          ', 3700060),
(1480, 'SUPERVISOR MNTO VEHICULOS               ', 737717),
(1481, 'SUPERVISOR MOTORIZADO €', 818080),
(1482, 'SUPERVISOR (E)                          ', 737717),
(1483, 'INSPECTOR DE SEGURIDAD OCENSA           ', 1475434),
(1484, 'LABORES DE SEGURIDAD ENCARGADO €', 737717),
(1486, 'COORDINADOR DE POLIGRAFIA               ', 2722200),
(1487, 'LABORES DE SEGURIDAD                    ', 737717),
(1488, 'ANALISTA DE SISTEMAS                    ', 1584100),
(1491, 'ADMR. SISTEMAS DE SEG. ELECTRONICA      ', 4793206),
(1493, 'ANALISTA DE CARTERA                     ', 0),
(1494, 'COORDINADOR TECNICO                     ', 1160000),
(1495, 'INSPECTOR HSE                           ', 1343000),
(1496, 'INVESTIGADOR                            ', 1200000),
(1499, 'LABORES DE SEGURIDAD CONDUCTOR          ', 737717),
(1500, 'PROFESIONAL ADMINISTRATIVO              ', 2754405),
(1501, 'JEFE CONTROL DE RIESGOS', 2115000),
(1502, 'SUPERVISOR MOTORIZADO', 818080),
(1505, 'AUDITOR AQD', 4031449),
(1507, 'INSPECTOR DE CALIDAD SENIOR', 954000),
(1508, 'INSPECTOR DE CALIDAD JUNIOR', 954000),
(1510, 'COORDINADOR DE SELECCION', 1831000),
(1511, 'PSICOLOGO JUNIOR', 923200),
(1512, 'COORDINADOR DE INVESTIGACIONES', 1800000),
(1513, 'COORDINADOR DE ACCESOS', 773645),
(1514, 'ANALISTA JURIDICO', 1015200),
(1515, 'ANALISTA DE CALIDAD Y CAPACITACION', 854000),
(1518, 'JEFE HSE', 2749500),
(1800, 'DIRECTOR DE PROYECTOS                   ', 2603900),
(1801, 'GERENTE DE SUCURSAL                     ', 2500000),
(1802, 'DIRECTOR DE SUCURSAL                    ', 2187200),
(1803, 'DIRECTOR DE GESTIÓN HUMANA              ', 3509300),
(1804, 'GERENTE DE LOGÍSTICA', 6420000),
(1805, 'GERENTE GENERAL                         ', 10222500),
(1806, 'GERENTE COMERCIAL Y DE SERVICIO         ', 5350000),
(1808, 'GERENTE DE TECNOLOGIA                   ', 7079000),
(1810, 'GERENTE ADMINISTRATIVO Y FINANCIERO', 10257800),
(1811, 'DIRECTOR DE COMPRAS                     ', 2434700),
(1813, 'DIRECTOR DE OPERACIONES                 ', 2500000),
(1815, 'DIRECTOR DE SISTEMAS                    ', 3550800),
(1817, 'DIRECTOR JURIDICO COMERCIAL             ', 2749500),
(1818, 'DIRECTOR OFICINA JURIDICA               ', 3807000),
(1820, 'DIRECTOR DE PROYECTOS (E)               ', 2407400),
(1824, 'DIRECTOR DE RIESGOS', 3734000),
(1826, 'DIRECTOR FINANCIERO Y CONTABLE', 4280000),
(1828, 'GERENTE DE TALENTO HUMANO', 5724500),
(1830, 'GERENTE JUNIOR AVSEC', 4000000);

-- --------------------------------------------------------

--
-- Estructura de tabla para la tabla `cliente`
--

CREATE TABLE `cliente` (
  `id_cliente` int(50) NOT NULL,
  `nombre_cliente` varchar(100) NOT NULL
) ENGINE=InnoDB DEFAULT CHARSET=utf8;

--
-- Volcado de datos para la tabla `cliente`
--

INSERT INTO `cliente` (`id_cliente`, `nombre_cliente`) VALUES
(3759, 'BANCO DE LA REPUBLICA'),
(3773, 'AEROVIAS DEL CONTINENTE AMERICANO S A  AVIANCA'),
(3800, 'BAVARIA S A '),
(3833, 'VISE LTDA'),
(3871, 'BBVA COLOMBIA'),
(3884, 'SEGUROS BOLIVAR S A '),
(3892, 'SEGUROS COMERCIALES BOLIVAR S A '),
(3896, 'OLEODUCTO CENTRAL S A '),
(3900, 'BANCO COMPARTIR'),
(3925, 'LEWIS ENERGY COLOMBIA'),
(3934, 'TRANSPORTES TEV S A'),
(3938, 'EXXON MOBIL DE COLOMBIA S A'),
(3943, 'HOLCIM COLOMBIA S A'),
(3947, 'COMUNICACION CELULAR S A  - COMCEL S A '),
(3966, 'EXXONMOBIL EXPLORATION COLOMBIA LIMITED'),
(3971, 'NUEVA EPS'),
(3991, 'PROMIORIENTE S A E S P'),
(3998, 'AUTOGERMANA SA'),
(4002, 'CONSORCIO CONECTIVIDAD VIAL SAN GIL'),
(4012, 'PATRIMONIOS AUTONOMOS ADMINISTRATIVOS POR LA SOC FIDUCIARIA DAVIVIENDA'),
(4027, 'FISCALIA GENERAL DE LA NACION SECCIONAL SANTANDER'),
(4395, 'COLEGIO DE LA CIA DE MARIA LA ENSEÑANZA'),
(4402, 'COMBARRANQUILLA S A '),
(4413, 'JARDIN INFANTIL CARITAS ALEGRES'),
(4417, 'BANCO POPULAR'),
(4422, 'COLFONDOS S A '),
(4427, 'TAMPA CARGO S A S'),
(4472, 'SUZUKI MOTOR DE COLOMBIA S A'),
(4481, 'YARA COLOMBIA S A '),
(5070, 'E PAGO DE COLOMBIA S A '),
(5089, 'TROPITIENDAS S A S '),
(5155, 'CSS CONSTRUCTORES S.A'),
(10331, 'AGENCIA NACIONAL DE MINERIA'),
(10378, 'ORGANIZACION TERPEL S.A');

-- --------------------------------------------------------

--
-- Estructura de tabla para la tabla `contrato`
--

CREATE TABLE `contrato` (
  `id_contrato` int(100) NOT NULL,
  `fecha_ingreso` date NOT NULL,
  `fecha_vencimiento` date NOT NULL,
  `prorrogas` int(20) NOT NULL,
  `empleado_id` int(20) NOT NULL,
  `tipo_contrato_id` int(20) NOT NULL,
  `cargo_id` int(50) NOT NULL
) ENGINE=InnoDB DEFAULT CHARSET=utf8;

--
-- Volcado de datos para la tabla `contrato`
--

INSERT INTO `contrato` (`id_contrato`, `fecha_ingreso`, `fecha_vencimiento`, `prorrogas`, `empleado_id`, `tipo_contrato_id`, `cargo_id`) VALUES
(2, '2017-02-13', '2018-02-12', 2, 16226344, 20, 0),
(3, '1988-01-07', '2018-07-18', 2, 18598209, 40, 0),
(4, '2017-02-07', '2018-02-06', 2, 1112770431, 20, 0),
(5, '2017-05-01', '2018-04-30', 2, 2316358, 3, 0),
(6, '2017-02-09', '2018-02-08', 2, 94463013, 40, 0),
(7, '2017-05-01', '2018-04-30', 2, 9921457, 3, 0),
(8, '2017-05-01', '2018-04-30', 2, 75084858, 3, 0),
(9, '2017-11-03', '2018-05-02', 2, 1112780067, 20, 0),
(10, '1997-05-03', '1900-01-00', 2, 15956575, 1, 0),
(11, '2017-04-28', '2018-04-27', 2, 75079795, 100, 0),
(12, '2017-02-08', '2018-02-07', 2, 1053794211, 40, 0),
(13, '2018-01-07', '2018-07-06', 2, 1094882530, 20, 0),
(14, '1997-01-08', '1900-01-00', 2, 16485243, 1, 0),
(15, '2017-02-12', '2018-02-11', 2, 1094911267, 22, 0),
(16, '1997-04-09', '1900-01-00', 2, 4391851, 1, 0),
(17, '2017-03-07', '2018-03-06', 2, 89004457, 40, 0),
(18, '2017-03-19', '2018-03-18', 2, 94533834, 22, 0),
(19, '1996-11-16', '1900-01-00', 2, 16627207, 1, 0),
(20, '2017-09-01', '2018-02-28', 2, 10127786, 40, 0),
(21, '2017-10-24', '2018-04-23', 2, 4372275, 100, 0),
(22, '2017-12-22', '2018-06-21', 2, 1061625000, 20, 0),
(23, '2017-05-24', '2018-05-23', 2, 1053791943, 22, 0),
(24, '1988-01-07', '2018-07-18', 2, 1143946915, 3, 0),
(25, '2017-11-01', '2018-04-30', 2, 1116726252, 22, 0),
(26, '2016-06-13', '2999-12-31', 2, 1114120754, 40, 0),
(27, '2017-06-27', '2018-06-26', 2, 75033492, 22, 0),
(28, '2018-01-14', '2018-07-13', 2, 1093215267, 20, 0),
(29, '1988-01-07', '2018-07-18', 2, 1112302799, 40, 0),
(30, '2017-02-15', '2018-02-14', 2, 1113779033, 40, 0),
(31, '2017-03-28', '2018-03-27', 2, 16045186, 40, 0),
(32, '2017-08-19', '2018-02-18', 2, 75146518, 100, 0),
(33, '2016-02-28', '2999-12-31', 2, 4415933, 40, 0),
(34, '2017-02-15', '2018-02-14', 2, 30360511, 40, 0),
(35, '2017-02-21', '2018-02-20', 2, 1097729714, 40, 0),
(36, '2017-11-11', '2018-05-10', 2, 13993559, 60, 0),
(37, '2012-12-28', '2018-01-31', 2, 7549474, 40, 0),
(38, '2017-04-27', '2018-04-26', 2, 9971779, 100, 0),
(39, '2017-03-07', '2018-03-06', 2, 1109293858, 22, 0),
(40, '2016-02-28', '2999-12-31', 2, 1112784664, 40, 0),
(41, '2017-03-04', '2999-12-31', 2, 94393066, 40, 0),
(42, '2017-04-29', '2018-04-28', 2, 94310956, 22, 0),
(43, '2016-02-28', '2999-12-31', 2, 1116264342, 40, 0),
(44, '2017-03-27', '2018-03-26', 2, 75144459, 100, 0),
(45, '2017-11-01', '2018-04-30', 2, 1088238927, 3, 0),
(46, '2017-03-07', '2018-03-06', 2, 9957041, 20, 0),
(47, '2017-04-06', '2018-04-05', 2, 14571153, 20, 0),
(48, '2017-12-04', '2018-06-03', 2, 75085511, 40, 0),
(49, '2017-11-28', '2018-05-27', 2, 1088321795, 40, 0),
(50, '2017-04-18', '2018-04-17', 2, 1112761152, 20, 0),
(51, '2017-10-20', '2018-04-19', 2, 1113512846, 40, 0),
(52, '2017-03-01', '2018-02-28', 2, 1059785331, 40, 0),
(53, '2017-04-07', '2018-04-06', 2, 1061624208, 60, 0),
(54, '2017-03-30', '2999-12-31', 0, 1109296032, 40, 0),
(55, '1988-01-07', '2018-07-18', 2, 10186008, 40, 0),
(56, '2017-05-01', '2018-04-30', 2, 10273868, 3, 0),
(57, '2017-05-01', '2018-04-30', 2, 75081513, 3, 0),
(58, '2017-05-01', '2018-04-30', 2, 10286362, 3, 0),
(59, '2017-05-01', '2018-04-30', 2, 18532107, 3, 0),
(60, '2017-05-01', '2018-04-30', 2, 15908017, 3, 0),
(61, '2017-05-01', '2018-04-30', 2, 93383597, 3, 0),
(62, '2017-10-20', '2018-04-19', 2, 1089746531, 20, 0),
(63, '2017-04-01', '2018-03-31', 2, 31412768, 20, 0),
(64, '2017-04-11', '2018-04-10', 2, 75143474, 40, 0),
(65, '2017-08-30', '2018-02-28', 2, 14571892, 22, 0),
(66, '2017-05-16', '2018-05-15', 2, 16055698, 22, 0),
(67, '2017-10-01', '2018-03-31', 2, 1088292581, 1, 0),
(68, '2016-09-16', '2018-05-15', 2, 18598051, 100, 0),
(69, '2017-05-31', '2018-05-30', 2, 1053800432, 40, 0),
(70, '2017-10-01', '2018-03-31', 2, 1088003280, 1, 0),
(71, '2017-06-23', '2018-06-22', 2, 9728928, 100, 0),
(72, '2017-02-28', '2018-02-27', 2, 18492028, 40, 0),
(73, '2017-03-01', '2018-03-02', 2, 15959151, 20, 0),
(74, '2017-08-01', '2018-01-31', 2, 9726942, 22, 0),
(75, '2003-04-03', '2999-12-31', 2, 7959553, 3, 0),
(76, '2017-10-01', '2018-03-31', 2, 1088002131, 1, 0),
(77, '2017-12-30', '2018-06-29', 2, 9862498, 100, 0),
(78, '2017-06-19', '2018-06-18', 2, 1116437684, 20, 0),
(79, '2017-08-12', '2018-02-11', 2, 1088313813, 22, 0),
(80, '2017-05-15', '2018-05-14', 2, 1113533829, 20, 0),
(81, '2017-05-15', '2018-05-14', 2, 1088327284, 20, 0),
(82, '2017-05-15', '2018-05-14', 2, 1112769004, 20, 0),
(83, '2017-11-13', '2018-05-12', 2, 9697467, 22, 0),
(84, '2017-10-03', '2018-04-02', 2, 9735423, 22, 0),
(85, '1988-01-07', '2018-07-18', 2, 75102420, 20, 0),
(86, '2017-05-12', '2018-05-11', 2, 1054990354, 40, 0),
(87, '2016-09-21', '2018-05-20', 2, 18402946, 100, 0),
(88, '2017-07-06', '2018-07-05', 2, 41912001, 22, 0),
(89, '2017-10-27', '2018-02-26', 2, 1096646154, 22, 0),
(90, '2017-10-11', '2018-02-10', 2, 1060646253, 40, 0),
(91, '2017-04-10', '2018-04-09', 2, 18398705, 20, 0),
(92, '2017-10-01', '2018-09-30', 2, 1054916493, 1, 0),
(93, '2017-10-01', '2018-09-30', 2, 10008438, 1, 0),
(94, '2017-10-01', '2018-03-31', 2, 1057757266, 1, 0),
(95, '2017-10-30', '2018-04-29', 2, 29435277, 20, 0),
(96, '2017-10-01', '2018-09-30', 2, 9697804, 1, 0),
(97, '2017-09-20', '2018-03-19', 2, 4512715, 22, 0),
(98, '2011-02-16', '1900-01-00', 2, 42159210, 1, 0),
(99, '2017-10-01', '2018-09-30', 2, 24398541, 1, 0),
(100, '2017-10-01', '2018-09-30', 2, 1088245901, 1, 0),
(101, '2011-02-16', '1900-01-00', 2, 83241316, 1, 0),
(102, '2017-08-01', '2018-01-31', 2, 72252082, 22, 0),
(103, '2017-01-13', '2018-01-15', 2, 75050002, 22, 0),
(104, '2017-10-30', '2018-02-28', 2, 1088300094, 40, 0),
(105, '2017-04-29', '2018-04-28', 2, 1104675026, 3, 0),
(106, '2016-10-11', '2018-02-15', 2, 1059812970, 40, 0),
(107, '2017-04-09', '2018-04-08', 2, 1088248409, 22, 0),
(108, '2017-09-27', '2018-03-26', 2, 1096032319, 22, 0),
(109, '2017-10-01', '2018-03-31', 2, 1088028024, 1, 0),
(110, '2017-02-19', '2018-02-18', 2, 16232307, 60, 0),
(111, '2017-10-01', '2018-03-30', 2, 1088021467, 1, 0),
(112, '1997-04-14', '1900-01-00', 2, 4578632, 3, 0),
(113, '2017-12-04', '2018-06-03', 2, 1004211221, 40, 0),
(114, '2018-01-09', '2018-07-08', 2, 9809507, 22, 0),
(115, '2017-06-11', '2018-06-10', 2, 1114092888, 22, 0),
(116, '2017-10-24', '2018-04-23', 2, 18403227, 60, 0),
(117, '2017-10-06', '2018-04-05', 2, 75101610, 1, 0),
(118, '2017-03-20', '2018-03-19', 2, 1094902525, 20, 0),
(119, '2017-11-15', '2018-05-15', 2, 1088273174, 20, 0),
(120, '1998-01-06', '1900-01-00', 2, 18596498, 3, 0),
(121, '2017-12-11', '2018-06-10', 2, 1090336662, 40, 0),
(122, '1996-11-16', '1900-01-00', 2, 10128205, 1, 0),
(123, '2003-06-10', '2999-12-31', 2, 2680820, 1, 0),
(124, '2017-03-08', '2018-03-07', 2, 15959842, 40, 0),
(125, '2017-02-14', '2018-02-13', 2, 1086278089, 22, 0),
(126, '1998-03-04', '1900-01-00', 2, 9992812, 1, 0),
(127, '2017-11-16', '2018-05-15', 2, 94288775, 40, 0),
(128, '2017-11-24', '2018-05-23', 2, 9727897, 22, 0),
(129, '2017-12-13', '2999-12-31', 2, 1109298865, 40, 0),
(133, '1988-01-07', '2018-07-18', 2, 4446750, 3, 0),
(134, '2018-01-01', '2018-06-30', 2, 9867331, 22, 0),
(135, '1988-01-07', '2018-07-18', 2, 9977165, 3, 0),
(136, '2018-01-01', '2018-06-30', 2, 10008724, 22, 0),
(137, '2017-12-27', '2018-06-30', 2, 10013075, 22, 0),
(138, '2018-01-11', '2018-07-10', 2, 10024793, 22, 0),
(139, '1988-01-07', '2018-07-18', 2, 10263787, 3, 0),
(140, '1988-01-07', '2018-07-18', 2, 10281008, 3, 0),
(141, '2018-01-12', '2018-03-11', 2, 18399577, 40, 0),
(142, '2018-01-01', '2018-06-30', 2, 24335922, 22, 0),
(143, '2018-01-01', '2018-06-30', 2, 42144878, 22, 0),
(144, '1988-01-07', '2018-07-18', 2, 70879643, 40, 0),
(145, '1988-01-07', '2018-07-18', 2, 75077610, 3, 0),
(146, '1988-01-07', '2018-07-18', 2, 1060590364, 3, 0),
(147, '2017-12-27', '2018-06-30', 2, 1061624498, 22, 0),
(148, '2018-01-05', '2018-06-04', 2, 1086136367, 22, 0),
(149, '2017-12-27', '2018-06-30', 2, 1096645342, 22, 0),
(151, '2018-01-19', '2018-07-18', 2, 1112763778, 22, 0),
(152, '2018-01-05', '2018-06-04', 2, 1112785487, 40, 0),
(153, '2017-12-28', '2018-06-30', 2, 1114399115, 22, 0),
(154, '2018-01-05', '2018-06-04', 2, 1121820045, 22, 0),
(155, '2018-01-05', '2018-06-04', 2, 1193563395, 40, 0),
(156, '2018-01-01', '2018-06-30', 2, 1225090556, 22, 0),
(157, '1996-11-16', '1900-01-00', 2, 18606864, 1, 0),
(202, '2018-02-15', '2018-08-01', 2, 1088256244, 1, 1000),
(203, '1970-01-01', '1970-01-01', 0, 1088256244, 0, 0),
(204, '1970-01-01', '1970-01-01', 0, 1088256244, 0, 0),
(205, '1970-01-01', '1970-01-01', 0, 1088256244, 0, 0);

-- --------------------------------------------------------

--
-- Estructura de tabla para la tabla `control_cursos`
--

CREATE TABLE `control_cursos` (
  `id_registro` int(100) NOT NULL,
  `nro_curso` varchar(45) NOT NULL,
  `empleado_id` int(20) NOT NULL,
  `fecha_vencimiento` date NOT NULL,
  `academia_nit` varchar(100) NOT NULL,
  `curso_id` int(11) NOT NULL
) ENGINE=InnoDB DEFAULT CHARSET=utf8;

--
-- Volcado de datos para la tabla `control_cursos`
--

INSERT INTO `control_cursos` (`id_registro`, `nro_curso`, `empleado_id`, `fecha_vencimiento`, `academia_nit`, `curso_id`) VALUES
(1, 'ECSP577-E139988', 18606864, '2018-11-04', '8301012190', 1201),
(2, 'ECSP577-E141211', 16226344, '2018-12-02', '8301012190', 1201),
(3, 'ECSP1162-E390595', 18598209, '2018-12-09', '8300703391', 1201),
(4, 'ECSP577-E143498', 1112770431, '2019-01-20', '8301012190', 1201),
(5, 'ECSP577-E141577', 2316358, '2018-12-09', '8301012190', 1201),
(6, 'ECSP1162-E390863', 94463013, '2018-12-07', '8300703391', 1201),
(7, 'ECSP1162-E391052', 9921457, '2018-12-15', '8300703391', 1201),
(8, 'ECSP577-E142060', 75084858, '2018-12-16', '8301012190', 1201),
(9, 'ECSP577-E141925', 1112780067, '2018-12-16', '8301012190', 1201),
(10, 'ECSP577-E142059', 15956575, '2018-12-16', '8301012190', 1201),
(11, 'ECSP577-E142062', 75079795, '2018-12-16', '8301012190', 3201),
(12, 'ECSP577-E142061', 1053794211, '2018-12-16', '8301012190', 1201),
(13, 'ECSP1162-E391994 ', 1094882530, '2019-01-05', '8300703391', 1201),
(14, 'ECSP1162-E391996', 16485243, '2019-01-05', '8300703391', 3201),
(15, 'ECSP1162-E391919', 1094911267, '2019-01-05', '8300703391', 1201),
(16, 'ECSP1162-E391918', 4391851, '2019-01-05', '8300703391', 1201),
(17, 'ECSP1162-E391920', 89004457, '2019-01-05', '8300703391', 1201),
(18, 'ECSP1162-E391921', 94533834, '2019-01-05', '8300703391', 1201),
(19, 'ECSP1162-E391917', 16627207, '2019-01-05', '8300703391', 1201),
(20, 'ECSP1162-E391916', 10127786, '2019-01-05', '8300703391', 1201),
(21, 'ECSP1162-E391997', 4372275, '2019-01-05', '8300703391', 3201),
(22, 'ECSP577-E142610', 1061625000, '2019-01-06', '8301012190', 1201),
(23, 'ECSP577-E142607', 1053791943, '2019-01-06', '8301012190', 1201),
(24, 'ECSP1162-E392368', 1116726252, '2019-01-12', '8300703391', 1201),
(25, 'ECSP1162-E392491', 1114120754, '2019-01-12', '8300703391', 1201),
(26, 'ECSP577-E143554', 75033492, '2019-01-20', '8301012190', 1201),
(27, 'ECSP1162-E393797', 1093215267, '2019-01-26', '8300703391', 1201),
(28, 'ECSP577-D362405', 1112302799, '2018-01-28', '8301012190', 1201),
(29, 'ECSP577-E144151', 1113779033, '2019-01-27', '8301012190', 1201),
(30, 'ECSP1162-E394379', 16045186, '2019-02-02', '8300703391', 1201),
(31, 'ECSP1162-E394380', 75146518, '2019-02-02', '8300703391', 3201),
(32, 'ECSP577-E144433', 4415933, '2019-01-27', '8301012190', 1201),
(33, 'ECSP1124-A184864', 4446750, '2018-02-04', '8300833785', 1201),
(34, 'ECSP1124-A184956', 1060590364, '2018-02-04', '8300833785', 1201),
(35, 'ECSP1162-D168781', 30360511, '2018-02-10', '8300703391', 1101),
(36, 'ECSP1162-D169103', 1097729714, '2018-02-10', '8300703391', 1101),
(37, 'ECSP577-D363368', 13993559, '2018-02-11', '8301012190', 1201),
(38, 'ECSP1025-D194619', 7549474, '2018-02-17', '9000172529', 1201),
(39, 'ECSP577-D363924', 9971779, '2018-02-18', '8301012190', 3201),
(40, 'ECSP577-D363923', 1109293858, '2018-02-18', '8301012190', 1201),
(41, 'ECSP577-D363934', 1112784664, '2018-02-18', '8301012190', 1201),
(42, 'ECSP981-D238667', 94393066, '2018-02-24', '8300393700', 1201),
(43, 'ECSP728-D111208', 94310956, '2018-02-25', '8301283282', 1301),
(44, 'ECSP577-D364297', 1116264342, '2018-02-25', '8301012190', 1201),
(45, 'ECSP1162-D169959', 75144459, '2018-03-03', '8300703391', 3201),
(46, 'ECSP1162-D169961', 1088238927, '2018-03-03', '8300703391', 1201),
(47, 'ECSP1162-D169960', 9957041, '2018-03-03', '8300703391', 1201),
(48, 'ECSP577-D364740', 14571153, '2018-03-04', '8301012190', 1201),
(49, 'ECSP1025-D195229', 75085511, '2018-03-04', '9000172529', 1201),
(50, 'ECSP1162-D510977', 1088321795, '2018-03-17', '8300703391', 1201),
(51, 'ECSP577-D366171', 1112761152, '2018-03-19', '8301012190', 1312),
(52, 'ESCP1025-D196193', 1113512846, '2018-03-24', '9000172529', 1201),
(53, 'ECSP577-D366361', 1059785331, '2018-03-25', '8301012190', 1201),
(54, 'ECSP577-D366636', 1061624208, '2018-03-25', '8301012190', 1201),
(55, 'ECSP577-D366635', 1109296032, '2018-03-25', '8301012190', 1201),
(56, 'ECSP1162-D511844', 10186008, '2018-03-31', '8300703391', 1201),
(57, 'ECSP1162-D511911', 10273868, '2018-03-31', '8300703391', 1201),
(58, 'ECSP1162-D511845', 75081513, '2018-03-31', '8300703391', 1201),
(59, 'ECSP1162-D511843', 10286362, '2018-03-31', '8300703391', 1201),
(60, 'ECSP1162-D511689', 18532107, '2018-03-31', '8300703391', 1201),
(61, 'ECSP1162-D511626', 15908017, '2018-03-31', '8300703391', 1201),
(62, 'ECSP1162-D511687', 93383597, '2018-03-31', '8300703391', 1201),
(63, 'ECSP3001-A406886', 1089746531, '2018-04-05', '8300211325', 1101),
(64, 'ECSP1162-D512164', 31412768, '2018-04-07', '8300703391', 1201),
(65, 'ECSP1025-D196625', 10263787, '2018-04-07', '9000172529', 1201),
(66, 'ECSP1025-D196509', 75077610, '2018-04-07', '9000172529', 1201),
(67, 'ECSP1162-D512024', 75143474, '2018-04-07', '8300703391', 1201),
(68, 'ECSP577-D368558', 14571892, '2018-04-20', '8301012190', 1201),
(69, 'ECSP728-D111335', 16055698, '2018-04-22', '8301283282', 19),
(70, 'ECSP1162-D512872', 1088292581, '2018-04-24', '8300703391', 1201),
(71, 'ECSP1162-D513359', 18598051, '2018-05-05', '8300703391', 3201),
(72, 'ECSP577-D369636', 1053800432, '2018-05-06', '8301012190', 1201),
(73, 'ECSP1162-D513844', 1088003280, '2018-05-12', '8300703391', 1201),
(74, 'ECSP1025-D197340', 9728928, '2018-05-19', '9000172529', 3201),
(75, 'ECSP1162-D514405', 18492028, '2018-05-19', '8300703391', 1201),
(76, 'ECSP1025-D197510', 15959151, '2018-05-19', '9000172529', 1201),
(77, 'ECSP728-D111694', 9726942, '2018-05-20', '8301283282', 1201),
(78, 'ECSP728-D111695', 7959553, '2018-05-20', '8301283282', 1201),
(79, 'ECSP1162-D514735', 1088002131, '2018-05-26', '8300703391', 1201),
(80, 'ECSP1162-D514953', 9862498, '2018-06-02', '8300703391', 3201),
(81, 'ECSP577-D131189', 1116437684, '2018-06-03', '8301012190', 1201),
(82, 'ECSP1162-D515282', 1088313813, '2018-06-09', '8300703391', 1201),
(83, 'ECSP1162-D515629', 1113533829, '2018-06-09', '8300703391', 1201),
(84, 'ECSP1162-D515627', 1088327284, '2018-06-09', '8300703391', 1201),
(85, 'ECSP1162-D515626', 1112769004, '2018-06-09', '8300703391', 1201),
(86, 'ECSP1162-D516121', 9697467, '2018-06-16', '8300703391', 1201),
(87, 'ECSP1162-D517052', 9735423, '2018-07-07', '8300703391', 1201),
(88, 'ECSP577-E133339', 75102420, '2018-07-08', '8301012190', 1201),
(89, 'ECSP577-E133778', 1054990354, '2018-07-15', '8301012190', 1201),
(90, 'ECSP1162-D517978', 18402946, '2018-07-21', '8300703391', 3201),
(91, 'ECSP1162-D517845', 41912001, '2018-07-21', '8300703391', 1201),
(92, 'ECSP1162-D517921', 1096646154, '2018-07-21', '8300703391', 1201),
(93, 'ECSP577-E134266', 9977165, '2018-07-22', '8301012190', 1201),
(94, 'ECSP577-E134516', 1060646253, '2018-07-25', '8301012190', 1201),
(95, 'ECSP1025-D199523', 18398705, '2018-07-28', '9000172529', 1201),
(96, 'ECSP1162-D518816', 1054916493, '2018-07-28', '8300703391', 1201),
(97, 'ECSP1162-D518814', 10008438, '2018-07-28', '8300703391', 1201),
(98, 'ECSP1162-D518815', 1057757266, '2018-07-28', '8300703391', 1201),
(99, 'ECSP1025-D199483', 29435277, '2018-07-28', '9000172529', 1201),
(100, 'ECSP1162-D519258', 9697804, '2018-08-04', '8300703391', 1201),
(101, 'ECSP1162-D519545', 4512715, '2018-08-04', '8300703391', 1201),
(102, 'ECSP1162-D519261', 42159210, '2018-08-04', '8300703391', 3201),
(103, 'ECSP1162-D519256', 24398541, '2018-08-04', '8300703391', 1201),
(104, 'ECSP1162-D519257', 1088245901, '2018-08-04', '8300703391', 1201),
(105, 'ECSP1162-D519260', 83241316, '2018-08-04', '8300703391', 3201),
(106, 'ECSP1162-D520258', 72252082, '2018-08-11', '8300703391', 1201),
(107, 'ECSP1162-D520179', 75050002, '2018-08-11', '8300703391', 1201),
(108, 'ECSP1859-B354661', 1088300094, '2018-08-14', '9000296358', 1201),
(109, 'ECSP1162-D520864', 1104675026, '2018-08-18', '8300703391', 1201),
(110, 'ECSP577-E135845', 1059812970, '2018-08-19', '8301012190', 1201),
(111, 'ECSP1162-D521985', 1088248409, '2018-08-25', '8300703391', 1301),
(112, 'ECSP1162-D521984', 1096032319, '2018-08-25', '8300703391', 1201),
(113, 'ECSP1160-D487024', 1088028024, '2018-08-25', '8301012190', 1101),
(114, 'ECSP577-E135896', 16232307, '2018-08-28', '8301012190', 1201),
(115, 'ECSP1162-D523448', 1088021467, '2018-09-01', '8300703391', 1201),
(116, 'ECSP1162-D523429', 10281008, '2018-09-01', '8300703391', 1201),
(117, 'ECSP1162-D523711', 4578632, '2018-09-08', '8300703391', 1201),
(118, 'ECSP577-E137594', 1004211221, '2018-09-09', '8301012190', 1201),
(119, 'ECSP1162-D525776', 9809507, '2018-09-22', '8300703391', 1201),
(120, 'ECSP1162-D526156', 1114092888, '2018-09-29', '8300703391', 1101),
(121, 'ECSP1162-D527016', 18403227, '2018-10-06', '8300703391', 1201),
(122, 'ECSP1162-D526899', 75101610, '2018-10-10', '8300703391', 1201),
(123, 'ECSP1025-D201759', 1094902525, '2018-10-27', '9000172529', 1201),
(124, 'ECSP1162-D5282264', 1088273174, '2018-10-27', '8300703391', 1101),
(125, 'ECSP1162-D528630', 18596498, '2018-11-03', '8300703391', 1201),
(126, 'ECSP3007-B298239', 1090336662, '2018-11-07', '9002025368', 1101),
(127, 'ECSP1162-D529049', 10128205, '2018-11-10', '8300703391', 1201),
(128, 'ECSP577-E140383', 2680820, '2018-11-11', '8301012190', 3201),
(129, 'ECSP577-E140431', 15959842, '2018-11-11', '8301012190', 1201),
(130, 'ECSP1162-D529509', 1086278089, '2018-11-17', '8300703391', 1201),
(131, 'ECSP1162-E390195', 9992812, '2018-12-01', '8300703391', 1201),
(132, 'ECSP1162-E390143', 94288775, '2018-12-01', '8300703391', 1101),
(133, 'ECSP1162-E390587', 9727897, '2018-12-09', '8300703391', 1301),
(134, 'ECSP1025-D196195', 1109298865, '2018-03-24', '9000172529', 1201),
(135, 'ECSP3001-A408747', 9867331, '2018-06-23', '9005520114', 1201),
(136, 'ECSP1162-E392718', 10008724, '2019-01-12', '8300703391', 1201),
(137, 'ECSP1162-D522453', 10013075, '2018-08-25', '8300703391', 1201),
(138, 'ECSP1162-D528202', 24335922, '2018-10-27', '8300703391', 1201),
(139, 'ECSP1162-E391342', 42144878, '2018-12-15', '8300703391', 1201),
(140, 'ECSP1162-D525775', 1061624498, '2018-09-20', '8300703391', 1201),
(141, 'ECSP2190-E370877', 1096645342, '2018-12-11', '9005108808', 1201),
(142, 'ECSP2190-B446019', 1114399115, '2018-03-25', '9005108808', 1201),
(143, 'ECSP3001-A406475', 1225090556, '2018-03-16', '9005520114', 1101),
(144, 'ECSP1859-B352775', 1086136367, '2018-02-13', '9000296358', 1201),
(145, 'ECSP1025-D203391', 1121820045, '2018-12-22', '9000172529', 1201),
(146, 'ECSP577-E133392', 1112785487, '2018-07-17', '8301012190', 1201),
(147, 'ECSP3007-B298206', 1193563395, '2018-10-23', '9007046615', 1101),
(148, 'ECSP1859-B355013', 10024793, '2018-09-08', '9000296358', 1201),
(149, 'ECSP1025-D196041', 18399577, '2018-03-24', '9000172529', 1201),
(150, 'ECSP1025-D203660', 70879643, '2019-01-05', '9000172529', 1201),
(151, 'ECSP3003-A447851', 1112763778, '2018-03-13', '9006102901', 1201),
(152, 'ECSP577-D360363', 1143946915, '2018-01-07', '8301012190', 1201),
(200, 'yhdhkgfhkg', 0, '2018-02-01', '\r\n\r\n\r\n3', 1201),
(201, 'ECSP1025-D196041', 1088256244, '2018-02-26', '8040073153', 3315);

-- --------------------------------------------------------

--
-- Estructura de tabla para la tabla `cursos`
--

CREATE TABLE `cursos` (
  `id_cursos` int(20) NOT NULL,
  `descripcion` varchar(50) NOT NULL
) ENGINE=InnoDB DEFAULT CHARSET=utf8;

--
-- Volcado de datos para la tabla `cursos`
--

INSERT INTO `cursos` (`id_cursos`, `descripcion`) VALUES
(1101, 'FUNDAMENTACION VIGILANCIA'),
(1201, 'REENTRENAMIENTO VIGILANCIA'),
(1301, 'ESPECIALlZACION VIGILANCIA AEROPORTUARIA'),
(1302, 'ESPECIALlZACION VIGILANCIA SECTOR FINANCIERO'),
(1303, 'ESPECIALlZACION VIGILANCIA COMERCIAL'),
(1304, 'ESPECIALlZACION VIGILANCIA EDUCATIVA'),
(1305, 'ESPECIALlZACION VIGILANCIA EVENTOS PUBLlCOS'),
(1306, 'ESPECIALlZACION VIGILANCIA HOSPITALARIA'),
(1307, 'ESPECIALlZACION VIGILANCIA PORTUARIA'),
(1308, 'ESPECIALlZACION VIGILANCIA INDUSTRIAL'),
(1309, 'ESPECIALlZACION VIGILANCIA RESIDENCIAL'),
(1310, 'ESPECIALlZACION VIGILANCIA PETROLERA'),
(1311, 'ESPECIALlZACION VIGILANCIA TURISTICA'),
(1312, 'ESPECIALlZACION VIGILANCIA ENTIDADES OFICIALES'),
(1313, 'ESPECIALlZACION VIGILANCIA MINERA'),
(1314, 'ESPECIALlZACION VIGILANCIA GRANDES SUPERFICIES'),
(1315, 'ESPECIALlZACION VIGILANCIA TRANSPORTE MASIVO'),
(1401, 'PROFUNDIZACION VIGILANCIA AEROPORTUARIA'),
(1402, 'PROFUNDIZACION VIGILANCIA SECTOR FINANCIERO'),
(1403, 'PROFUNDIZACION VIGILANCIA COMERCIAL'),
(1404, 'PROFUNDIZACION VIGILANCIA EDUCATIVA'),
(1405, 'PROFUNDIZACION VIGILANCIA EVENTOS PUBLlCOS'),
(1406, 'PROFUNDIZACION VIGILANCIA HOSPITALARIA'),
(1407, 'PROFUNDIZACION VIGILANCIA PORTUARIA'),
(1408, 'PROFUNDIZACION VIGILANCIA INDUSTRIAL'),
(1409, 'PROFUNDIZACION VIGILANCIA RESIDENCIAL'),
(1410, 'PROFUNDIZACION VIGILANCIA PETROLERA'),
(1411, 'PROFUNDIZACION VIGILANCIA TURISTICA'),
(1412, 'PROFUNDIZACION VIGILANCIA ENTIDADES OFICIALES'),
(1413, 'PROFUNDIZACION VIGILANCIA MINERA'),
(1414, 'PROFUNDIZACION VIGILANCIA GRANDES SUPERFICIES'),
(1415, 'PROFUNDIZACION VIGILANCIA TRANSPORTE MASIVO'),
(2101, 'FUNDAMENTACION ESCOLTA'),
(2201, 'REENTRENAMIENTO ESCOLTA'),
(2302, 'ESPECIALlZACION ESCOLTA MERCANCIAS'),
(2303, 'ESPECIALlZACION ESCOLTA MANEJO DEFENSIVO'),
(2304, 'ESPECIALlZACION ESCOLTA TRANSPORTE VALORES'),
(2305, 'ESPECIALlZACION ESCOLTA PROTECCION A DIGNATARIOS'),
(2401, 'PROFUNDIZACION ESCOLTA PERSONAS'),
(2402, 'PROFUNDIZACION ESCOLTA MERCANCIAS'),
(2403, 'PROFUNDIZACION ESCOLTA MANEJO DEFENSIVO'),
(2404, 'PROFUNDIZACION ESCOLTA TRANSPORTE VALORES'),
(2405, 'PROFUNDIZACION ESCOLTA PROTECCION A DIGNATARIOS'),
(3101, 'FUNDAMENTACION SUPERVISORES'),
(3201, 'REENTRENAMIENTO SUPERVISORES'),
(3301, 'ESPECIALlZACION SUPERVISORES AEROPORTUARIA'),
(3302, 'ESPECIALlZACION SUPERVISORES SECTOR FINANCIERO'),
(3303, 'ESPECIALlZACION SUPERVISORES COMERCIAL'),
(3304, 'ESPECIALlZACION SUPERVISORES EDUCATIVA'),
(3305, 'ESPECIALlZACION SUPERVISORES EVENTOS PUBLlCOS'),
(3306, 'ESPECIALlZACION SUPERVISORES HOSPITALARIA'),
(3307, 'ESPECIALlZACION SUPERVISORES PORTUARIA'),
(3308, 'ESPECIALlZACION SUPERVISORES INDUSTRIAL'),
(3309, 'ESPECIALlZACION SUPERVISORES RESIDENCIAL'),
(3310, 'ESPECIALlZACION SUPERVISORES MEDIOS TECNOLOGICOS'),
(3311, 'ESPECIALlZACION SUPERVISORES PETROLERA'),
(3312, 'ESPECIALlZACION SUPERVISORES TURISTICA'),
(3313, 'ESPECIALlZACION SUPERVISORES ENTIDADES OFICIALES'),
(3314, 'ESPECIALlZACION SUPERVISORES MINERA'),
(3315, 'ESPECIALlZACION SUPERVISORES GRANDES SUPERFICIES'),
(3316, 'ESPECIALlZACION SUPERVISORES TRANSPORTE MASIVO'),
(3401, 'PROFUNDIZACION SUPERVISORES AEROPORTUARIA'),
(3402, 'PROFUNDIZACION SUPERVISORES SECTOR FINANCIERO'),
(3403, 'PROFUNDIZACION SUPERVISORES COMERCIAL'),
(3404, 'PROFUNDIZACION SUPERVISORES EDUCATIVA'),
(3405, 'PROFUNDIZACION SUPERVISORES EVENTOS PUBLlCOS'),
(3406, 'PROFUNDIZACION SUPERVISORES HOSPITALARIA'),
(3407, 'PROFUNDIZACION SUPERVISORES PORTUARIA'),
(3408, 'PROFUNDIZACION SUPERVISORES INDUSTRIAL'),
(3409, 'PROFUNDIZACION SUPERVISORES RESIDENCIAL'),
(3411, 'PROFUNDIZACION SUPERVISORES PETROLERA'),
(3412, 'PROFUNDIZACION SUPERVISORES TURISTICA'),
(3413, 'PROFUNDIZACION SUPERVISORES ENTIDADES OFICIALES'),
(3414, 'PROFUNDIZACION SUPERVISORES MINERA'),
(3415, 'PROFUNDIZACION SUPERVISORES GRANDES SUPERFICIES'),
(3416, 'PROFUNDIZACION SUPERVISORES TRANSPORTE MASIVO'),
(4101, 'FUNDAMENTACION MEDIOS TECNOLOGICOS'),
(4201, 'REENTRENAMIENTO MEDIOS TECNOLOGICOS'),
(4301, 'ESPECIALlZACION MEDIOS TECNOLOGICOS COORDINADOR'),
(4302, 'ESPECIALlZACION MEDIOS TECNOLOGICOS INSTALADOR'),
(4401, 'PROFUNDIZACION MEDIOS TECNOLOGICOS COORDINADOR'),
(4402, 'PROFUNDIZACION MEDIOS TECNOLOGICOS INSTALADOR'),
(5101, 'FUNDAMENTACION MANEJADOR CANINO ENFASIS EN NARCOTI'),
(5102, 'FUNDAMENTACION MANEJADOR CANINO ENFASIS EN MONEDA'),
(5103, 'FUNDAMENTACION MANEJADOR CANINO ENFASIS EN DEFENSA'),
(5104, 'FUNDAMENTACION MANEJADOR CANINO ENFASIS EN EXPLOSI'),
(5105, 'FUNDAMENTACION MANEJADOR CANINO ENFASIS EN BUSQUED'),
(5201, 'REENTRENAMIENTO MANEJADOR CANINO ENFASIS EN NARCOT'),
(5202, 'REENTRENAMIENTO MANEJADOR CANINO ENFASIS EN MONEDA'),
(5203, 'REENTRENAMIENTO MANEJADOR CANINO ENFASIS EN DEFENS'),
(5204, 'REENTRENAMIENTO MANEJADOR CANINO ENFASIS EN EXPLOS'),
(5205, 'REENTRENAMIENTO MANEJADOR CANINO ENFASIS EN BUSQUE'),
(5301, 'ESPECIALlZACION MANEJADOR CANINO SUPERVISOR'),
(5302, 'ESPECIALlZACION MANEJADOR CANINO DEFENSA CONTROLAD'),
(5303, 'ESPECIALlZACION MANEJADOR CANINO DETECCION EXPLOSI'),
(5304, 'ESPECIALlZACION MANEJADOR CANINO DETECCION NARCOTI'),
(5305, 'ESPECIALlZACION MANEJADOR CANINO DETECCION MONEDA'),
(5306, 'ESPECIALlZACION MANEJADOR CANINO BUSQUEDA y RESCAT'),
(5401, 'PROFUNDIZACION MANEJADOR CANINO SUPERVISOR'),
(5402, 'PROFUNDIZACION MANEJADOR CANINO DEFENSA CONTROLADA'),
(5403, 'PROFUNDIZACION MANEJADOR CANINO DETECCION EXPLOSIV'),
(5404, 'PROFUNDIZACION MANEJADOR CANINO DETECCION NARCOTIC'),
(5405, 'PROFUNDIZACION MANEJADOR CANINO DETECCION MONEDA'),
(5406, 'PROFUNDIZACION MANEJADOR CANINO BUSQUEDA y RESCATE'),
(6101, 'SEMINARIO ADMINISTRACION DE SERVICIOS DE V.S.P.'),
(6102, 'SEMINARIO JEFES DE RECURSOS HUMANOS'),
(6103, 'SEMINARIO JEFES DE OPERACION DE EMPRESA DE V.S.P.'),
(6104, 'SEMINARIO ESPECTACULOS PUBLlCOS'),
(6105, 'SEMINARIO JEFES DE SEGURIDAD DE DEPARTAMENTOS'),
(6106, 'SEMINARIO COORDINADORES DE MEDIOS TECNOLOGICOS'),
(6107, 'SEMINARIO COORDINADORE y DIRECTIVOS INSTALADORES D');

-- --------------------------------------------------------

--
-- Estructura de tabla para la tabla `departamento`
--

CREATE TABLE `departamento` (
  `cod_dep` int(5) NOT NULL,
  `nombre_dep` varchar(50) NOT NULL
) ENGINE=InnoDB DEFAULT CHARSET=utf8;

--
-- Volcado de datos para la tabla `departamento`
--

INSERT INTO `departamento` (`cod_dep`, `nombre_dep`) VALUES
(5, 'ANTIOQUIA'),
(8, 'ATLANTICO'),
(11, 'BOGOTA'),
(13, 'BOLIVAR'),
(15, 'BOYACA'),
(17, 'CALDAS'),
(18, 'CAQUETA'),
(19, 'CAUCA'),
(20, 'CESAR'),
(23, 'CORDOBA'),
(25, 'CUNDINAMARCA'),
(27, 'CHOCO'),
(41, 'HUILA'),
(44, 'LA GUAJIRA'),
(47, 'MAGDALENA'),
(50, 'META'),
(52, 'NARIÑO'),
(54, 'N. DE SANTANDER'),
(63, 'QUINDIO'),
(66, 'RISARALDA'),
(68, 'SANTANDER'),
(70, 'SUCRE'),
(73, 'TOLIMA'),
(76, 'VALLE DEL CAUCA'),
(81, 'ARAUCA'),
(85, 'CASANARE'),
(86, 'PUTUMAYO'),
(88, 'SAN ANDRES'),
(91, 'AMAZONAS'),
(94, 'GUAINIA'),
(95, 'GUAVIARE'),
(97, 'VAUPES');

-- --------------------------------------------------------

--
-- Estructura de tabla para la tabla `documento`
--

CREATE TABLE `documento` (
  `empleado_id` int(20) NOT NULL,
  `vencimiento_visita` date NOT NULL,
  `vencimiento_pasadoj` date NOT NULL
) ENGINE=InnoDB DEFAULT CHARSET=utf8;

--
-- Volcado de datos para la tabla `documento`
--

INSERT INTO `documento` (`empleado_id`, `vencimiento_visita`, `vencimiento_pasadoj`) VALUES
(18606864, '0000-00-00', '0000-00-00'),
(16226344, '0000-00-00', '0000-00-00'),
(18598209, '0000-00-00', '0000-00-00'),
(1112770431, '0000-00-00', '0000-00-00'),
(2316358, '0000-00-00', '0000-00-00'),
(94463013, '0000-00-00', '0000-00-00'),
(9921457, '0000-00-00', '0000-00-00'),
(75084858, '0000-00-00', '0000-00-00'),
(1112780067, '0000-00-00', '0000-00-00'),
(15956575, '0000-00-00', '0000-00-00'),
(75079795, '0000-00-00', '0000-00-00'),
(1053794211, '0000-00-00', '0000-00-00'),
(1094882530, '0000-00-00', '0000-00-00'),
(16485243, '0000-00-00', '0000-00-00'),
(1094911267, '0000-00-00', '0000-00-00'),
(4391851, '0000-00-00', '0000-00-00'),
(89004457, '0000-00-00', '0000-00-00'),
(94533834, '0000-00-00', '0000-00-00'),
(16627207, '0000-00-00', '0000-00-00'),
(10127786, '0000-00-00', '0000-00-00'),
(4372275, '0000-00-00', '0000-00-00'),
(1061625000, '0000-00-00', '0000-00-00'),
(1053791943, '0000-00-00', '0000-00-00'),
(1143946915, '0000-00-00', '0000-00-00'),
(1116726252, '0000-00-00', '0000-00-00'),
(1114120754, '0000-00-00', '0000-00-00'),
(75033492, '0000-00-00', '0000-00-00'),
(1093215267, '0000-00-00', '0000-00-00'),
(1112302799, '0000-00-00', '0000-00-00'),
(1113779033, '0000-00-00', '0000-00-00'),
(16045186, '0000-00-00', '0000-00-00'),
(75146518, '0000-00-00', '0000-00-00'),
(4415933, '0000-00-00', '0000-00-00'),
(4446750, '0000-00-00', '0000-00-00'),
(1060590364, '0000-00-00', '0000-00-00'),
(30360511, '0000-00-00', '0000-00-00'),
(1097729714, '0000-00-00', '0000-00-00'),
(13993559, '0000-00-00', '0000-00-00'),
(7549474, '0000-00-00', '0000-00-00'),
(9971779, '0000-00-00', '0000-00-00'),
(1109293858, '0000-00-00', '0000-00-00'),
(1112784664, '0000-00-00', '0000-00-00'),
(94393066, '0000-00-00', '0000-00-00'),
(94310956, '0000-00-00', '0000-00-00'),
(1116264342, '0000-00-00', '0000-00-00'),
(75144459, '0000-00-00', '0000-00-00'),
(1088238927, '0000-00-00', '0000-00-00'),
(9957041, '0000-00-00', '0000-00-00'),
(14571153, '0000-00-00', '0000-00-00'),
(75085511, '0000-00-00', '0000-00-00'),
(1088321795, '0000-00-00', '0000-00-00'),
(1112761152, '0000-00-00', '0000-00-00'),
(1113512846, '0000-00-00', '0000-00-00'),
(1059785331, '0000-00-00', '0000-00-00'),
(1061624208, '0000-00-00', '0000-00-00'),
(1109296032, '0000-00-00', '0000-00-00'),
(10186008, '0000-00-00', '0000-00-00'),
(10273868, '0000-00-00', '0000-00-00'),
(75081513, '0000-00-00', '0000-00-00'),
(10286362, '0000-00-00', '0000-00-00'),
(18532107, '0000-00-00', '0000-00-00'),
(15908017, '0000-00-00', '0000-00-00'),
(93383597, '0000-00-00', '0000-00-00'),
(1089746531, '0000-00-00', '0000-00-00'),
(31412768, '0000-00-00', '0000-00-00'),
(10263787, '0000-00-00', '0000-00-00'),
(75077610, '0000-00-00', '0000-00-00'),
(75143474, '0000-00-00', '0000-00-00'),
(14571892, '0000-00-00', '0000-00-00'),
(16055698, '0000-00-00', '0000-00-00'),
(1088292581, '0000-00-00', '0000-00-00'),
(18598051, '0000-00-00', '0000-00-00'),
(1053800432, '0000-00-00', '0000-00-00'),
(1088003280, '0000-00-00', '0000-00-00'),
(9728928, '0000-00-00', '0000-00-00'),
(18492028, '0000-00-00', '0000-00-00'),
(15959151, '0000-00-00', '0000-00-00'),
(9726942, '0000-00-00', '0000-00-00'),
(7959553, '0000-00-00', '0000-00-00'),
(1088002131, '0000-00-00', '0000-00-00'),
(9862498, '0000-00-00', '0000-00-00'),
(1116437684, '0000-00-00', '0000-00-00'),
(1088313813, '0000-00-00', '0000-00-00'),
(1113533829, '0000-00-00', '0000-00-00'),
(1088327284, '0000-00-00', '0000-00-00'),
(1112769004, '0000-00-00', '0000-00-00'),
(9697467, '0000-00-00', '0000-00-00'),
(9735423, '0000-00-00', '0000-00-00'),
(75102420, '0000-00-00', '0000-00-00'),
(1054990354, '0000-00-00', '0000-00-00'),
(18402946, '0000-00-00', '0000-00-00'),
(41912001, '0000-00-00', '0000-00-00'),
(1096646154, '0000-00-00', '0000-00-00'),
(9977165, '0000-00-00', '0000-00-00'),
(1060646253, '0000-00-00', '0000-00-00'),
(18398705, '0000-00-00', '0000-00-00'),
(1054916493, '0000-00-00', '0000-00-00'),
(10008438, '0000-00-00', '0000-00-00'),
(1057757266, '0000-00-00', '0000-00-00'),
(29435277, '0000-00-00', '0000-00-00'),
(9697804, '0000-00-00', '0000-00-00'),
(4512715, '0000-00-00', '0000-00-00'),
(42159210, '0000-00-00', '0000-00-00'),
(24398541, '0000-00-00', '0000-00-00'),
(1088245901, '0000-00-00', '0000-00-00'),
(83241316, '0000-00-00', '0000-00-00'),
(72252082, '0000-00-00', '0000-00-00'),
(75050002, '0000-00-00', '0000-00-00'),
(1088300094, '0000-00-00', '0000-00-00'),
(1104675026, '0000-00-00', '0000-00-00'),
(1059812970, '0000-00-00', '0000-00-00'),
(1088248409, '0000-00-00', '0000-00-00'),
(1096032319, '0000-00-00', '0000-00-00'),
(1088028024, '0000-00-00', '0000-00-00'),
(16232307, '0000-00-00', '0000-00-00'),
(1088021467, '0000-00-00', '0000-00-00'),
(10281008, '0000-00-00', '0000-00-00'),
(4578632, '0000-00-00', '0000-00-00'),
(1004211221, '0000-00-00', '0000-00-00'),
(9809507, '0000-00-00', '0000-00-00'),
(1114092888, '0000-00-00', '0000-00-00'),
(18403227, '0000-00-00', '0000-00-00'),
(75101610, '0000-00-00', '0000-00-00'),
(1094902525, '0000-00-00', '0000-00-00'),
(1088273174, '0000-00-00', '0000-00-00'),
(18596498, '0000-00-00', '0000-00-00'),
(1090336662, '0000-00-00', '0000-00-00'),
(10128205, '0000-00-00', '0000-00-00'),
(2680820, '0000-00-00', '0000-00-00'),
(15959842, '0000-00-00', '0000-00-00'),
(1086278089, '0000-00-00', '0000-00-00'),
(9992812, '0000-00-00', '0000-00-00'),
(94288775, '0000-00-00', '0000-00-00'),
(9727897, '0000-00-00', '0000-00-00'),
(1109298865, '0000-00-00', '0000-00-00');

-- --------------------------------------------------------

--
-- Estructura de tabla para la tabla `empleado`
--

CREATE TABLE `empleado` (
  `id_empleado` int(20) NOT NULL,
  `nombre_1` varchar(50) CHARACTER SET utf8 COLLATE utf8_spanish_ci NOT NULL,
  `nombre_2` varchar(30) CHARACTER SET utf8 COLLATE utf8_spanish_ci NOT NULL,
  `apellido_1` varchar(50) CHARACTER SET utf8 COLLATE utf8_spanish_ci NOT NULL,
  `apellido_2` varchar(30) CHARACTER SET utf8 COLLATE utf8_spanish_ci NOT NULL,
  `fecha_nacimiento` date NOT NULL,
  `ciudad_nacimiento` varchar(30) CHARACTER SET utf8 COLLATE utf8_spanish_ci NOT NULL,
  `ciudad_expedicion` varchar(30) CHARACTER SET utf8 COLLATE utf8_spanish_ci NOT NULL,
  `tipo_sangre` varchar(8) CHARACTER SET utf8 COLLATE utf8_spanish_ci NOT NULL,
  `direccion` varchar(100) CHARACTER SET utf8 COLLATE utf8_spanish_ci NOT NULL,
  `ciudad_residencia` varchar(30) CHARACTER SET utf8 COLLATE utf8_spanish_ci NOT NULL,
  `telefono` varchar(20) NOT NULL,
  `genero` varchar(15) CHARACTER SET utf8 COLLATE utf8_spanish_ci NOT NULL,
  `estado_id` int(50) NOT NULL
) ENGINE=InnoDB DEFAULT CHARSET=utf8;

--
-- Volcado de datos para la tabla `empleado`
--

INSERT INTO `empleado` (`id_empleado`, `nombre_1`, `nombre_2`, `apellido_1`, `apellido_2`, `fecha_nacimiento`, `ciudad_nacimiento`, `ciudad_expedicion`, `tipo_sangre`, `direccion`, `ciudad_residencia`, `telefono`, `genero`, `estado_id`) VALUES
(2316358, 'GERMAN', '', 'URREGO ', 'VELASQUEZ', '1966-08-22', 'PADUA ', 'PEREIRA', 'O+', 'SECTOR PEAJE LA ESTRELLA MANIZALES', 'MANIZALES', '3137897040', 'MASCULINO', 1),
(2680820, 'ALVARO', 'JAIR', 'FLOREZ', 'RENDON', '1962-04-14', 'CARTAGO', 'PEREIRA', 'B-', 'CARRERA 1J NUMERO  35 44 BARRIO JOSÉ GABRIEL CALDERÓN, CARTAGO  ', 'CARTAGO', '3165519950', 'MASCULINO', 1),
(4372275, 'ERWIN', '', 'GIRALDO', 'ACEVEDO', '1981-08-25', 'PEREIRA', 'PEREIRA', 'O+', 'MANZANA E CASA 3 BARRIO QUINTAS DE LA MARINA, ARMENIA  ', 'ARMENIA', '3217642761', 'MASCULINO', 1),
(4391851, 'ALCIBIADES', 'DE JESUS ', 'LEON', 'CARDONA', '1957-08-10', 'BELEN DE UMBRIA', 'PEREIRA', 'O+', 'MANZANA 4 CASA 26 BARRIO LA GRACIELA, DOSQUEBRADAS  ', 'PEREIRA', '3302553', 'MASCULINO', 1),
(4415933, 'ALDEMAR', '', 'GALLEGO', '', '1982-05-05', 'CHINCHINA', 'PEREIRA', 'O+', 'CARRERA A  BARRIO  NUEVO HORIZONTE ETAP', 'MANIZALES', '3143596713', 'MASCULINO', 1),
(4446750, 'RAFAEL', 'ALBERTO', 'VINASCO', 'SALDARRIAGA', '1978-05-28', 'MARMATO', 'PEREIRA', 'O+', 'BARRIO EL LLANO GUAYABITO  ', 'INACTIVO PEREIRA', '3143596713', 'MASCULINO', 2),
(4512715, 'JOHN', 'JAIRO', 'VARELA', '', '1983-10-04', 'PEREIRA', 'PEREIRA', 'B+', 'CALLE 10 NUMERO  23 14 BARRIO EL  JAPON DOSQUEBRADAS    ', 'PEREIRA', '3154495', 'MASCULINO', 1),
(4578632, 'DANIEL', '', 'PENA', 'MORALES', '1956-07-09', '0', 'PEREIRA', 'O+', 'CARRERA 15A BIS C SUR 41 03 ESTE  BARRIO BUENOS AIRES', 'PEREIRA', '3236822', 'MASCULINO', 1),
(7549474, 'EFRAIN', '', 'FANDINO', 'VELASQUEZ', '1966-03-17', 'LA TEBAIDA', 'PEREIRA', 'A+', 'MANZANA 48 CASA 30 BARRIO LA FACHADA, ARMENIA  ', 'PEREIRA', '7485213', 'MASCULINO', 1),
(7959553, 'OMAR', 'ENRIQUE', 'PADILLA', 'OLIVO', '1975-05-26', 'SAN ESTANISLAO', 'PEREIRA', 'O+', 'CARRERA 7 NUMERO  32 117 BARRIO SANTA ISABEL, DOSQUEBRADAS   ', 'PEREIRA', '3187823602', 'MASCULINO', 1),
(9697467, 'JORGE', 'IVAN', 'TORO', 'OBANDO', '1981-10-15', 'ANSERMA ', 'PEREIRA', 'O+', 'CARRERAA 9 BIS  47  28  BARRIO  VILLA ELENA', 'PEREIRA', '3143596713', 'MASCULINO', 1),
(9697804, 'JOSE', 'ASDRUBAL', 'ROJAS', 'CALLE', '1982-11-04', 'ANSERMA (CDS)', 'PEREIRA', 'O+', 'CALLE 6 BIS NUMERO 24 62 BARRIO EL JAPÓN, DOSQUEBRADAS    ', 'PEREIRA', '3148014348', 'MASCULINO', 1),
(9726942, 'JORGE', 'ELIECER', 'MEDINA', 'MONTILLA', '1980-12-07', 'ARMENIA', 'PEREIRA', 'A+', 'MANZANA E CASA 8 BARRIO ALFONSO LÓPEZ, ARMENIA  ', 'ARMENIA', '3108340890', 'MASCULINO', 1),
(9727897, 'OSCAR', 'JAVIER', 'CALENO', 'GRANADOS', '1981-04-05', 'ARMENIA', 'PEREIRA', 'O+', 'BARRIO  LA GRECIA', 'ARMENIA', '3218160520', 'MASCULINO', 1),
(9728928, 'OSCAR', 'ALBERTO', 'BERMUDEZ', 'RODRIGUEZ', '1981-10-07', 'ARMENIA', 'ARMENIA', 'A+', 'BLQ 5 APTO 102 CARRERA MARÍA CARRERAISTINA ET. 2, ARMENIA  ', 'ARMENIA', '7353912', 'MASCULINO', 1),
(9735423, 'FABIO', 'HERNAN', 'SANCHEZ', 'GARZON', '1982-04-08', 'ARMENIA', 'PEREIRA', 'O+', 'MANZANA 35 CASA 16 BARRIO SIMÓN BOLIVAR, ARMENIA  ', 'ARMENIA', '7452558', 'MASCULINO', 1),
(9809507, 'JHON', 'GEY', 'QUIGUANAS', 'CARRENO', '1976-06-14', 'GINEBRA', 'PEREIRA', 'O+', 'MANZANA 8 CASA 8 VILLA ALEJANDRA, ARMENIA  ', 'ARMENIA', '3154635971', 'MASCULINO', 1),
(9862498, 'HERNAN', 'DAVID', 'NAVARRETE', 'RAMIREZ', '1985-12-18', 'PEREIRA', 'PEREIRA', 'O+', 'CARRERA 9 NUMERO  8E 34 BARRIO KENEDY, PEREIRA  ', 'PEREIRA', '3146577403', 'MASCULINO', 1),
(9867331, 'FREIDER', 'DE JESUS', 'ATEHORTUA', 'GALLEGO', '1982-12-01', 'PEREIRA', 'PEREIRA', 'O+', 'CALLE 64B 1B 57 ETAPA C BLQ 19 APTO 1952 MIRADOR DE LLANO GRANDE PEREIRA', 'PEREIRA', '3107371080', 'MASCULINO', 1),
(9921457, 'NESTOR', 'ANGEL', 'BERMUDEZ', 'CARDENAS', '1968-12-12', '0', 'PEREIRA', '0', 'CRA 9 NUMERO 18-70 CENTRO', 'PEREIRA', '3104068880', 'MASCULINO', 1),
(9957041, 'JHON', 'FREDY', 'AGUDELO', 'YANTEN', '1974-11-12', 'PEREIRA', 'PEREIRA', 'O+', 'MANZANA 17 CASA 25   PARQUE INDUSTRIAL, PEREIRA', 'PEREIRA', '3143596713', 'MASCULINO', 1),
(9971779, 'ROGELIO', '', 'MEJIA', 'LOPEZ', '1977-12-01', 'MANIZALES', 'PEREIRA', 'O+', 'CARRERA 16A NUMERO 3 40 BARRIO LA PRADERA, VILLAMARIA  ', 'MANIZALES', '8907989', 'MASCULINO', 1),
(9977165, 'JOHNNATAN', '', 'MANRIQUE', 'TOVAR', '1984-01-17', 'MANIZALES', 'PEREIRA', 'O+', 'CARRERAA 18  4  45  BARRIO  VILLAMARIA', 'INACTIVO PEREIRA', '3143596713', 'MASCULINO', 2),
(9992812, 'LUIS', 'FERNANDO', 'CALLE', '', '1968-06-22', 'VITERBO ', 'PEREIRA', 'A+', 'MANZANA 24 CASA 3 BARRIO CAMPESTRE A, DOSQUEBRADAS  ', 'PEREIRA', '3221695', 'MASCULINO', 1),
(10008438, 'NESTOR', 'YESID', 'MARIN', 'HERRERA', '1978-10-12', 'PEREIRA', 'PEREIRA', 'O+', 'BARRIO PANORAMA 1', 'PEREIRA', '3203436238', 'MASCULINO', 1),
(10008724, 'RAMON', 'ALFONSO', 'CASTRO', 'HINCAPIE', '1978-09-16', 'PEREIRA', 'PEREIRA', 'O+', 'MANZANA 17 CASA 19 EL REMANSO PEREIRA', 'PEREIRA', '3104399606', 'MASCULINO', 1),
(10013075, 'LUIS', 'ORLAY', 'LOAIZA', 'PALACIO', '1979-11-13', 'PEREIRA', 'PEREIRA', 'O+', 'MANZANA 1 CASA 5 4TA ETAPA BOSQUES DE LA ACUARELA DOSQUEBRADAS  ', 'PEREIRA', '3137441930', 'MASCULINO', 1),
(10024793, 'YEYSON', 'EYDER', 'GIRALDO', 'OSPINA', '1975-05-05', 'PEREIRA', 'PEREIRA', 'O+', 'MANZANA 44 CASA 18 SAMARIA PEREIRA', 'PEREIRA', '3207075864', 'MASCULINO', 1),
(10127786, 'YHON', 'JAIRO', 'VELEZ', 'TORRES', '1967-11-22', 'PEREIRA', 'PEREIRA', 'A-', 'MANZANA 14 CASA 24 ET III BARRIO BOSQUES ACUARELA, DOSQUEBRADAS  ', 'PEREIRA', '3280452', 'MASCULINO', 1),
(10128205, 'ARTURO', '', 'ROTAVISTA', 'PEREZ', '1967-12-09', 'PEREIRA', 'PEREIRA', 'O-', 'MANZANA 1 CASA 8 BARRIO ALTO DE LA CAPILLA, DOSQUEBRADAS  ', 'CARTAGO', '3143596713', 'MASCULINO', 1),
(10186008, 'CESAR', 'AUGUSTO', 'MANZANO', 'DUQUE', '1978-09-09', 'PEREIRA', 'PEREIRA', 'O+', 'MANZANA 7 CASA 13 BARRIO SAMARIA I PEREIRA', 'INACTIVO PEREIRA', '3226584292', 'MASCULINO', 2),
(10263787, 'ALBEIRO', '', 'CARDONA', 'DIAZ', '1964-03-31', 'VICTORIA', 'PEREIRA', 'A+', 'CALLEB  41  63   BARRIO MALHABAR', 'INACTIVO PEREIRA', '3143596713', 'MASCULINO', 2),
(10273868, 'ENRIQUE', '', 'SALINAS ', 'MORALES', '1966-07-25', 'MANIZALES', 'PEREIRA', 'A+', 'CRA 36 NUMERO 83A 22 LUCITANIA ', 'MANIZALES', '3146748376', 'MASCULINO', 1),
(10281008, 'CESAR', 'AUGUSTO', 'SALDARRIAGA', 'VICTORIA', '1968-08-06', 'MANIZALES', 'PEREIRA', 'O+', 'VEREDA EL LLANO   BARRIO', 'INACTIVO PEREIRA', '3143596713', 'MASCULINO', 2),
(10286362, 'VICTOR ', 'FABIO', 'CELIS ', 'BUITRAGO', '1970-01-19', 'MANIZALES', 'PEREIRA', 'A+', 'LA SIRIA CASERIO LA BODEGA ', 'MANIZALES', '3136578148', 'MASCULINO', 1),
(13993559, 'JOSE', 'ALBEIRO', 'SANCHEZ', 'CASTANEDA', '1983-03-10', 'PEREIRA', 'PEREIRA', 'O+', 'CARRERAA 14   13 B  03   ZARAZAL', 'ZARZAL', '3143596713', 'MASCULINO', 1),
(14571153, 'WILMAR', 'ANDRES', 'MARIN', 'ALZATE', '1984-11-21', 'MISTRATO', 'PEREIRA', 'A+', 'CARRERAA 5A NORTE NUMERO 25 04 BARRIO VILLA JULIANA  ', 'CARTAGO', '3127322982', 'MASCULINO', 1),
(14571892, 'GERMAN', 'ANDRES', 'CUAN', 'GALLEGO', '1985-07-28', 'PEREIRA', 'PEREIRA', 'O+', 'K 26A NUMERO 2 33 MANZANA L CASA 7 SAN AGUSTIN CARTAGO', 'PEREIRA', '3226844695', 'MASCULINO', 1),
(15908017, 'LUIS', 'CARLOS', 'VALENCIA', '', '1968-04-14', 'VITER0', 'PEREIRA', 'A+', 'CRA 12 NUMERO 40-24 BUENOS AIRES', 'PEREIRA', '3216620204', 'MASCULINO', 1),
(15956575, 'CARLOS', 'ARIEL', 'CIFUENTES', 'LOAIZA', '1960-10-13', 'SALAMINA', 'PEREIRA', 'A+', 'MANZANA 27 CASA 5 20 BARRIO LA LINDA, MANIZALES  ', 'MANIZALES', '3125812348', 'MASCULINO', 1),
(15959151, 'JOSE', 'WILLIAM', 'VILLEGAS', 'ATEHORTUA', '1969-07-03', 'PEREIRA', 'PEREIRA', 'O+', 'CARRERA 33 NUMERO  49D 15 BARRIO GALICIA, MANIZALES  ', 'MANIZALES', '8881717', 'MASCULINO', 1),
(15959842, 'JOSE', 'HERIBERTO', 'MARIN', 'MARULANDA', '1971-07-04', 'SALAMINA', 'PEREIRA', 'O+', 'CARRERAA 9 NUMERO 2 49 BARRIO EMPLEADOS / SALAMINA  ', 'MANIZALES', '3136085898', 'MASCULINO', 1),
(16045186, 'RONY', 'ALEXANDER', 'VIDAL', 'MOLINA', '1985-01-29', 'CHINCHINA', 'PEREIRA', 'O+', 'MANZANA 2 CASA 34   BARRIO VILLANAVARRA', 'PEREIRA', '3143596713', 'MASCULINO', 1),
(16055698, 'DUVERNEY', '', 'NARANJO', 'OTALVARO', '1984-12-08', 'PACORA', 'PEREIRA', 'A+', 'MANZANA 6 CASA 9 BARRIO ALTOS DE SANTA MÓNICA, DOSQUEBRADAS  ', 'PEREIRA', '3307006', 'MASCULINO', 1),
(16226344, 'JAIME', 'ALBERTO', 'SOTO', 'RAMIREZ', '1971-06-08', 'CARTAGO', 'PEREIRA', 'O+', 'CALLE 8 NUMERO  9 46 BARRIO SAN NICOLAS, CARTAGO  ', 'CARTAGO', '2094974', 'MASCULINO', 1),
(16232307, 'EUGENIO', '', 'SANCHEZ', 'PAREJA', '1977-03-08', 'CARTAGO', 'PEREIRA', 'A+', 'CALLE 39  M 6 C 17   BARRIO  EL JAZMIN', 'PEREIRA', '3143596713', 'MASCULINO', 1),
(16485243, 'RAFAEL', 'ARCANGEL', 'CASTRO', 'GAVIRIA', '1965-02-06', 'LA VIRGINIA', 'PEREIRA', 'O+', 'CALLE 13 NUMERO 4A 35 BARRIO BUENOS AIRES LA VIRGINIA  ', 'PEREIRA', '3117611724', 'MASCULINO', 1),
(16627207, 'JOSE', 'NEFTALI', 'SOACHE', '', '1956-11-17', 'NATAGAIMA(TOLIMA)', 'PEREIRA', 'A+', 'MANZANA 4 CASA 28 BARRIO ALTO DE LA CAPILLA, DOSQUEBRADAS   ', 'PEREIRA', '3285628', 'MASCULINO', 1),
(18398705, 'WILLIAN', 'ALEXANDER', 'MEDINA', 'IDROBO', '1979-08-12', 'EL TAMBO (CAUCA)', 'PEREIRA', 'O+', 'CALLE 49 NUMERO 46 03 BARRIO ANTONIO NARIÑO, ARMENIA  ', 'ARMENIA', '7485692', 'MASCULINO', 1),
(18399577, 'OLANDER', '', 'GONZALEZ', 'AGUILAR', '1980-02-03', 'PEREIRA', 'PEREIRA', 'O+', 'MANZANA 28 CASA 8 VERACARRERAUZ CALARCA', 'ARMENIA', '3137311162', 'MASCULINO', 1),
(18402946, 'JHON', 'DEIBER', 'ESTRADA', 'MARTINEZ', '1985-07-30', 'VITERBO ', 'PEREIRA', 'A+', 'CARRERA 26 NUMERO 32 22 BARRIO LAS AMERICAS, CALARCÁ  ', 'ARMENIA', '3217569243', 'MASCULINO', 1),
(18403227, 'CHRISTIAN', 'EMILIO', 'VELANDIA', 'GALLEGO', '1986-01-20', 'CALARCA', 'PEREIRA', 'O+', 'MANZANA O CASA 20 BARRIO GAITAN CALARCA  ', 'ARMENIA', '7423439', 'MASCULINO', 1),
(18492028, 'JOVANNY', '', 'PUENTES', 'CARDONA', '1978-03-29', 'CALARCA', 'PEREIRA', 'O+', 'MANZANA D NUMERO34 BARRIO MIRADOR CIRCASIA  ', 'ARMENIA', '3113925918', 'MASCULINO', 1),
(18532107, 'JENRY', 'DE JESUS', 'MARTINEZ', 'MOLINA', '1976-03-06', 'APIA', 'PEREIRA', 'O+', 'CALLE 63 NUMERO 22-34 EL DIAMANTE ', 'PEREIRA', '313687945', 'MASCULINO', 1),
(18596498, 'LUIS', 'FERNANDO', 'RAMIREZ', 'GARCIA', '1970-11-13', 'SANTA ROSA DE CABAL', 'PEREIRA', 'O+', 'CARRERA 17 NUMERO 19 12 BARRIO SAN VICENTE, SANTA ROSA DE CABAL  ', 'PEREIRA', '317471775', 'MASCULINO', 1),
(18598051, 'JOSE', 'HENRY', 'CARDONA', '', '1973-06-02', 'SANTA ROSA DE CABAL', 'PEREIRA', 'O+', 'MANZANA 23 CASA 3A BARRIO PRIMAVERA AZUL, DOSQUEBRADAS  ', 'PEREIRA', '3431013', 'MASCULINO', 1),
(18598209, 'JORGE', 'WILSON', 'CARDONA', 'LOPEZ', '1973-08-11', 'CHINCHINA', 'PEREIRA', 'O+', 'MANZANA 8 CASA 32   BARRIO  PARQUE INDUSTRIAL', 'CARTAGO', '3143596713', 'MASCULINO', 2),
(18606864, 'OSCAR', 'ALBERTO', 'FLOREZ', 'VANEGAS', '1974-12-14', 'LA VIRGINIA', 'PEREIRA', 'A+', 'CALLE 12 NUMERO 2 16 BARRIO PUERTO CALDAS, PEREIRA  ', 'PEREIRA', '3206879459', 'MASCULINO', 1),
(24335922, 'LINA', 'YULIANA', 'PAREJA', 'SALAZAR', '1985-01-04', 'PEREIRA', 'PEREIRA', 'O+', 'PLAN 3 CASA 62 CAMILO TORRES DOSQUEBRADAS  ', 'PEREIRA', '3008576990', 'FEMENINO', 1),
(24398541, 'GIOVANINA', '', 'BOHORQUEZ', 'CORDOBA', '1983-10-15', 'ANSERMA (CDS)', 'PEREIRA', 'O+', 'MANZANA3 CASA3 BARRIO LOS SAUCES 3 CUBA  ', 'PEREIRA', '3134908594', 'FEMENINO', 1),
(29435277, 'MONICA', 'ALEXANDRA', 'OBANDO', 'CORDOBA', '1978-11-05', 'PEREIRA', 'PEREIRA', 'O+', 'MANZANA O CASA 8 TERRANOVA III CUBA', 'PEREIRA', '3113360911', 'FEMENINO', 1),
(30360511, 'BIBIANA', '', 'MONSALVE', '', '1982-10-16', 'TOLIMA', 'PEREIRA', 'O+', 'CALLE 719  62   BARRIO  CHINCHINA', 'ARMENIA', '3143596713', 'FEMENINO', 1),
(31412768, 'LILIANA', '', 'MOLINA', 'DELGADO', '1968-03-14', 'CALI', 'PEREIRA', 'B+', 'CARRERAA 28NUMERO46 45 FINCA BATADAN CALARCA QUINDIO  ', 'CALARCA', '3143596713', 'FEMENINO', 1),
(41912001, 'AMANDA', 'PATRICIA', 'OCAMPO', 'CARO', '1966-11-22', 'ARMENIA', 'PEREIRA', 'O+', 'MANZANA 25 CASA 3 BARRIO PTO ESPEJO ARMENIA  ', 'ARMENIA', '7327605', 'FEMENINO', 1),
(42144878, 'JOANNA', '', 'JARAMILLO', 'COLORADO', '1981-05-18', 'PEREIRA', 'PEREIRA', 'O+', 'CALLE 26B NUMERO 13B 24 NUEVO MEXICO PEREIRA', 'PEREIRA', '3235910580', 'FEMENINO', 1),
(42159210, 'SANDRA', 'MILENA', 'CALDERON', 'GIRALDO', '1984-07-06', 'PEREIRA', 'PEREIRA', 'O+', 'MANZANA 3 CASA 32   BARRIO  EL DORADO (CUBA)', 'PEREIRA', '2634068', 'FEMENINO', 1),
(70879643, 'JAVIER', '', 'PEREIRA', 'MARTINEZ', '1985-04-15', 'PEREIRA', 'PEREIRA', 'O+', 'MANZANA 5 CASA 2 LOS QUINDIOS ARMENIA', 'INACTIVO PEREIRA', '3128660783', 'MASCULINO', 2),
(72252082, 'JADER', 'ANDRES', 'BOHORQUEZ', 'GALEANO', '1980-07-23', 'MEDELLIN', 'PEREIRA', 'A+', 'MANZANA 10 CASA 31 BARRIO 2500 LOTES (COMUNIDAD LOS HEROES ALTOS) CUBA. PEREIRA  ', 'PEREIRA', '3182733632', 'MASCULINO', 1),
(75033492, 'JUAN', 'CARLOS', 'PEREZ', '', '1971-06-11', 'MANIZALES', 'PEREIRA', 'O+', 'CALLE 61NUMERO32E 06 BARRIO FATIMA  ', 'MANIZALES', '3108211262', 'MASCULINO', 1),
(75050002, 'JOSE', 'HUMBERTO', 'DUQUE', 'AGUIRRE', '1977-10-06', 'AGUADAS', 'PEREIRA', 'O+', 'CARRERAA 22  8   42   BARRIO  EL JAPON', 'PEREIRA', '3143596713', 'MASCULINO', 1),
(75077610, 'RICARDO', '', 'GONZALEZ', 'PINEDA', '1975-06-15', 'MANIZALES', 'PEREIRA', 'O+', 'CALLE 69 CASA 31   BARRIO  ZAFIRO', 'INACTIVO PEREIRA', '3143596713', 'MASCULINO', 2),
(75079795, 'CARLOS', 'IVAN', 'LOPEZ', 'MARULANDA', '1976-03-12', 'MANIZALES', 'PEREIRA', 'A+', 'CARRERA 12B NUMERO 48 43 BARRIO EL CARIBE, MANIZALES  ', 'MANIZALES', '3116334058', 'MASCULINO', 1),
(75081513, 'JOSE ', 'ELKIN', 'HUIGITA ', 'CARDONA', '1976-09-16', 'MANIZALES', 'PEREIRA', 'O-', 'CRA 31 NUMERO101-29 LA ENEA', 'MANIZALES', '3216473439', 'MASCULINO', 1),
(75084858, 'HECTOR ', 'MAURICIO', 'ARANGO ', 'NARANJO', '1976-12-15', 'MANIZALES', 'PEREIRA', 'O+', 'CALLE 43 3 23-32 manizales', 'MANIZALES', '3145555797', 'MASCULINO', 1),
(75085511, 'JHON', 'JAMES', 'RAMIREZ', '', '1977-10-26', 'PEREIRA', 'PEREIRA', 'O+', 'CARRERAA 9A NUMERO50A 61 COMUNEROS MANIZALES', 'MANIZALES', '3116092509', 'MASCULINO', 1),
(75101610, 'JESUS', 'ASDRUBAL', 'SANCHEZ', 'MORALES', '1984-05-28', 'PEREIRA', 'PEREIRA', 'O+', 'MZ 24 CS 7 POBLADO 2 PEREIRA', 'PEREIRA', '3128492274', 'MASCULINO', 1),
(75102420, 'HERMAN', 'DARIO', 'GARCIA', 'CASTANO', '1983-03-29', '0', 'PEREIRA', '0', 'CALLE 26 NUMERO  10 30 BARRIO EL JAZMÍN, MANIZALES  ', 'INACTIVO PEREIRA', '8838175', 'MASCULINO', 2),
(75143474, 'WILSON', '', 'FLOREZ', 'MONTES', '1972-04-08', 'SANTA ROSA DE CABAL', 'PEREIRA', 'A+', 'CALLE 51 NUMERO 51 5', 'PEREIRA', '3133236497', 'MASCULINO', 1),
(75144459, 'JOSE', 'UBALDO', 'CARDENAS', 'ORREGO', '1974-01-21', 'CHINCHINA', 'PEREIRA', 'O-', 'MANZANA 11 CASA 27 PARQUE INDUSTRIAL SECTOR D  ', 'PEREIRA', '3113683178', 'MASCULINO', 1),
(75146518, 'JORGE', 'HERNAN', 'ARBOLEDA', 'GRISALES', '1977-12-29', 'CHINCHINA', 'PEREIRA', 'O+', 'MANZANA 11 CASA 24 BARRIO CAMPESTRE A, DOSQUEBRADAS  ', 'PEREIRA', '3220669', 'MASCULINO', 1),
(83241316, 'YHON', 'FREDY', 'BURITICA', 'ROJAS', '1976-05-24', 'LA ARGENTINA (HUILA)', 'PEREIRA', 'B+', '   BARRIO  CUBA LA ACUARELA', 'PEREIRA', '3214218483', 'MASCULINO', 1),
(89004457, 'JOSE', 'HERIBERTO', 'MORA', 'ERAZO', '1976-01-20', 'ARMENIA', 'PEREIRA', 'B+', 'MANZANA 13 CASA 8  BARRIO LOS QUINDOS, ARMENIA  ', 'ARMENIA', '3116209481', 'MASCULINO', 1),
(93383597, 'CARLOS', 'ALBERTO', 'MARTINEZ', 'ACOSTA', '1971-05-11', 'IBAGUE', 'PEREIRA', 'O+', 'MANZANA 17 CASA 31 SAMARIA ', 'PEREIRA', '3192847402', 'MASCULINO', 1),
(94288775, 'ROBINSON', '', 'ROMAN', 'QUINTERO', '1984-04-21', 'GENOVA', 'PEREIRA', 'O+', 'MANZANA 18 CASA 22   BARRIO  EL REMANSO', 'PEREIRA', '3143596713', 'MASCULINO', 1),
(94310956, 'EDUAR', '', 'GIRALDO', 'OSORIO', '1971-06-03', 'ZARZAL', 'PEREIRA', 'A+', 'MANZANA 2 CASA 3 BARRIO LA GRACIELA, DOSQUEBRADAS  ', 'PEREIRA', '3300770', 'MASCULINO', 1),
(94393066, 'YERMAIN', '', 'MADRID', 'GIL', '1976-04-25', 'TULUA', 'PEREIRA', 'O+', 'CALLE 910  55   BARRIO  BELEN', 'RIOFRÍO', '3143596713', 'MASCULINO', 1),
(94463013, 'DIEGO', 'ALBERTO', 'CORREA', '', '1981-12-02', 'CAICEDONIA ', 'PEREIRA', 'O+', 'CARRERAA 13  8  40   BARRIO  LAS AMERICAS', 'ARMENIA', '3143596713', 'MASCULINO', 1),
(94533834, 'JOHN', 'ALEXANDER', 'PRADA', 'MENDOZA', '1978-07-01', 'ARMENIA', 'PEREIRA', 'A+', 'MANZANA 7 CASA 5 BARRIO CIUDAD DORADA, ARMENIA  ', 'ARMENIA', '3116280028', 'MASCULINO', 1),
(1004211221, 'BALMIRO', 'DE JESUS', 'OROZCO', 'BOLANOS', '1992-04-04', 'PEREIRA', 'PEREIRA', 'O+', 'CARRERAA 15 NUMERO9 42 BERDUM 1 ETAPA CHINCHINA', 'MANIZALES', '3106559065', 'MASCULINO', 1),
(1053791943, 'JOHN', 'FELIX', 'CUTA', 'CASTRO', '1988-08-12', 'MANIZALES', 'PEREIRA', 'O+', 'CALLE 65HNUMERO 41 53 LAS COLINAS MANIZALES  ', 'MANIZALES', '3114888221', 'MASCULINO', 1),
(1053794211, 'VICTOR', 'ALFONSO', 'OSORIO', 'VARGAS', '1989-04-13', 'MANIZALES', 'PEREIRA', 'O+', '   BARRIO  VEREDA CUEVA SANTA', 'MANIZALES', '3113732431', 'MASCULINO', 1),
(1053800432, 'JULIAN', 'DAVID', 'GARCIA', 'ORTEGON', '1990-01-11', 'PEREIRA', 'PEREIRA', 'O+', 'CARRERAA 25 NUMERO 11B EL BOSQUE MANIZALES', 'PEREIRA', '3177642117', 'MASCULINO', 1),
(1054916493, 'MONICA', 'MARIA', 'CARDONA', 'SALDARRIAGA', '1986-03-10', 'ANSERMA', 'PEREIRA', 'O+', 'CALLEL 32 NUMERO  10 10 APTO 1 GUADALUPE DOSQUEBRADAS    ', 'PEREIRA', '3127169613', 'FEMENINO', 1),
(1054990354, 'JHON', 'FERNANDO', 'TORRES', 'LONDONO', '1989-10-24', 'PALESTINA', 'PEREIRA', 'O+', 'CALLEL 65 NUMERO 33 05 FATIMA MANIZALES', 'MANIZALES', '3145697076', 'MASCULINO', 1),
(1057757266, 'JHON', 'EDUARD', 'SANCHEZ', 'LONDONO', '1989-06-04', 'BELACAZAR', 'PEREIRA', 'A+', 'MANZANA 15  C 10 B   BARRIO  PRIMAVERA  AZUL', 'PEREIRA', '3143596713', 'MASCULINO', 1),
(1059785331, 'JOHAN', 'SEBASTIAN', 'VALENCIA', 'CARVAJAL', '1990-04-26', 'MANIZALES', 'PEREIRA', 'O+', 'CARRERA 33B    99A 42   BARRIO  LA ENEA, MANIZALES', 'MANIZALES', '3105942290', 'MASCULINO', 1),
(1059812970, 'UBEIMAR', '', 'LOPEZ', 'AMAYA', '1992-07-23', 'SALAMINA (CDS)', 'PEREIRA', 'A+', 'KR 10    54 22   BARRIO  ALTO VILLA HERMOSA', 'MANIZALES', '3015266211', 'MASCULINO', 1),
(1060590364, 'MICHAEL', 'ANDERSON', 'SUAZA', 'REYES', '1990-06-01', 'ITAGUI', 'PEREIRA', 'O+', 'PUERTO NUEVO LA FELISA  ', 'INACTIVO PEREIRA', '3143596713', 'MASCULINO', 2),
(1060646253, 'JORGE', 'ARMANDO', 'HURTADO', 'RENDON', '1986-07-20', 'VILLAMARÍA', 'PEREIRA', 'A+', 'CALLE 3ANUMERO19 20  LOS CEREZOS VILLA MARIA CALDAS  ', 'MANIZALES', '3212284856', 'MASCULINO', 1),
(1061624208, 'WILLIAM', 'ANDRES', 'GONZALEZ', 'RIOS', '1986-09-06', 'LA VIRGINIA', 'PEREIRA', 'O+', 'MANZANA B CASA 10 BARRIO VILLA ASIS, PALESTINA, CALDAS  ', 'MANIZALES', '3146788062', 'MASCULINO', 1),
(1061624498, 'SERVILIO', '', 'CAMACHO', 'PINEDA', '1988-01-18', 'PEREIRA', 'PEREIRA', 'O+', 'MANZANA 6 CASA 12 LA HACIENDA CUBA PEREIRA', 'PEREIRA', '3107857782', 'MASCULINO', 1),
(1061625000, 'JUAN', 'GABRIEL', 'MORALES', 'VALENCIA', '1989-11-27', 'ARMENIA', 'PEREIRA', 'O+', 'CALLE 17 NUMERO  18 40 BARRIO LOS AGUSTINOS, MANIZALES  ', 'MANIZALES', '3206269440', 'MASCULINO', 1),
(1086136367, 'JHON', 'ANDRES', 'MONTOYA', 'SOTO', '1991-05-19', 'PEREIRA', 'PEREIRA', 'O+', 'CALLE 17 NUMERO 24 29 CIUDAD JARDIN PEREIRA', 'PEREIRA', '3178683909', 'MASCULINO', 1),
(1086278089, 'ALVARO', 'DIEGO', 'ECHEVERRI', 'QUICENO', '1986-08-21', 'JARDIN(ANTIOQUIA)', 'PEREIRA', 'O+', 'CARRERA 7° NUMERO  6 63 BARRIO VILLAVICENCIO, PEREIRA  ', 'PEREIRA', '3458660', 'MASCULINO', 1),
(1088002131, 'LEIDY', 'JOHANA', 'SANCHEZ', 'ORTIZ', '1990-02-22', 'DOSQUEBRADAS ', 'PEREIRA', 'A+', 'CALLE 23   19  81   BARRIO  LA PRADERA', 'PEREIRA', '3143596713', 'FEMENINO', 1),
(1088003280, 'EVERARDO', 'ANTONIO', 'MORALES', 'CARDONA', '1990-06-20', 'RIOSUCIO', 'PEREIRA', 'O+', 'PLAN 3 ZONA 7 CASA 80   BARRIO  CAMILO TORRES', 'PEREIRA', '3143596713', 'MASCULINO', 1),
(1088021467, 'SARA', 'CAMILA', 'MONTOYA', 'MANRIQUE', '1995-02-14', 'DOSQUEBRADAS ', 'PEREIRA', 'O-', 'CARRERAA 29  10  52   BARRIO  OCARINA', 'PEREIRA', '3143596713', 'FEMENINO', 1),
(1088028024, 'ALBA', 'MARCELA', 'PINEDA', 'BEDOYA', '1996-08-12', 'PEREIRA', 'PEREIRA', 'O+', 'CASA 18 BARRIO VERACARRERAUZ DOSQUEBRADAS  ', 'PEREIRA', '3154089538', 'FEMENINO', 1),
(1088238927, 'RONALD ', '', 'MACHADO', 'GOMEZ', '1984-10-30', 'BAGADÓ', 'PEREIRA', 'A+', 'CARRERAA 8  NUMERO  78 75 BARRIO', 'PEREIRA', '3103979030', 'MASCULINO', 1),
(1088245901, 'JESSICA ', '', 'GIRALDO', 'OROZCO', '1986-11-27', 'PEREIRA', 'PEREIRA', 'A+', 'M    1C 12   BARRIO  BARRIOISAS DEL CONSOTA', 'PEREIRA', '3146476411', 'FEMENINO', 1),
(1088248409, 'LEANDRO', 'ALEXANDER', 'RAMIREZ', 'SALAZAR', '1987-01-04', 'PEREIRA', 'PEREIRA', 'A+', 'KR 41A    63 06   BARRIO  NORMANDIA', 'PEREIRA', '3127861935', 'MASCULINO', 1),
(1088256244, 'YESID', 'LEANDRO', 'MARQUEZ', 'PRADILLA', '1988-01-07', 'PEREIRA', 'SOLTERO', 'A+', 'AV 30 AGOSTO 42-15', 'PEREIRA', '3148707167', 'MASCULINO', 1),
(1088273174, 'PAULA', 'ANDREA', 'JIMENEZ', 'MONTOYA', '1989-10-12', 'PEREIRA', 'PEREIRA', 'O-', 'CALLE 64B 1B 57 ETAPA C BLQ 16 APTO 1654 MIRADOR DE LLANO GRANDE PEREIRA', 'PEREIRA', '3123112961', 'FEMENINO', 1),
(1088292581, 'GUSTAVO', 'ADOLFO', 'LOPEZ', 'GAONA', '1991-09-15', 'GENOVA', 'PEREIRA', 'B+', 'MANZANA 20 CASA 50 LAS MERCEDES CUBA  ', 'PEREIRA', '3405848', 'MASCULINO', 1),
(1088300094, 'OSCAR', 'IVAN', 'CALLE', 'ORTIZ', '1992-07-02', 'PEREIRA', 'PEREIRA', 'O+', 'av 30 de agosto 42 15', 'PEREIRA', '3143596713', 'MASCULINO', 1),
(1088313813, 'YEISON', 'ALEXANDER', 'MORALES', 'GUARUMO', '1993-12-17', 'PEREIRA', 'PEREIRA', 'O+', 'MANZANA 9 CASA 196 BARRIO SAN MARCOS CUBA  ', 'PEREIRA', '3234107', 'MASCULINO', 1),
(1088321795, 'MARIO', 'ALEJANDRO', 'MARULANDA', 'SERNA', '1994-10-27', 'MARSELLA', 'PEREIRA', 'B+', 'MANZANA 10 CASA 22 PARQUE INDUSTRIAL  ', 'PEREIRA', '3226466781', 'MASCULINO', 1),
(1088327284, 'ERIK', 'SANTIAGO', 'ZAPATA', 'CANDELA', '1995-06-16', 'PEREIRA', 'PEREIRA', 'O+', 'CARRERAA 31A NUMERO 71 34 LOS SAUCES', 'PEREIRA', '3207448232', 'MASCULINO', 1),
(1089746531, 'MISCIO', '', 'RODAS', 'SANCHEZ', '1992-06-30', 'PEREIRA', 'PEREIRA', 'O+', 'TRANSVERSAL 6 NUMERO 17 22 CENTRO LA VIRGINIA', 'PEREIRA', '3106591563', 'MASCULINO', 1),
(1090336662, 'JHON', 'FABER', 'MONCADA', 'BECERRA', '1994-01-08', 'PEREIRA', 'PEREIRA', 'O+', 'CUBA LA PLAYITA', 'PEREIRA', '3108418905', 'MASCULINO', 1),
(1093215267, 'JORGE', 'HERNAN', 'CARVAJAL', 'SERNA', '1988-02-03', 'ALCALA', 'PEREIRA', 'A+', 'MANZANA 1 CASA 74, EL ACUARIO,PEREIRA', 'PEREIRA', '3225014701', 'MASCULINO', 1),
(1094882530, 'LUIS', 'CARLOS', 'CARDENAS', 'DUQUE', '1986-04-10', 'FILANDIA', 'PEREIRA', 'O+', 'MANZANA 24 CASA 5 BARRIO LOS QUINDOS, ARMENIA  ', 'ARMENIA', '3163894526', 'MASCULINO', 1),
(1094902525, 'JUAN', 'DAVID', 'VILLABONA', 'HERNANDEZ', '1989-01-25', 'ARMENIA', 'PEREIRA', 'B+', 'MANZANA F CASA 1 BARRIO CENTENARIO, ARMENIA  ', 'ARMENIA', '3137743724', 'MASCULINO', 1),
(1094911267, 'FABER', '', 'CHAMORRO', 'ACEVEDO', '1990-01-25', 'ARMENIA', 'PEREIRA', 'O-', 'MANZANA Ñ CASA 18 ET 1 BARRIO VILLA CAROLINA, ARMENIA  ', 'ARMENIA', '7407719', 'MASCULINO', 1),
(1096032319, 'CAROLINA', '', 'DUQUE', 'TABARES', '1986-08-04', 'BUENAVISTA (QUINDIO)', 'PEREIRA', 'O+', 'MANZANA 42 CASA 7 NUEVA TEBAIDA  ', 'ARMENIA', '3102079554', 'FEMENINO', 1),
(1096645342, 'RODRIGO', 'ANDRES', 'TURRIAGO', 'PATINO', '1988-09-06', 'PEREIRA', 'PEREIRA', 'O+', 'MANZANA 21 CASA 15 PARQUE INDISTRIAL PEREIRA', 'PEREIRA', '3212559038', 'MASCULINO', 1),
(1096646154, 'JUAN', 'DAVID', 'BRIJALBA', 'GUERRERO', '1994-08-31', 'FILANDIA', 'PEREIRA', 'O+', 'CALLE 31  7  33   BARRIO  LAS MERCEDES', 'PEREIRA', '3143596713', 'MASCULINO', 1),
(1097729714, 'CAROLINA', '', 'HINCAPIE', 'RIOS', '1997-06-30', 'ARMENIA ', 'PEREIRA', 'O+', 'CALLE 13  5  12   BARRIO  MONTENEGRO', 'MANIZALES', '3143596713', 'FEMENINO', 1),
(1104675026, 'JORGE', 'ULISES', 'AGUIRRE', 'GONZALEZ', '1991-09-17', 'HERVEO', 'PEREIRA', 'AB+', 'MZ 3 CS 5 BR VILLANUEVA, HERVEO', 'MANIZALES', '3187309004', 'MASCULINO', 1),
(1109293858, 'CAMILO', 'ANDRES', 'LADINO', 'GIL', '1988-09-15', 'ARMENIA', 'PEREIRA', 'O+', 'CARRERAA 13 NUMERO4 103 BARRIO EL TOPACIO MANIZALES  ', 'MANIZALES', '3206176873', 'MASCULINO', 1),
(1109296032, 'OSCAR', 'ADOLFO', 'LONDONO', 'OSORIO', '1990-09-29', 'FRESNO', 'PEREIRA', 'O+', 'CALLE 2 CON CARRERA 5 FRESNO', 'FRESNO', '3102251497', 'MASCULINO', 1),
(1109298865, 'JUAN', 'SEBASTIAN', 'LONDONO', 'OSORIO', '1994-12-22', 'PEREIRA', 'PEREIRA', 'O+', 'VEREDA AGUADITA CASA 106 FRESNO TOLIMA  ', 'MANIZALES', '3137553716', 'MASCULINO', 1),
(1112302799, 'CESAR', 'AUGUSTO', 'SUAREZ', 'SERNA', '1996-02-09', 'PEREIRA', 'PEREIRA', 'O+', 'CRA 10 A NUMERO 8A12R- PINAL DEL RIO', 'INACTIVO PEREIRA', '3232877019', 'MASCULINO', 2),
(1112761152, 'EDGAR', 'ANTONIO', 'ACEVEDO', 'DIAZ', '1987-01-26', 'CARTAGO', 'PEREIRA', 'O+', 'MANZANA C 5   BARRIO  EL POBLADO', 'CARTAGO', '3143596713', 'MASCULINO', 1),
(1112763778, 'WILMER', 'FABIAN', 'ESTRADA', 'ARCE', '1988-03-10', 'PEREIRA', 'PEREIRA', 'O+', 'CARRERA 4 NUMERO 1 59 PUERTO CALDAS PEREIRA', 'PEREIRA', '3114121208', 'MASCULINO', 1),
(1112769004, 'YUDITH', 'ANDREA', 'ZAPATA', 'RIOS', '1990-01-07', 'CARTAGO', 'PEREIRA', 'O+', 'CALLE 66 BIS 27 BIS 19 CUBA', 'PEREIRA', '3128347120', 'FEMENINO', 1),
(1112770431, 'CRISTIAN', 'CAMILO', 'RENDON', 'RESTREPO', '1990-06-19', 'CARTAGO', 'PEREIRA', 'A+', 'CARRERAA 16  15  15   BARRIO  REPUBLICA', 'CARTAGO', '3143596713', 'MASCULINO', 1),
(1112780067, 'CAMILO', '', 'ECHEVERRY', 'RIOS', '1993-10-03', 'PEREIRA', 'PEREIRA', 'O+', 'av 30 de agosto 42 15', 'CARTAGO', '3143596713', 'MASCULINO', 1),
(1112784664, 'BRAYHAN', 'STEEVEN', 'VALDES', 'MEDINA', '1995-05-10', 'CARTAGO', 'PEREIRA', 'O+', 'CARRERA 22    18 17   BARRIO  TRUJILLO', 'RIOFRÍO', '3143596713', 'MASCULINO', 1),
(1112785487, 'DANIELA', '', 'CARMONA', 'ARIAS', '1998-04-17', 'PEREIRA', 'PEREIRA', 'O+', 'CALLE 45B NUMERO 3 60 SANTA ANA CARTAGO', 'CARTAGO', '3187981168', 'FEMENINO', 1),
(1113512846, 'HAROLD', 'AUGUSTO', 'HOYOS', 'CASTRO', '1986-01-28', 'PEREIRA', 'PEREIRA', 'O+', 'CARRERAA 8 NUMERO 14A 19 PROGRESAR 1 CHINCHINA', 'MANIZALES', '3002268695', 'MASCULINO', 1),
(1113533829, 'KARINA', '', 'ORTIZ', 'RINCON', '1995-12-11', 'PALMIRA', 'PEREIRA', 'A+', 'MANZANA 43 CASA 12  2500 LOTES', 'PEREIRA', '3219573793', 'FEMENINO', 1),
(1113779033, 'JULIETH', '', 'RODRIGUEZ', 'CORREA', '1986-07-12', 'BOLIVAR ', 'PEREIRA', 'A+', 'CARRERA 14  13 B  03   BARRIO  ZARZALITO', 'ZARZAL', '3143596713', 'FEMENINO', 1),
(1114092888, 'JHOAN', 'STIVEN', 'GALVIS', 'ORREGO', '1993-01-14', 'CARTAGO', 'PEREIRA', 'A+', 'CARRERAA 17CNUMERO7 20 EL ROSARIO CARTAGO  ', 'PEREIRA', '3217944228', 'MASCULINO', 1),
(1114120754, 'JHONATAN', '', 'GORDILLO', 'CASTANEDA', '1992-08-06', 'BOLIVAR ', 'PEREIRA', '0', 'CORREGIMIENTO DE ROBLEDO   BARRIO SILOE', 'RIOFRÍO', '3143596713', 'MASCULINO', 1),
(1114399115, 'JESUS', 'HOMERO', 'ENRIQUEZ', 'CUNDAR', '1991-10-24', 'PEREIRA', 'PEREIRA', 'O+', 'CARRERA 15 NUMERO 705 COROSITO PEREIRA', 'PEREIRA', '3123845661', 'MASCULINO', 1),
(1116264342, 'CARLOS', 'ANDRES', 'RODAS', 'MARIN', '1994-05-15', 'BOLIVAR ', 'PEREIRA', 'A+', 'BARRIO HUASANO', 'RIOFRÍO', '3143596713', 'MASCULINO', 1),
(1116437684, 'ANDRES', 'ADOLFO', 'TORRES', 'GARCIA', '1989-12-04', 'CARTAGO ', 'PEREIRA', 'A+', 'CARRERA  8NUMERO2 27 BELLAVISTA CARTAGO  ', 'CARTAGO', '3217185222', 'MASCULINO', 1),
(1116726252, 'FRANCISCO', 'JAVIER ', 'GRISALES', '', '1993-02-17', 'CARTAGO', 'PEREIRA', 'O+', 'FINCA BUENOS AIRES/ ROCIO  ', 'PEREIRA', '3106922046', 'MASCULINO', 1),
(1121820045, 'LUIS', 'EDUARDO', 'CARO', 'ORJUELA', '1986-04-29', 'PEREIRA', 'PEREIRA', 'O+', 'CALLE 56A NUMERO 18 37 SAN DIEGO DOSQUEBRADAS  ', 'PEREIRA', '3203165708', 'MASCULINO', 1),
(1143946915, 'ANDRES', 'MAURICIO', 'RESTREPO', 'IDARRAGA', '1992-04-24', 'RISARALDA', 'PEREIRA', 'O+', 'CALLE 31  0  94  MANIZALES', 'INACTIVO PEREIRA', '3143596713', 'MASCULINO', 2),
(1193563395, 'JIMMY', 'ALEJANDRO', 'VILLA', 'AGUDELO', '1995-08-03', 'PEREIRA', 'PEREIRA', 'O+', 'VEREDA SANTA ANA DOSQUEBRADAS  ', 'PEREIRA', '3144055642', 'MASCULINO', 1),
(1225090556, 'VICTOR', 'FABIAN', 'GALEANO', 'GONZALEZ', '1993-12-20', 'PEREIRA', 'PEREIRA', 'O+', 'MANZANA 27 CASA S25 CUBA PEREIRA', 'PEREIRA', '3461834', 'MASCULINO', 1);

-- --------------------------------------------------------

--
-- Estructura de tabla para la tabla `entidad`
--

CREATE TABLE `entidad` (
  `id_entidad` int(100) NOT NULL,
  `tipo_entidad` varchar(100) NOT NULL,
  `nombre_entidad` varchar(100) NOT NULL
) ENGINE=InnoDB DEFAULT CHARSET=utf8;

--
-- Volcado de datos para la tabla `entidad`
--

INSERT INTO `entidad` (`id_entidad`, `tipo_entidad`, `nombre_entidad`) VALUES
(1, '1', '1'),
(11, 'EPS', 'EPS SALUD TOTAL S.A. EPS ARS'),
(17, 'CCF', 'CCF COMFAMA'),
(22, 'EPS', 'EPS COMPAÑIA SURAMERICANA DE SERVICIOS D'),
(26, 'AFP', 'PROTECCION FONDO DE PENSIONES OBLIGATORI'),
(37, 'AFP', 'COLFONDOS'),
(46, 'CCF', 'CCF RISARALDA'),
(47, 'AFP', 'PORVENIR'),
(53, 'BAN', 'BANCOLOMBIA S.A.'),
(58, 'BAN', 'RED MULTIBANCA COLPATRIA S.A.'),
(73, 'BAN', 'CITIBANK COLOMBIA (ACH)'),
(74, 'AFP', 'Colpensiones'),
(75, 'EPS', 'Nueva EPS'),
(84, 'ARP', 'SEGUROS DE VIDA COLPATRIA S.A.'),
(86, 'EPS', 'EPS CAFESALUD EPS'),
(89, 'EPS', 'EPS FAMISANAR LTDA. CAFAM COLSUBSIDIO'),
(90, 'CCF', 'CCF COLSUBSIDIO'),
(96, 'CCF', 'CCF COMFENALCO DEL TOLIMA'),
(99, 'CCF', 'CCF CONFAMILIARES'),
(107, 'EPS', 'EPS SANITAS S.A.'),
(112, 'EPS', 'EPS SERVICIO OCCIDENTAL DE SALUD S.A. S.'),
(115, 'CCF', 'CCF COMFENALCO QUINDIO'),
(120, 'CCF', 'CCF VALLE DEL CAUCA'),
(123, 'EPS', 'EPS COOMEVA EPS S.A.'),
(129, 'EPS', 'EPS SSS NUEVA EPS'),
(130, 'EPS', 'Fosyga'),
(135, 'EPS', 'ASMET SALUD'),
(136, 'AFC', ' PROTECCION'),
(137, 'AFC', 'PORVENIR'),
(138, 'AFP', 'COLFONDOS'),
(139, 'AFC', 'FONDO NACIONAL DEL AHORRO'),
(140, 'AFC', 'OLD MUTUAL PENSIONES Y CESANTIAS'),
(141, 'AFC', 'COLFONDOS'),
(463, 'EPS', 'Medimás EPS S.A.S.');

-- --------------------------------------------------------

--
-- Estructura de tabla para la tabla `estado`
--

CREATE TABLE `estado` (
  `id_estado` int(50) NOT NULL,
  `descripcion` varchar(100) NOT NULL,
  `motivo` varchar(100) NOT NULL
) ENGINE=InnoDB DEFAULT CHARSET=utf8;

--
-- Volcado de datos para la tabla `estado`
--

INSERT INTO `estado` (`id_estado`, `descripcion`, `motivo`) VALUES
(1, 'ACTIVO', ''),
(2, 'INACTIVO', '');

-- --------------------------------------------------------

--
-- Estructura de tabla para la tabla `modalidad`
--

CREATE TABLE `modalidad` (
  `id_modalidad` int(50) NOT NULL,
  `descripcion` varchar(50) NOT NULL
) ENGINE=InnoDB DEFAULT CHARSET=utf8;

--
-- Volcado de datos para la tabla `modalidad`
--

INSERT INTO `modalidad` (`id_modalidad`, `descripcion`) VALUES
(1000, '24HP 6A18 18A6 (6X1)'),
(1001, '24HP 6A18 18A6 (5X5)'),
(1004, '24HP 6A18 18A6 (2X2)(FISCALIA-COCA COLA)'),
(1005, '24H 06:00A18:00  - 18:00A06:00 LAV'),
(1006, '24HP 6A18 18A6 (5X5) FLEXIBILIZADO'),
(1007, '24HP 6A18 18A6 (5X5) EPM (FLEXIB.)'),
(1009, '24HP 6A18 18A6 (5X5X2)'),
(1012, '24HP 6A18 18A6 (5X2)'),
(1014, '24HP 6A14 14A22 22A06(TRIPLETA)'),
(1015, '24HP 6A14 14A22 22A06'),
(1017, '24HP 6A18 18A6 (3X3X3)(ANTIGUA CONTRATA)'),
(1018, '24HP 6A14 14A22 22A06'),
(1022, '24HP 6A18 18A6 (7X3 CERREJON)'),
(1027, '24HP 7A19 19A7 (7X5X2)'),
(1031, '24HP 5A13 13A21 21A5 (3R)'),
(1033, '24HM 7A19 19A7DV - 22HM 7A17 19A7S'),
(1035, '24HM 6A18 18A6 LS'),
(1036, '24HM 6A18-18A6 SDYF-12H18A 6 V BANCO POP'),
(1038, '24HM 6A18 - 18A6 LAV  8HD 6:00 A 14:00 S'),
(1041, '24HM 06:00A18:00 - 18:00A06:00 LAS,F'),
(1042, '24HM 6A18-18A06 S,D,F CDA AUTOMAS'),
(1043, '24H V-S-D-F'),
(1044, '24H 06A14 - 14A22 -22A6 LS'),
(1045, '24HP 06A14 - 14A22 -22A6 LS (ROTA)'),
(1050, '24HP 6A18 18A6 (6X6X3)'),
(1052, '24HP 6A18 18A6 (6X1X6X1)'),
(1055, '24HP 6A18 18A6 5X5X2'),
(1056, '24HP 6A14 - 14A22 -22A6(TRIPLETA)'),
(1058, '24HP 6A18 18A6 4X1-4X2'),
(1059, '24HP 6A18 18A6 (6X2-6X2)'),
(1061, '24HP 6A18 18A6 3X3X1'),
(1062, '24HP 6A14 - 14A22 -22A6(TRIPLETA 2)'),
(1065, '24HP 6A14 14A22 22A06(TRIPLETA3G)'),
(1066, '24HP 6A18 18A6 (5X1X7X1) PLANA'),
(1068, '24HP 06:00 A 18:00 - 18:00 A 06:00'),
(1073, '24HP 6A18 18A06(7X5X2)'),
(1074, '24HP 6A18 18A6 (7X6x1)'),
(1076, '24HP 6A18-18A6 5x2 OPAIN PLAN'),
(1077, '24HP 5A13-13A21-21A5 OPAIN PLANA DIA'),
(1078, '24HP 6A18 18A6 (2X2) OPAIN PLANA'),
(1079, '24HP 5A13-13A21-21A5 OPAIN PLANA TARDE'),
(1080, '24HP 5A13-13A21-21A5 OPAIN PLANA NOCHE'),
(1081, '24HP 6A14  14A22  22A06 (ECOPETROL)'),
(1083, '24HP 6A18 18A6 (3X3X3) CERREJON'),
(1084, '24HP 6A18 -18A6 (2X2) PROMIGAS - NUEVA E'),
(1086, '24HP 6A14 14A22 22A06 (2X2X2X1) OCENSA'),
(1087, '24HP 14A22 6A14 22A6 (2X2X2X1) OCENSA'),
(1088, '24HP 6A14 14A22 22A06 (TRIPLETA ASOBANC)'),
(1090, '24HP 6A18 18A6 (6X1)SUPER M GARANTIZADOS'),
(1092, '24HP 6A18 18A6 (6X1) (NÓMINA PLANA)'),
(1102, '24HP 6A18 18A6 4X4X2 SUPERVISORES MOTO'),
(1103, '24HP 6A18 18A6 3X3X1 GARANTIZADO MOTO'),
(1104, '24HP 6A18 18A6 (7X6) SUPERVISORES MOTO'),
(1105, '24HP 6A18 18A6 6X2X6X2'),
(1111, '24HP 6A18 18A6 (2X2) PLANA BLUETOWER'),
(1113, '24HP 6A14 14A22 22A06'),
(1114, '24HP 6A14-14A22-22A6 BANCO POPULAR PLANA'),
(1115, '24HP 6A18-18A6 PLANA COOMEVA'),
(1117, '24HP 06A14-14A22-22A06 (EXXONMOBIL)'),
(1120, '24 HP 6A18  18A6 (5x5x5) EXXONMOBIL'),
(1122, '24HP 6A18 18A6 (5X2) EXXON'),
(1130, '24HP 6A18 18A6 (12x24)PLANA LA SALLE'),
(1133, '24HP 6A14  14A22  22A06 (2X2X2)'),
(1134, '24HP 6A18 18A6 (5X5X2) SPV TAMPA GARANT'),
(1135, '24HP 6A18 18A6  (6X1)BANCO POPULAR'),
(1137, '24HP 6A18 18A6 (3X3X3)(EXXON EXPLRATI)'),
(1138, '24HP 6A18 18A6 (5X5X3)CLARO'),
(1139, '24HP 6A18-18A6 (2X2) (NÓMINA PLANA)'),
(1140, '24HP 6A18-18A6 (2X2)'),
(1141, '24HP 6A14 14A22 22A06(PLANA PACIFIC)'),
(1144, '24HP 6A18 18A6 (5X1-5X2)'),
(1148, '24HP 22A06 14A22 6A14(LEWIS)'),
(1150, '24HP 6A14  14A22  22A06 (2X2X2X1) LEWIS'),
(1151, '24HP 6A18 18A6 5X5X2(GARANTIZADA)'),
(1152, '24HP 6A14 14A22 22A06 (6X1)'),
(1153, '24HP 06A14-14A22-22A06 (ROTADA LEWIS)'),
(1154, '24HP 6A18 18A6 (7X6x1) (SUP. CHÍA)'),
(1155, '24HP 6A18 18A6 (7X6x1) (SUP. D.C.)'),
(1163, '24HP 6A18 18A6 (7X5X2)UDEA'),
(1164, '24HP 6A14-14A22-22A06(LEWIS)'),
(1166, '24HP 6A18 - 18A06 PLANA CENCOSUD'),
(1168, '24HP 06A18-18A06 (GARANTIZADO ESCOLTA)'),
(1172, '24HP 06 A 18 - 18 A 06 4*2 CERREJON'),
(1176, '24H 06A18 - 18A06  LAV - 06A18 S'),
(1178, '24HP 06:00A18:00 - 18:00A06:00 (4*2)'),
(1179, '24HP 07:00A18:00 - 18:00A07:00'),
(1184, '24HP 06A14-14A22-22A06 SUPER ECOPETROL'),
(1185, '24HP 06A18-18A06 7X7X7 SUPER ECOPETROL'),
(2006, '19 HP 4A14 14A23 (6X1)'),
(2007, '19HMP 6A14 14A01 (6X1)'),
(2008, '13HMP 21A6- 6A10 (6X1)'),
(2009, '19HMP 4A13.30 13.30A23 (6X1)'),
(2010, '19HMP 5A14.30 14.30A24 (6X1)'),
(2011, '19HMP 4A13 13 A23 (6X1)'),
(2015, '19:30HDP 06:00A16:00 - 14:00A23:30'),
(2020, '22HMP 03:00 A 15:00 - 15:00 A 01:00'),
(2021, '21HMP 04:00 A 14:30 - 14:30 A 01:00'),
(2022, '20HM 05A15- 15A01LAS- 06A15-15A01D,F'),
(2024, '19HMP 4.00 A 13:30 - 13:30 A 23.00'),
(2025, '19HMP 5A14 - 14A24'),
(2027, '20HMP 05:00 A15:00 - 19:00 A 05:00'),
(2031, '22HMP 8:00 A 18:00 -18:00 A 6:00'),
(2033, '20HM 6:00 A 02:00 LAS'),
(2037, '20HP 02:00 A 12:00-12 A 22:00'),
(3000, '18HMP 04:00A13:00 - 13:00A22:00'),
(3001, '18HMP 05:00A14:00 - 14:00A23:00 (6X1)'),
(3002, '18HMP 05:00A13:00 - 13:00A23:00 (6X1)'),
(3004, '17HDP 5A13 13A22 (1RD 1RN)'),
(3005, '17HDP 05:00A14:00 - 14:00A22:00 (6X1)'),
(3006, '17HDP 5A13.30 13:30A22 (6X1)'),
(3007, '17HDP 5A13 13A22 (6X1)'),
(3008, '17HDP 06:00A14:00 - 14:00A23:00 (6X1)'),
(3011, '16HD 06:00A14:00 - 14:00A22:00 LV'),
(3012, '16HDP 06:00A14:00 - 14:00A22:00(6X1)'),
(3013, '16HDP 05:00A13:00 - 13:00A21:00'),
(3014, '16HDP 06:00A14:00 - 14:00A22:00'),
(3015, '16HD 06:00A14:00 - 14:00A22:00 LS,F'),
(3016, '16HDP  06:00A22:00'),
(3019, '16HDP 7:00A15:00 - 15:00A23:00'),
(3020, '16HDP  6A14 14A22 LV - 8HD 6A14 S'),
(3022, '16HD  6A14 14A22 L,M,MI,F -12HD 6A18 J,V'),
(3023, '16HD  06:00A14:00 - 14:00A22:00LS'),
(3025, '16HDP 12:00A04:00 (6X1)'),
(3026, '16HDP 13:00A21:00 - 21:00A05:00 (5X5X2)'),
(3028, '16HDP 06:00A22:00 LV (ESC)'),
(3036, '14HMP 8A14 14A22 PLANA LIDER SPV TAM'),
(3039, '16HMP 6A18 18A22 LS,F - 9HD 9A18 D'),
(3041, '16HP 14A22 22A6'),
(3045, '16HM 6.30A14.30 14.30A22.30 LAS'),
(3051, '16HM 10:00A18:00 - 21:00A05:00 TAMPA'),
(3062, '17HMP 5:30 A 13:30 - 13:30 A 22:30'),
(3063, '17HM 5:30 A 13:30 - 13:30 A 22:00 LS'),
(3074, '18HMP 05:00A14:00 - 14:00A23:00 (6X1)'),
(3076, '16HDP 06:00A14:00-14:00A22:00 TAMPA 6*1'),
(3077, '16HP 06:00A16:00-16:00A22:00'),
(3078, '16HD 10:00A18:00-12:00A20:00 TAMPA'),
(3080, '16HDP 05:00A13:00-13:00A21:00 OPAIN PL D'),
(3082, '16HDP 06:00A14:00-14:00A22:00 OPAIN PL D'),
(3083, '16HDP 06:00A14:00-14:00A22:00 OPAIN PL T'),
(3084, '16HMP 04:00A12:00-12:00A20:00 OPAIN PL D'),
(3086, '16HDP 05:00A13:00 - 13:00A21:00 TAMPA BG'),
(3087, '16HD 06:00A14:00 - 14:00A22:00 LV UNISAL'),
(3092, '17HDP 05:00A14:00 - 14:00A22:00 (6X1)'),
(3093, '17HDP 05:00A14:00 - 14:00A22:00 (6X1)'),
(3094, '16HDP 06:00A14:00 - 14:00A22:00'),
(3095, '16HDP 6A14 - 14A22'),
(3097, '16HDP 06:00A14:00-14:00A22:00 (PLANA)'),
(3100, '18HMP 05:00A14:00 - 14:00A23:00 AVA'),
(3102, '16HDP 06:00A14:00 - 14:00A22:00 AVA'),
(3104, '16HD 06:00A14:00 - 14:00A22:00 LS,F PLAN'),
(3107, '17HMP 06:00 A 14:00 - 14:00 A 23:00'),
(3108, '18HMP 05:00 A 14:00 - 14:00 A 23:00'),
(3110, '16HD 06:00 A 14:00 - 14:00 A 22:00 LAV'),
(3113, '16HD  06:00A14:00 - 14:00A22:00LS'),
(3115, '16HDP 06:00A14:00-14:00A22:00(2x2)OCENSA'),
(3122, '17.30HD 04:30A12:30-12:30A22:00'),
(3123, '18HMP 06:00 A 15:00 - 15:00 A 24:00'),
(3126, '18HM 6:00A15:00-15:00 A 24:00LASF'),
(3127, '16HD 6A22LV - 11HD 7A18S - 10HD 7A17D'),
(3128, '16HMP 21:00 A 5:00 -5:00 A 13:00'),
(3131, '17.5HDP 06 A 15 23.30'),
(3132, '16HD 6A14-14A22 LV 07HD 07 A 14 DOS FINE'),
(3133, '16HMP 04 A 12 - 12 A 20'),
(3134, '18HMP 04:00A22:00'),
(3136, '16.5HD 5:30A22LAV - 5:30A20S 8A16 D'),
(3138, '16HDP 06A14 16A00'),
(3141, '16HM 06A22 LV 12HD 06A18 SDF'),
(3144, '16HD 06 A 22 D A J 16HM 07A23 VS'),
(3145, '16HDP 08:00A16:00 - 16:00A00:00'),
(3146, '18HD 5A14-14A23 L,M,M,V,F'),
(3147, '18HDP 04:30 A 22:30'),
(3148, '16HD 6A14 14A22 LAV  12HD 6A18 SD'),
(3149, '16HDP  06:30A14:30 - 14:30A22:30(PLANA)'),
(3155, '16HD 06:00A22:00LAV -24H06A18-18A06SDF'),
(3156, '17HDP 05:00A14:00 - 14:00A22:00 (5X1)'),
(3157, '3HD 10:30 A 13:30 LMIV'),
(4000, '15HD 06:00A21:00 LV'),
(4001, '15HDP 07A13 - 14A22 (PLANA CENCOSUD)'),
(4002, '15HDP 06:00A21:00'),
(4003, '15HMP 08:00A15:30 - 15:30A23:00'),
(4004, '15HMP 15:00A22:00 - 22:00A06:00'),
(4008, '15HDP 07:00A14:30 - 14:30A22:00'),
(4012, '15HMP 07:30A22:30'),
(4014, '15HMP 06:00A21:00 LV - 13HD 7A20 S'),
(4020, '14HD 06:00A20:00 LV'),
(4021, '14HDP 07:00 A 21:00'),
(4024, '14HDP 08:00A22:00'),
(4026, '14HMP 16:00A22:00 - 22:00A06:00'),
(4028, '14HM 17A7 LV - 24H 6A18 18A6 SDF'),
(4032, '14HDP 06:00A20:00 LV'),
(4033, '14HDP 06A20 LV - 06A13 S'),
(4041, '14HD 6A20 LAS 08A18DF (ESPECIAL)'),
(4054, '13HMP 18:00A07:00'),
(4058, '13HP 05:00A18:00'),
(4062, '13HDP 7A20'),
(4066, '13HD 5.30A15.30 18A21 LAV 10H SDF'),
(4073, '13HMP 17:00 A 06:00'),
(4086, '13HD 08:00A21:00 LV - 6:00A20:00 S'),
(4091, '13HMP 18:00A07:00(5X2)'),
(4093, '13HP 05:00A18:00 SIN RELEVO'),
(4094, '14HD 6A14 14A20 LV'),
(4116, '14HDP 08A22 (PLANA CENCOSUD)'),
(4121, '13HM 18A07LAV-12:30A18-18A06S-24H06A18-1'),
(4123, '14HMP 16:00 A 06:00'),
(4124, ' 13HD 6A19 LV - 8HD 6A14 S'),
(4126, '13HN 18A7LV-17HM 14A7S-24H 7A19-19A7DF'),
(4135, '14HMP 17A7'),
(4136, '15HDP 7A22'),
(4138, '13HD 6A19LS'),
(4140, '13HN 18 A 07 S 24 HORAS DF'),
(4143, '14HDP 05A19'),
(4144, '13HN 18A07 LV 19HM 12A07SDF'),
(4145, '13HN 18A07 LV 14A06 06A18 S'),
(4147, '13HD 06A12 14A21 LV, 13HD 06A12 13A20 S'),
(4148, '15HD 06A21 LV 14HD 06A20 S'),
(4149, '14HD 06A20 LV 10HD 06A16 S'),
(4150, '13HD 06A19 L,V 8HD 07A15 S'),
(4151, '13HNM LAV 24H S,D,F'),
(4154, '14HM 17A7 LV  -  24H 6A18-18A6 SDF'),
(4156, '15.5HDP 06:00A14:00-14:00A21:30(PLANA)'),
(4158, '13HD 7:00A20:00 LAS'),
(4159, '13HN 18A7LAV- 13A07S - 07A19-19A07D,F'),
(4160, '14.30HD 7A14-14A21.30LAV- 07A14-14A22S'),
(4162, ' 14HM 8A22 LV - 13HD 7A20 S'),
(4165, '15HM 17A08LAV -24H 6A18-18A6 SDF'),
(4166, '15HM 05:30 A 13:30 - 13:00 A 21:00'),
(4167, '13HM LAS 08A21 - 12HD 08A20 D'),
(4168, '13HD 06A13-15A21LAV-08A13-15A21 S,D'),
(4169, '13HD 6A13-14:3A20:3LAV-08A13-14:3A20:3SD'),
(5003, '12HD 07:00A19:00 LV - 08:00A13:00 S'),
(5004, '12HD  06:00A13:00 - 17:00A22:00 LS'),
(5007, '12HD 11A23D,L,M,MI  24H 11A23 23A11J,V,S'),
(5009, '12H 06:30A18:30 LV  08:00A14:00S'),
(5010, '12HD 07:00A19:00 LV(FISCALIA-COCA COLA)'),
(5014, '12HD 06:30A18:30 LV 6A14S'),
(5015, '12HD 06:00A18:00 LS'),
(5020, '12HD 06:00A18:00 LV - 06:00A14:00 S'),
(5022, '12HD 10A22 V - 09A21 S - 7A19 D,F'),
(5026, '12HNP 19:00A07:00'),
(5029, '12HD 06:00A18:00 LV - 07:00A13:00 S'),
(5033, '12HD 07:00A19:00 S,D,F'),
(5034, '12HD 06:00A18:00 DV,F'),
(5035, '12HD 07:00A19:00 DV,F'),
(5041, '12HD 07:00A19:00 LV - 07:00A15:00 S'),
(5043, '12HD 5:00A17:00 LASF'),
(5046, '12:30HD 07:00A19:30 LV - 09:00A15:30 S'),
(5050, '12HNP 18:00 A 06:00'),
(5051, '12HD 07:00A19:00 LAS'),
(5052, '12HDP 06:00A18:00 (6X1)'),
(5053, '12HD 06:00A18:00 LAV'),
(5054, '12HDP 07:00A19:00'),
(5055, '12HDP 08:00A20:00'),
(5056, '12HD 08:00 A 20:00 LS'),
(5057, '12HN 18:00A06:00 S,D,F'),
(5058, '12HD 06:00A18:00 S,D,F'),
(5060, '12HDP 10:00A22:00'),
(5061, '12HD 07:00A19:00 LV - 07:00A13:00 S'),
(5062, '12HD 06:00A18:00 D,F'),
(5063, '12HMP 05:00A17:00'),
(5064, '12HD 06:00A18:00 LS - F'),
(5066, '12HN 18:00A06:00 LS - F'),
(5069, '12HD 08:00A20:00 D,F'),
(5072, '12HMP 20:00A08:00'),
(5073, '12HD 10:00A22:00 V,S,D,F'),
(5074, '12HN 08:00A20:00 LS - F'),
(5075, '12HD 07:00A19:00 LS, F'),
(5076, '12HD 06:00A18:00 LV - 07:00A17:00 S'),
(5077, '12HD 07:00A19:00 LV - 07:00A17:00 S,F'),
(5079, '12HD 08:00A20:00 LV - 08:30A15:00 S'),
(5084, '12HD 06:00A18:00 LV - 07:00A15:00 S'),
(5087, '12HD 08:00A20:00 S,D,F'),
(5088, '12HN 08:00A20:00 LS PLANA LIDER TAMPA'),
(5089, '12HD 10:00A22:00 LS - F'),
(5090, '12HD 10:00A22:00 LS'),
(5091, '12HD 07:00A19:00 LV - 08:00A15:00 S'),
(5093, '12HMP 11:00A23:00'),
(5094, '12H 06:30A18:30 LV'),
(5095, '12HD 09:00A21:00 LS,F'),
(5097, '12HDP 06:30A18:30'),
(5098, '12HD 07:00A19:00 LV - 07:00A18:00 F'),
(5099, '12HDP 07:30A19:30'),
(5100, '12HD 05:00A17:00 LS'),
(5108, '12HDP 08:30 A 20:30'),
(5109, '12HN 18:00A06:00 LV - 6A18-18A6 SDF'),
(5114, '12HD 7A19LV -  8A13:30S (NÓMINA PLANA)'),
(5116, '12HM 10:30 A 22:30 LAS'),
(5117, '12HD 08:30A20:30 LS,F - 09:00A18:00 D'),
(5123, '12HD 06:00A18:00 D'),
(5124, '12HD 9A21V,F- 11:30A23:30S,D'),
(5130, '12HNP 18:00A06:00(2X2)'),
(5132, '12HNP 18:00A06:00(5X2)'),
(5134, '12HDP 10:00A22:00(5X2)'),
(5142, '12HNP 18:00A06:00 (7X3) CERREJON'),
(5144, '12HNP 18:00A06:00 SIN RELEVO'),
(5147, '12HDP 06:00A18:00(5X2)'),
(5159, '12HDP 06:00A18:00 OPAIN PLANA'),
(5165, '12HDP 06:00A18:00 SUPER M GARANTIZADO'),
(5166, '12HD 07:00A19:00 LV (PLANA NUEVA EPS)'),
(5167, '12HDP 06 A18 (15X15)GARANTIZADO LEWIS'),
(5169, '12HDP 06:00A18:00 MOTORIZADO'),
(5171, '12HMP 12 A 24'),
(5173, '12HD 06:00A18:00 LS PLANA UNSALLE'),
(5174, '12HDP 06:00A18:00 PLANA SPV'),
(5175, '12HNP 18:00 A 06:00 SOCHAGOTA'),
(5176, '12HD 07A19 L AV-08 A13 S NUEVA EPS PLANA'),
(5179, '12HD 06:00A18:00 LS GARANTIZADO'),
(5183, '12HD 06:00 A 18:00LAS(SUPER GARAN TAMPA)'),
(5184, '12HD 06:00 A 18:00 LAS'),
(5193, '12HNP 18:00 A 06:00'),
(5194, '12HD 08:00A20:00 LV - 08:00A16:00 S'),
(5195, '12HD 06:00A18:00 LS (NOMINA PLANA)'),
(5203, '12HD 07:00A19:00LAV'),
(5204, '12HD 06:00A14:00-14:00A18:00 LAS(OCENSA)'),
(5206, '12HD 06:00A18:00 LV -06:00A14:00 S(UDEA)'),
(5219, '12HD 7A19LV- 6HD 16A22 S (PLANA CENCOSU)'),
(5220, '12HDP 10:00A22:00 (PLANA CENCOSUD)'),
(5223, '12HDP 08:00A20:00 (PLANA CENCOSUD)'),
(5224, '12HDP 09:30 A 21:30 (PLANA CENCOSUD)'),
(5225, '12HDP 09:00 A 21:00 (PLANA CENCOSUD)'),
(5229, '12HNP 18A06 (PLANA CENCOSUD)'),
(5231, '12HDP 06:00 A 18:00 (GARANTIZADO ESCOLTA'),
(5232, '12HD 7:00A19:00LAS (NOMINA PLANA)'),
(5237, '12HN 18:00A06:00LS- 24H 6A18-18A6DF'),
(5239, '12HD 6:00A18:00LAV - 9HD 7:00A16:00S'),
(5243, '12HD 06A18 LV 5HD 07:30A12:30 S'),
(5245, '12HD 6A18LV'),
(5247, '12HN 19A7LV'),
(5248, '12HD 10A22VSDF'),
(5252, '12HD 7A19 LAV- 8HD 8A16 S'),
(5255, '16HD 6A14-14A 22 LV 12HD 6 A 18S'),
(5256, '12HD 07:00 A 17:00 LM J V - 13HD 06'),
(5263, '12HD 09 A 21 LSF 9HD 09 A 18 D'),
(5265, '12HM 16:00 A 05:00 L,S F'),
(5266, '12HD 07.30 A 19.30 LV 7.5HD 07.30 A 15 S'),
(5270, '12HD 06A18 LS 12HD 07:30A19:30 DF'),
(5271, '12HD 09A21 LS 9.30 HD 08:30A18 D'),
(5275, '12HD 06A18 LV 9HD 06A15 S'),
(5282, '12HD 08A20 LV 7.5HD 07:30A15 S'),
(5283, '12HD 07:00A12:30 13:30A20 LAV'),
(5284, '12HD 09A21 S 12HD 08A20 DF'),
(5285, '12HD 06A18 LV 8HD S 6HD D'),
(5287, '12HD 07:30 A 19:30 LAS'),
(5288, '12HD 8A20 LV 6HD 08A14 S'),
(5289, '12HN 18A06 12HD 06A18 S,D'),
(5293, '12HD 08:30A20:30 LAV'),
(5294, '12HD 08:00 A 20:00 LSF'),
(5296, '12HD 8A20LAV - 7A11:30 - 15A20:30 SDF'),
(5298, '12HMP 03:00 A 15:00'),
(5303, '12HD 06:00A18:00LAS-18:00A06:00 D,F'),
(5305, '12HN 18:00 A 06:00 MI A S'),
(5307, '12HD 06:30A18:30 LV - 4:30 HD 7:30 A12 S'),
(5308, '22HM 05A16-16A24LAV - 13HM 05A18S'),
(5309, '22HMP 06:00 A 17:00 -19:00 A 06:00'),
(5310, '12HN 18A06LAV- 12A22-22A6 S -6A18-18A6DF'),
(6021, '11HD 7A18 LV - 5HD 7A12 S'),
(6022, '11:30HDP 06:00 A17.30'),
(6024, '11.15HDP 05:30 A10:45 -13:00A19:00'),
(6025, '11HD 7:00A18:00LV - 6HD 7:00 A 13:00S'),
(6026, '11HDP 10:30A21:30'),
(6038, '11HD 8 A19 LV - 5HD 8 A13 S'),
(6039, '11.30HD  6:30A18 LV - 6.30HD  8:30A'),
(6044, '11HD 07:00A18:00 LAS(UDEA)'),
(6048, '11HD 07:30 A 18:30LAV'),
(6050, '11HMP 12A23'),
(6051, '11.5HD 06:30A18:00 LV'),
(6052, '11HD06A17 LV, 6HD 07A13 S'),
(6054, '11.5HD 7:30A19 LV - 5HD 8:30A13:30S'),
(6055, '11.5HD 7:30A19 LV - 6HD 7:30A13:30 S'),
(6056, '11.5HD 7:30A19 LV - 6HD 8A14S'),
(6057, '11.5HD 7:30A19LV  -  6.5HD 8A14:30S'),
(6058, '11HD 08A19 LV 8HD 08A12 -13A17 S'),
(6059, '11HD 07 A 18:00LV - 5.30HD 8:30 A 14:00S'),
(6060, '11HD 7:30A18:30 LAV- 7HD 7:30A14:30S'),
(6061, ' 11HD 7:30A18:30LV  -  6HD 7:30A13:30S'),
(6062, '11HD 8A19LV - 6.5HD 8A14:30S'),
(6063, '11HD 8:00 A 19:00LAV - 4HD 09A13:00S'),
(6066, '11HD 5:3A11:3-15A 20LAV-9A11:3-15A18:3SD'),
(7000, '10HD 7:00A17:00 LV'),
(7001, '10HD 7:30A17:30 LV'),
(7002, '10HDP 6:00A16:00'),
(7003, '10HD 7:00A17:00 LS ESCOLTA'),
(7004, '10HDP 7:30A17:30'),
(7007, '10HD 8:00A18:00 LAS'),
(7009, '10:30HD 7:30A18:00 LV'),
(7010, '10HDP 10:00A20:00'),
(7011, '10HDP 8:00A18:00'),
(7015, '10HD 07:00A17:00 LS'),
(7018, '10HD 09:00A19:00 LS'),
(7021, '10HD 08:00A18:00 LV - 4HD 09:00A13:00 S'),
(7022, '9HD 08:00A17:00 LV'),
(7026, '10HDP 12:00A22:00'),
(7037, '10HD 07:00A17:00 LV - 5HD 07:00A12:00 S'),
(7040, '10HD 06:30A16:30 LS'),
(7045, '10:30HD 07:00A17:30 LV PLANA'),
(7048, '10HD 7:00A17:00 LS'),
(7059, '14.5HD 17:30A8LV  12HN 18A06 SDF'),
(7061, '1OHDP 08:00 A 16:00'),
(7065, '10HD 7:00A17:00 LV PLANA BLUET Y NUEVA E'),
(7069, '10HDP 06:00 A 16:00'),
(7072, '10HD 7:00A17:00 LV - 6HD 07:00A13:00 S'),
(7081, '10HD 08:00 A 18:00 LAV'),
(7082, '10HD 08 A 12 - 14 A 20LAV 4HD 09 A 13 S'),
(7083, '10HDP 06:30 A 16:30 (PLANA CENCOSUD)'),
(7094, '10.5HD 7A17:30 LS'),
(7095, '10HD 08A18 LV 3HD 09A12 S'),
(7097, '10HD 09A19 LV 8HD 11A19 S'),
(7098, '10.5HD 08 A 18:30 LASF'),
(7099, '10.5HD 7:30A18LV- 7:30A14:30S-09A13:30D'),
(7100, '10.5HD 8A18:30 LAV - 6HD 8A14S'),
(7101, '10.5HD 8A18:30 LAV - 6.5HD 07:30A14S'),
(7102, '10.75HD 7:45A18:30LAV-7:45A13:30 S'),
(7103, '10HD 07A12-14A19LAV- 08:30A13:30 S'),
(7104, '10HD 07A12-14A19LAV- 09:00A13:00 S'),
(7106, '10HD 9A19 LAS,F'),
(9008, '9HD 8A17LV- 5HD 8A13S'),
(9009, '9HD 7:30A16:30LV - 5HD 8:00A13:00S'),
(9010, '9HD 08:00A17:00 LS'),
(9012, '9HD 8:00 A 17:00 LAV'),
(9013, '9HD 07:30A12:00 - 13:30A18:00 LV'),
(9014, '9HD 8A17 LV 5HD 8A13 S(ULTIMO DEL M)'),
(9017, '9HD 8A17LV - 4HD 9A13S'),
(9020, '9HDP 08:00 A 17:00'),
(9021, '9HD 09:00A18:00 SDF'),
(9028, '9HD 07:30A16:30 LV - 07:30 A 12:00 S'),
(9034, '9HD 07:30A16:30 LV'),
(9035, '9:30HD 08:00A17:30 LV'),
(9038, '9:30HD 08:00A17:30 LV - 08:00A13:00 S'),
(9039, '9:30HD 6:30A8:30-12A19:30LV 12A19S,D,F'),
(9049, '9MP 21:00 A 06:00'),
(9094, '9.30HD 08A12-14A19:30 LV 4HD 9A13 S'),
(9097, ' 9.30HD 8A12-14:00A19:30LV - 6HD 9A15S'),
(9101, '9HD 11A20 DAJ 12HD 11A23 V.S'),
(9102, '9HDP 06A15'),
(9103, '9HDP 04A13'),
(9104, '9HDP 11A20'),
(9105, '9HD 8:30A17:30 LAV'),
(9106, '9.5HD 7:30A17LV  - 4HD 8A12S'),
(9108, '9HD 07:30A12-14A:16:30 LAV-4HD 09A13 S'),
(10003, ' 7HD 7:00 A 14:00LAJ-4HD 07:00A11:00V'),
(10004, '7HD 10A17 S (ESPECIAL)'),
(10005, '7:30HD 08:00A12:30 - 14:00A17:00 LV'),
(10007, '7HNP 22:00A05:00'),
(10008, '7HD 08:00A15:00 LS'),
(10009, '7HD 09:00A16:00 LS, F(ESPECIAL)'),
(10011, '13HD 6:30 A 19:30 LAV (ESPECIAL)'),
(10015, '6:30HD 08:30A15:00 S-2:30HD 17:30A20 LV'),
(10018, '1HD 10:00A10:30 - 18:30A19:00 LV'),
(10019, '5HD 09:00A14:00 S'),
(10020, '5HMP 18:00A23:00'),
(10021, '5HDP 14:00A19:00'),
(10025, '4HD 8A12 S (ESPECIAL)'),
(10026, '4HD 9A13 S (ESPECIAL)'),
(10027, '4HDP 10A14'),
(10032, '3HDP 11A14'),
(10035, '3HD 17A20 LAV S(ESPECIAL)'),
(10036, '2.30HD 11.30A14 LMIVF (ESPECIAL)'),
(10037, '2.30HD 17A19.30 LAV S(ESPECIAL)'),
(10038, '2HD 17:30A19:30 LV - 6HD 10:00 A 16:00 S'),
(10039, '8HNP 22A6'),
(10040, '9HD 7:30A12 - 14A17:30 LV ADMINISTRATIVO'),
(10041, '8HD 09:00A17:00 LS'),
(10042, '8HD 06:00A14:00 LS'),
(10043, '8HD 08:00A16:00 LV'),
(10045, '8HDP 06:00A14:00'),
(10046, '8HDP 06:00A14:00 LV'),
(10047, '8HDP 09:00A17:00'),
(10048, '8HDP 08:00A16:00'),
(10049, '8HDP 07:00A15:00'),
(10050, '8HD 08:00A16:00 LS'),
(10052, '8HDP 10:00A18:00'),
(10053, '8HDP 14A22'),
(10054, '8HD 8:00 A16:00 S,D'),
(10056, '8HDP 11A19'),
(10057, '8HD 08:30A16:30 LV'),
(10058, '8HD 06:00A14:00 LS,F'),
(10059, '8HD 8A12-14A18LAV - 09:00 A 13:00 S'),
(10060, '8HD 09:00A17:00 LV'),
(10061, '8HDMP 5A13'),
(10063, '8HD 7.30A12 13.30A17 LAV (ESPECIAL)'),
(10064, '8HD 07:00A15:00 LS'),
(10065, '8HD 8:00A12:00 - 14:00A18:00 LV'),
(10066, '8HD 07:00A15:00 LV'),
(10067, '8:30HD 7:30A12:00 - 14:00 A 18:00 LV'),
(10069, '8HD 8A16 LASF'),
(10071, '8HD 8A12 14A18 LV 4HD 8A12S'),
(10073, '8HDP 08:00A12:00 - 14:00A18:00'),
(10075, '8HD 10:00A18:00 LS,F'),
(10077, '8HD 10:00A18:00 LS (PLANA CENCOSUD)'),
(10078, '8HMP 15A23'),
(10079, '8HD 13:00A21:00 LV'),
(10081, '8HDP 12A20'),
(10082, '8HM 15A23 LASF'),
(10083, '8HD 8A12 14A18 LV  S(ESPECIAL)'),
(10084, '8HD 8A16 SDF'),
(10085, '8HD 8A16 LAV'),
(10092, '8HD 8.30A12 14.30A19 LAV - 08:30 A13:30S'),
(10093, '8HNP 22A6'),
(10095, '8HDP 09:00A17:00'),
(10097, '8HD 11A19 LASF'),
(10098, '8HD 07:00A15:00 LS,F'),
(10101, '8.5HD 7.30A12.30 13.30A17 LAV'),
(10103, '8.30HMP 05:30A09:30 - 14:30A18:00'),
(10108, '8HD 12A20 LSF'),
(10109, '8:30HM 18:30A03:00 JVS'),
(10115, '8HD 7A12 14A17 LAV (ESPECIAL)'),
(10116, '8HD 14A22 LASF'),
(10117, '8HMP 16A24 OPAIN PLANA'),
(10118, '8HMP 4A12 OPAIN PLANA'),
(10119, 'RONDAS'),
(10120, '8HD 14A22 LAS'),
(10124, '8HD 13:00A21:00 SDF'),
(10126, '8HDP 14A22'),
(10127, '8HDP 09:00A15:00 - 18:00A20:00 ESPECIAL'),
(10130, '6HD 10:00A16:00 D,F'),
(10133, '6HD 6A12 D'),
(10134, '6HDP 6A12'),
(10136, '6HD 6.30A12.30 LAS'),
(10138, '3HD 17:00A20:00 LAV 5HD 8:00A13:00 S'),
(10139, '2HD 18A20 LAV'),
(10141, '3HD 11:00A14:00 LS - F'),
(10143, '6HDP 17.30A23.30'),
(10144, '6HD 08:30A14:30 S'),
(10146, '4HMP 19A23'),
(10150, '2HD 17.30A19.30 LAV 7HD 10A17 S'),
(10152, '7HDP 11:00A14:00 - 18:00A22:00'),
(10157, '5.30HD 8.30A14S'),
(10159, '8HD 8A12 14A18VIERNES'),
(10160, '7.30HDP 10A14 14.30A18 SINREL'),
(10162, '8HD 7.30A12 14A17.30 LAV ADMIN OPAIN'),
(10165, '8HD 7.30A12-14A17.30 ADMIN OPAIN'),
(10174, '9HD 7:30A12 - 14A17:30 LV ADMINISTRATIVO'),
(10177, '6,5HD 07:30 A 14:00 L,M,V'),
(10179, 'CANINO ANTINARCOTICO'),
(10186, '4HDP 05:00 A 09:00'),
(10188, '8HDP 13:00 A 21:00 (PLANA CENCOSUD)'),
(10192, '4HD 17A21 LAV - 5.30HD 08:30A14S'),
(10195, '8.5HDLAV 07:30 A 12:00 - 14:00 A 18:00'),
(10196, ' 8HDP 8A12-13A17 (ESCOL GARANTIZADO)'),
(10197, '8HD 6:00 A14:00 SABADOS'),
(10200, '8HD 7:45 A 12:15 - 13:45 A 17:15 L AV'),
(10201, '8HD 8A12-14A18LV - 13HD 7A20SDF'),
(10202, '8HD 10:00 A 18:00 LAS'),
(10203, '8HD 7:00 A 15:00 D'),
(10204, '4HDP 11:00 A 15:00'),
(10207, '8 HM L-V'),
(10209, '8HD 10A18LASF'),
(10210, '8HD 7.30A12 - 13.30A17LV'),
(10211, '8HN 22:00 A 06:00 DV'),
(10212, '2HD 17:30A19:30 LV - 6HD 09 A 13 S'),
(10215, '8HD 12:00 A 20:00 LASF'),
(10216, '8.5HD 18.30 A 03.00 JVS'),
(10221, '3H 04A07 MARTES'),
(10222, '8HD 13A21 LAV 09A17 S'),
(10223, '12HD 6A18LV'),
(10448, '8HD 8A12-14A18LV- 5HD 9A14S'),
(10985, '8HMP 20:00 A 04:00'),
(10986, '8.5HD 10:00 A 12:00 - 13:00 A  19.30 S'),
(10987, '4HD 12:00 A 16:00 VSD'),
(10988, '7HD 07:00 A 10:00 - 16:00 A 20:00 LAV'),
(10989, '8HD 8:00 A16:00 D'),
(10990, '2:30HD 17:30A20 LAV 08:30A15:00 S'),
(10992, '8HD 11:00A19:00 SDF'),
(10993, '4.30HD 8:30A13S'),
(10995, '8.5HD 18.30 A 03.00 JVS'),
(10997, '8HD 08:00A16:00LAV 4HD 08:00 A 12:00 S'),
(10998, '8HD 8A12-14A18LAV - 09:00 A 13:00 S'),
(10999, '8HN 18:00 A 02:00 LASF'),
(11853, '12HD 6A18 LVF - 4HD 8A12 S'),
(12855, '9HDP 09.00 A 18.00 (CARREFOUR)'),
(12944, '19HMP 04:00A13:30-13.30A13:30A23:00OPAIN'),
(13011, '12HD 08.30 A 20.30 LSF 9HD 09 A 18 D'),
(13119, '8HMP 16 A 00'),
(13251, '4HD 06 A 09 - 14 A 15 LS'),
(13397, '12HD 7A19LV - 6.5HD 7:30A14 - 7HD 8:30A1'),
(13621, '12HN 18A06 LAV 24H S,D'),
(13634, '18HM 6:00A18:00- 18:00A24:00 LAS');

-- --------------------------------------------------------

--
-- Estructura de tabla para la tabla `municipio`
--

CREATE TABLE `municipio` (
  `cod_mun` int(10) NOT NULL,
  `nombre_mun` varchar(50) NOT NULL,
  `dep_cod` int(5) NOT NULL
) ENGINE=InnoDB DEFAULT CHARSET=utf8;

--
-- Volcado de datos para la tabla `municipio`
--

INSERT INTO `municipio` (`cod_mun`, `nombre_mun`, `dep_cod`) VALUES
(1, 'MEDELLIN', 5),
(2, 'BARRANQUILLA', 8),
(3, 'BOGOTA, D.C.', 11),
(4, 'CARTAGENA', 13),
(5, 'TUNJA', 15),
(6, 'MANIZALES', 17),
(7, 'FLORENCIA', 18),
(8, 'POPAYAN', 19),
(9, 'VALLEDUPAR', 20),
(10, 'MONTERIA', 23),
(11, 'AGUA DE DIOS', 25),
(12, 'QUIBDO', 27),
(13, 'NEIVA', 41),
(14, 'RIOHACHA', 44),
(15, 'SANTA MARTA', 47),
(16, 'VILLAVICENCIO', 50),
(17, 'PASTO', 52),
(18, 'CUCUTA', 54),
(19, 'ARMENIA', 63),
(20, 'PEREIRA', 66),
(21, 'BUCARAMANGA', 68),
(22, 'SINCELEJO', 70),
(23, 'IBAGUE', 73),
(24, 'CALI', 76),
(25, 'ARAUCA', 81),
(26, 'YOPAL', 85),
(27, 'MOCOA', 86),
(28, 'SAN ANDRES', 88),
(29, 'LETICIA', 91),
(30, 'INIRIDA', 94),
(31, 'SAN JOSE DEL GUAVIARE', 95),
(32, 'MITU', 97),
(33, 'PUERTO CARREÑO', 99),
(34, 'ABEJORRAL', 5),
(35, 'ABREGO', 54),
(36, 'ABRIAQUI', 5),
(37, 'ACHI', 13),
(38, 'ACANDI', 27),
(39, 'ACEVEDO', 41),
(40, 'ACACIAS', 50),
(41, 'AGUAZUL', 85),
(42, 'AGUACHICA', 20),
(43, 'AGUADAS', 17),
(44, 'AGUSTIN CODAZZI', 20),
(45, 'AGRADO', 41),
(46, 'AGUADA', 68),
(47, 'CHAMEZA', 85),
(48, 'CALAMAR', 95),
(49, 'AIPE', 41),
(50, 'ALBAN', 25),
(51, 'ALBAN', 52),
(52, 'ALGECIRAS', 41),
(53, 'ALBANIA', 68),
(54, 'ALCALA', 76),
(55, 'ALEJANDRIA', 5),
(56, 'ALMEIDA', 15),
(57, 'ALMAGUER', 19),
(58, 'ALDANA', 52),
(59, 'ALPUJARRA', 73),
(60, 'ALTO BAUDO', 27),
(61, 'EL RETORNO', 95),
(62, 'ALTAMIRA', 41),
(63, 'ALVARADO', 73),
(64, 'ALBANIA', 18),
(65, 'AMAGA', 5),
(66, 'ALTOS DEL ROSARIO', 13),
(67, 'ALGARROBO', 47),
(68, 'AMBALEMA', 73),
(69, 'AMALFI', 5),
(70, 'ASTREA', 20),
(71, 'ANDES', 5),
(72, 'ANAPOIMA', 25),
(73, 'ALBANIA', 44),
(74, 'ANGELOPOLIS', 5),
(75, 'ANCUYA', 52),
(76, 'ANDALUCIA', 76),
(77, 'ANGOSTURA', 5),
(78, 'ANORI', 5),
(79, 'ANOLAIMA', 25),
(80, 'ANSERMANUEVO', 76),
(81, 'SANTAFE DE ANTIOQUIA', 5),
(82, 'ARENAL', 13),
(83, 'ANSERMA', 17),
(84, 'ANZOATEGUI', 73),
(85, 'ANZA', 5),
(86, 'APARTADO', 5),
(87, 'BECERRIL', 20),
(88, 'APIA', 66),
(89, 'AQUITANIA', 15),
(90, 'ARANZAZU', 17),
(91, 'ARGELIA', 19),
(92, 'ATRATO', 27),
(93, 'ARBOLETES', 5),
(94, 'ARCABUCO', 15),
(95, 'ARBOLEDA', 52),
(96, 'ARBOLEDAS', 54),
(97, 'ARATOCA', 68),
(98, 'ARJONA', 13),
(99, 'ARBELAEZ', 25),
(100, 'ARACATACA', 47),
(101, 'ARGELIA', 76),
(102, 'ARGELIA', 5),
(103, 'ARMERO', 73),
(104, 'ARIGUANI', 47),
(105, 'ARMENIA', 5),
(106, 'BOSCONIA', 20),
(107, 'ARROYOHONDO', 13),
(108, 'ARAUQUITA', 81),
(109, 'ATACO', 73),
(110, 'AYAPEL', 23),
(111, 'BAGADO', 27),
(112, 'BARRANCO DE LOBA', 13),
(113, 'BALBOA', 19),
(114, 'BAHIA SOLANO', 27),
(115, 'BALBOA', 66),
(116, 'BAJO BAUDO', 27),
(117, 'BARBOSA', 68),
(118, 'BARANOA', 8),
(119, 'BARAYA', 41),
(120, 'BARRANCAS', 44),
(121, 'BARBOSA', 5),
(122, 'BUENAVISTA', 23),
(123, 'BARBACOAS', 52),
(124, 'BARICHARA', 68),
(125, 'BARRANCABERMEJA', 68),
(126, 'BELEN', 52),
(127, 'BELMIRA', 5),
(128, 'BELTRAN', 25),
(129, 'BELEN', 15),
(130, 'BELLO', 5),
(131, 'BELALCAZAR', 17),
(132, 'BELEN DE UMBRIA', 66),
(133, 'BERBEO', 15),
(134, 'CANALETE', 23),
(135, 'DIBULLA', 44),
(136, 'BETANIA', 5),
(137, 'BETEITIVA', 15),
(138, 'BETULIA', 68),
(139, 'BETULIA', 5),
(140, 'BELEN DE LOS ANDAQUIES', 18),
(141, 'BITUIMA', 25),
(142, 'BOAVITA', 15),
(143, 'DISTRACCION', 44),
(144, 'BOJACA', 25),
(145, 'BOJAYA', 27),
(146, 'BOCHALEMA', 54),
(147, 'BOLIVAR', 19),
(148, 'BOLIVAR', 76),
(149, 'CIUDAD BOLIVAR', 5),
(150, 'BOLIVAR', 68),
(151, 'BOYACA', 15),
(152, 'BRICEÑO', 15),
(153, 'BRICEÑO', 5),
(154, 'BUENAVISTA', 15),
(155, 'BUCARASICA', 54),
(156, 'BUENAVENTURA', 76),
(157, 'BUENOS AIRES', 19),
(158, 'EL MOLINO', 44),
(159, 'BARRANCA DE UPIA', 50),
(160, 'BUESACO', 52),
(161, 'BUENAVISTA', 70),
(162, 'BUENAVISTA', 63),
(163, 'GUADALAJARA DE BUGA', 76),
(164, 'BURITICA', 5),
(165, 'BUGALAGRANDE', 76),
(166, 'BUSBANZA', 15),
(167, 'CACERES', 5),
(168, 'CABRERA', 25),
(169, 'CABRERA', 68),
(170, 'CAICEDONIA', 76),
(171, 'CACHIPAY', 25),
(172, 'CABUYARO', 50),
(173, 'CAIMITO', 70),
(174, 'CAJAMARCA', 73),
(175, 'CAICEDO', 5),
(176, 'CACOTA', 54),
(177, 'HATO COROZAL', 85),
(178, 'CAJICA', 25),
(179, 'CALIMA', 76),
(180, 'CACHIRA', 54),
(181, 'CALDAS', 5),
(182, 'CAJIBIO', 19),
(183, 'CALARCA', 63),
(184, 'CANDELARIA', 76),
(185, 'CALDAS', 15),
(186, 'CAMPOALEGRE', 41),
(187, 'CALIFORNIA', 68),
(188, 'CAMPAMENTO', 5),
(189, 'CAMPOHERMOSO', 15),
(190, 'EL CANTON DEL SAN PABLO', 27),
(191, 'LA SALINA', 85),
(192, 'CAMPO DE LA CRUZ', 8),
(193, 'CALDONO', 19),
(194, 'CAÑASGORDAS', 5),
(195, 'MANI', 85),
(196, 'CALAMAR', 13),
(197, 'CANDELARIA', 8),
(198, 'CARACOLI', 5),
(199, 'CALOTO', 19),
(200, 'CARAMANTA', 5),
(201, 'CAREPA', 5),
(202, 'CAPITANEJO', 68),
(203, 'CARTAGO', 76),
(204, 'EL CARMEN DE VIBORAL', 5),
(205, 'CAPARRAPI', 25),
(206, 'CARMEN DE APICALA', 73),
(207, 'CAROLINA', 5),
(208, 'CARTAGENA DEL CHAIRA', 18),
(209, 'CARMEN DEL DARIEN', 27),
(210, 'CASTILLA LA NUEVA', 50),
(211, 'CAQUEZA', 25),
(212, 'CARCASI', 68),
(213, 'CASABIANCA', 73),
(214, 'CAUCASIA', 5),
(215, 'CARMEN DE CARUPA', 25),
(216, 'CANTAGALLO', 13),
(217, 'CERTEGUI', 27),
(218, 'CEPITA', 68),
(219, 'CERRO SAN ANTONIO', 47),
(220, 'CARURU', 97),
(221, 'CERINZA', 15),
(222, 'CERETE', 23),
(223, 'CERRITO', 68),
(224, 'MONTERREY', 85),
(225, 'CHARALA', 68),
(226, 'CHIMA', 23),
(227, 'CHAGUANI', 25),
(228, 'CHAPARRAL', 73),
(229, 'CHARTA', 68),
(230, 'CHIBOLO', 47),
(231, 'DOSQUEBRADAS', 66),
(232, 'CHIGORODO', 5),
(233, 'CHINAVITA', 15),
(234, 'CHINACOTA', 54),
(235, 'CHINCHINA', 17),
(236, 'CHITAGA', 54),
(237, 'CHIMICHAGUA', 20),
(238, 'CHIA', 25),
(239, 'CHIQUINQUIRA', 15),
(240, 'CHIMA', 68),
(241, 'CHIRIGUANA', 20),
(242, 'CHIPAQUE', 25),
(243, 'CHIPATA', 68),
(244, 'CHISCAS', 15),
(245, 'CHOACHI', 25),
(246, 'CHINU', 23),
(247, 'CHITA', 15),
(248, 'CHOCONTA', 25),
(249, 'CHITARAQUE', 15),
(250, 'CHIVATA', 15),
(251, 'CICUCO', 13),
(252, 'CIENEGA', 15),
(253, 'CIENAGA DE ORO', 23),
(254, 'CIENAGA', 47),
(255, 'CISNEROS', 5),
(256, 'CIRCASIA', 63),
(257, 'CIMITARRA', 68),
(258, 'COCORNA', 5),
(259, 'COGUA', 25),
(260, 'COELLO', 73),
(261, 'MIRAFLORES', 95),
(262, 'COLON', 52),
(263, 'COMBITA', 15),
(264, 'COLOSO', 70),
(265, 'CURILLO', 18),
(266, 'CONDOTO', 27),
(267, 'CONCORDIA', 47),
(268, 'CONCEPCION', 5),
(269, 'COLOMBIA', 41),
(270, 'CONVENCION', 54),
(271, 'CONSACA', 52),
(272, 'CONCEPCION', 68),
(273, 'CONCORDIA', 5),
(274, 'CONFINES', 68),
(275, 'CONTADERO', 52),
(276, 'CONTRATACION', 68),
(277, 'COPACABANA', 5),
(278, 'CORDOBA', 13),
(279, 'COPER', 15),
(280, 'CORINTO', 19),
(281, 'CORDOBA', 63),
(282, 'COTA', 25),
(283, 'CORRALES', 15),
(284, 'CORDOBA', 52),
(285, 'COROZAL', 70),
(286, 'COROMORO', 68),
(287, 'COYAIMA', 73),
(288, 'COVARACHIA', 15),
(289, 'COLON', 86),
(290, 'CRAVO NORTE', 81),
(291, 'COVEÑAS', 70),
(292, 'CLEMENCIA', 13),
(293, 'CUBARA', 15),
(294, 'CUBARRAL', 50),
(295, 'CUCUTILLA', 54),
(296, 'CUCAITA', 15),
(297, 'CUCUNUBA', 25),
(298, 'CUASPUD', 52),
(299, 'NUNCHIA', 85),
(300, 'CUITIVA', 15),
(301, 'CUMARAL', 50),
(302, 'CUNDAY', 73),
(303, 'CUMBAL', 52),
(304, 'CURUMANI', 20),
(305, 'CURITI', 68),
(306, 'CHALAN', 70),
(307, 'OROCUE', 85),
(308, 'CHIQUIZA', 15),
(309, 'CUMBITARA', 52),
(310, 'EL ROBLE', 70),
(311, 'DAGUA', 76),
(312, 'DABEIBA', 5),
(313, 'EL CARMEN DE CHUCURI', 68),
(314, 'GALERAS', 70),
(315, 'CHIVOR', 15),
(316, 'DOLORES', 73),
(317, 'DON MATIAS', 5),
(318, 'DUITAMA', 15),
(319, 'EL COPEY', 20),
(320, 'DURANIA', 54),
(321, 'EBEJICO', 5),
(322, 'CHACHAGsI', 52),
(323, 'EL AGUILA', 76),
(324, 'EL CARMEN DE BOLIVAR', 13),
(325, 'EL COCUY', 15),
(326, 'ELIAS', 41),
(327, 'EL COLEGIO', 25),
(328, 'EL CARMEN DE ATRATO', 27),
(329, 'EL BANCO', 47),
(330, 'EL CALVARIO', 50),
(331, 'EL CARMEN', 54),
(332, 'EL GUACAMAYO', 68),
(333, 'EL CAIRO', 76),
(334, 'EL DONCELLO', 18),
(335, 'EL GUAMO', 13),
(336, 'EL ESPINO', 15),
(337, 'EL CERRITO', 76),
(338, 'EL BAGRE', 5),
(339, 'EL PASO', 20),
(340, 'EL LITORAL DEL SAN JUAN', 27),
(341, 'EL CHARCO', 52),
(342, 'EL TARRA', 54),
(343, 'EL PEÑON', 68),
(344, 'EL DOVIO', 76),
(345, 'PAZ DE ARIPORO', 85),
(346, 'EL CASTILLO', 50),
(347, 'EL PEÑOL', 52),
(348, 'EL PLAYON', 68),
(349, 'EL PAUJIL', 18),
(350, 'EL TAMBO', 19),
(351, 'EL ROSARIO', 52),
(352, 'EL PEÑON', 25),
(353, 'EL PIÑON', 47),
(354, 'EL TABLON DE GOMEZ', 52),
(355, 'EL ROSAL', 25),
(356, 'EL TAMBO', 52),
(357, 'EL ZULIA', 54),
(358, 'PORE', 85),
(359, 'EL ENCANTO', 91),
(360, 'ENTRERRIOS', 5),
(361, 'ENCINO', 68),
(362, 'GUARANDA', 70),
(363, 'ENVIGADO', 5),
(364, 'ENCISO', 68),
(365, 'EL PEÑON', 13),
(366, 'EL RETEN', 47),
(367, 'ESPINAL', 73),
(368, 'FACATATIVA', 25),
(369, 'EL DORADO', 50),
(370, 'FALAN', 73),
(371, 'FLORIAN', 68),
(372, 'FIRAVITOBA', 15),
(373, 'FILADELFIA', 17),
(374, 'FILANDIA', 63),
(375, 'FLANDES', 73),
(376, 'FLORIDA', 76),
(377, 'FLORESTA', 15),
(378, 'FLORIDABLANCA', 68),
(379, 'FOMEQUE', 25),
(380, 'FONSECA', 44),
(381, 'RECETOR', 85),
(382, 'FOSCA', 25),
(383, 'FREDONIA', 5),
(384, 'FRESNO', 73),
(385, 'FRONTINO', 5),
(386, 'FUNZA', 25),
(387, 'FUENTE DE ORO', 50),
(388, 'FUNES', 52),
(389, 'FUQUENE', 25),
(390, 'FUNDACION', 47),
(391, 'FLORENCIA', 19),
(392, 'FUSAGASUGA', 25),
(393, 'GACHANTIVA', 15),
(394, 'GACHALA', 25),
(395, 'GAMARRA', 20),
(396, 'GACHANCIPA', 25),
(397, 'GALAPA', 8),
(398, 'GAMEZA', 15),
(399, 'GALAN', 68),
(400, 'GACHETA', 25),
(401, 'GARZON', 41),
(402, 'GAMBITA', 68),
(403, 'GARAGOA', 15),
(404, 'GAMA', 25),
(405, 'HATILLO DE LOBA', 13),
(406, 'GUACHENE', 19),
(407, 'COTORRA', 23),
(408, 'FORTUL', 81),
(409, 'SABANALARGA', 85),
(410, 'GENOVA', 63),
(411, 'GIRALDO', 5),
(412, 'GIGANTE', 41),
(413, 'GINEBRA', 76),
(414, 'GIRARDOT', 25),
(415, 'GIRON', 68),
(416, 'GIRARDOTA', 5),
(417, 'GOMEZ PLATA', 5),
(418, 'GONZALEZ', 20),
(419, 'GRANADA', 25),
(420, 'GRANADA', 5),
(421, 'GRANADA', 50),
(422, 'GRAMALOTE', 54),
(423, 'GUADALUPE', 5),
(424, 'SACAMA', 85),
(425, 'GUACAMAYAS', 15),
(426, 'GUACHETA', 25),
(427, 'GUACHUCAL', 52),
(428, 'GUARNE', 5),
(429, 'GUAPI', 19),
(430, 'GUAMAL', 47),
(431, 'GUAMAL', 50),
(432, 'GUATICA', 66),
(433, 'GUACA', 68),
(434, 'GUACARI', 76),
(435, 'GUADALUPE', 41),
(436, 'GUAMO', 73),
(437, 'GUADUAS', 25),
(438, 'GUAITARILLA', 52),
(439, 'GUADALUPE', 68),
(440, 'ORITO', 86),
(441, 'GUATAPE', 5),
(442, 'GUATEQUE', 15),
(443, 'GUASCA', 25),
(444, 'GUAPOTA', 68),
(445, 'GUALMATAN', 52),
(446, 'GUATAQUI', 25),
(447, 'GUAVATA', 68),
(448, 'GUAYATA', 15),
(449, 'MAPIRIPAN', 50),
(450, 'SAN LUIS DE PALENQUE', 85),
(451, 'GUATAVITA', 25),
(452, 'GsEPSA', 68),
(453, 'GUAYABAL DE SIQUIMA', 25),
(454, 'MESETAS', 50),
(455, 'GsICAN', 15),
(456, 'GUAYABETAL', 25),
(457, 'GUTIERREZ', 25),
(458, 'BARRANCO MINAS', 94),
(459, 'HACARI', 54),
(460, 'HATO', 68),
(461, 'HELICONIA', 5),
(462, 'HERRAN', 54),
(463, 'HERVEO', 73),
(464, 'HOBO', 41),
(465, 'HONDA', 73),
(466, 'LA APARTADA', 23),
(467, 'LA MACARENA', 50),
(468, 'ILES', 52),
(469, 'ICONONZO', 73),
(470, 'HISPANIA', 5),
(471, 'IMUES', 52),
(472, 'INZA', 19),
(473, 'IPIALES', 52),
(474, 'IQUIRA', 41),
(475, 'ISNOS', 41),
(476, 'ITAGUI', 5),
(477, 'ITUANGO', 5),
(478, 'ISTMINA', 27),
(479, 'IZA', 15),
(480, 'JARDIN', 5),
(481, 'JAMBALO', 19),
(482, 'JAMUNDI', 76),
(483, 'JENESANO', 15),
(484, 'JERICO', 5),
(485, 'JERICO', 15),
(486, 'JERUSALEN', 25),
(487, 'JESUS MARIA', 68),
(488, 'URIBE', 50),
(489, 'JORDAN', 68),
(490, 'JUAN DE ACOSTA', 8),
(491, 'JUNIN', 25),
(492, 'JURADO', 27),
(493, 'LA CEJA', 5),
(494, 'LABRANZAGRANDE', 15),
(495, 'LA CALERA', 25),
(496, 'LABATECA', 54),
(497, 'LA BELLEZA', 68),
(498, 'LA CUMBRE', 76),
(499, 'LA ARGENTINA', 41),
(500, 'HATONUEVO', 44),
(501, 'LA CRUZ', 52),
(502, 'LA ESTRELLA', 5),
(503, 'LA CAPILLA', 15),
(504, 'LA DORADA', 17),
(505, 'LA FLORIDA', 52),
(506, 'LA GLORIA', 20),
(507, 'LA CELIA', 66),
(508, 'LA LLANADA', 52),
(509, 'LA ESPERANZA', 54),
(510, 'LANDAZURI', 68),
(511, 'LA MESA', 25),
(512, 'LA MERCED', 17),
(513, 'LA PINTADA', 5),
(514, 'LA TOLA', 52),
(515, 'LA SIERRA', 19),
(516, 'LA PALMA', 25),
(517, 'LA PLATA', 41),
(518, 'LA VEGA', 19),
(519, 'LA PAZ', 68),
(520, 'LA PEÑA', 25),
(521, 'LA PLAYA', 54),
(522, 'LA UNION', 52),
(523, 'LA UNION', 5),
(524, 'LA JAGUA DE IBIRICO', 20),
(525, 'LEJANIAS', 50),
(526, 'LA VIRGINIA', 66),
(527, 'LA UNION', 70),
(528, 'LA UNION', 76),
(529, 'TAMARA', 85),
(530, 'LA VICTORIA', 15),
(531, 'LA TEBAIDA', 63),
(532, 'LA VEGA', 25),
(533, 'LA UVITA', 15),
(534, 'LA VICTORIA', 76),
(535, 'LEIVA', 52),
(536, 'LOS PATIOS', 54),
(537, 'LA CHORRERA', 91),
(538, 'LEBRIJA', 68),
(539, 'VILLA DE LEYVA', 15),
(540, 'LENGUAZAQUE', 25),
(541, 'LA PEDRERA', 91),
(542, 'LERIDA', 73),
(543, 'LA MONTAÑITA', 18),
(544, 'TAURAMENA', 85),
(545, 'LIBORINA', 5),
(546, 'LINARES', 52),
(547, 'LIBANO', 73),
(548, 'LLORO', 27),
(549, 'LORICA', 23),
(550, 'LOPEZ', 19),
(551, 'LOS ANDES', 52),
(552, 'LOURDES', 54),
(553, 'LOS SANTOS', 68),
(554, 'LOS PALMITOS', 70),
(555, 'LOS CORDOBAS', 23),
(556, 'LA JAGUA DEL PILAR', 44),
(557, 'LURUACO', 8),
(558, 'MACEO', 5),
(559, 'MACANAL', 15),
(560, 'MEDIO ATRATO', 27),
(561, 'MACARAVITA', 68),
(562, 'MACHETA', 25),
(563, 'MAGsI', 52),
(564, 'MAJAGUAL', 70),
(565, 'MAGANGUE', 13),
(566, 'MADRID', 25),
(567, 'MEDIO BAUDO', 27),
(568, 'MAICAO', 44),
(569, 'TRINIDAD', 85),
(570, 'LA VICTORIA', 91),
(571, 'MALAGA', 68),
(572, 'MALAMBO', 8),
(573, 'MAHATES', 13),
(574, 'MANZANARES', 17),
(575, 'MALLAMA', 52),
(576, 'MANATI', 8),
(577, 'MANTA', 25),
(578, 'MEDINA', 25),
(579, 'MARINILLA', 5),
(580, 'MARGARITA', 13),
(581, 'MARSELLA', 66),
(582, 'VILLANUEVA', 85),
(583, 'MARIA LA BAJA', 13),
(584, 'MARIPI', 15),
(585, 'MARMATO', 17),
(586, 'MANAURE', 20),
(587, 'MARIQUITA', 73),
(588, 'MARQUETALIA', 17),
(589, 'MATANZA', 68),
(590, 'MARULANDA', 17),
(591, 'MELGAR', 73),
(592, 'MERCADERES', 19),
(593, 'MEDIO SAN JUAN', 27),
(594, 'PUERTO CONCORDIA', 50),
(595, 'MIRAFLORES', 15),
(596, 'MIRANDA', 19),
(597, 'MISTRATO', 66),
(598, 'MONTECRISTO', 13),
(599, 'MILAN', 18),
(600, 'NUEVA GRANADA', 47),
(601, 'MIRITI - PARANA', 91),
(602, 'MURILLO', 73),
(603, 'MONGUA', 15),
(604, 'MOMIL', 23),
(605, 'MOGOTES', 68),
(606, 'MONGUI', 15),
(607, 'MONTELIBANO', 23),
(608, 'MONTEBELLO', 5),
(609, 'MOMPOS', 13),
(610, 'MOLAGAVITA', 68),
(611, 'MONIQUIRA', 15),
(612, 'MONTENEGRO', 63),
(613, 'MORALES', 13),
(614, 'MORALES', 19),
(615, 'MOSQUERA', 25),
(616, 'MOSQUERA', 52),
(617, 'MORROA', 70),
(618, 'MURINDO', 5),
(619, 'MOTAVITA', 15),
(620, 'MORELIA', 18),
(621, 'MUTATA', 5),
(622, 'MUZO', 15),
(623, 'NARIÑO', 52),
(624, 'MUTISCUA', 54),
(625, 'NARIÑO', 5),
(626, 'NARIÑO', 25),
(627, 'NATAGA', 41),
(628, 'NATAGAIMA', 73),
(629, 'NEIRA', 17),
(630, 'NEMOCON', 25),
(631, 'NILO', 25),
(632, 'NIMAIMA', 25),
(633, 'NECOCLI', 5),
(634, 'NOROSI', 13),
(635, 'OLAYA HERRERA', 52),
(636, 'NOBSA', 15),
(637, 'NOCAIMA', 25),
(638, 'NOVITA', 27),
(639, 'NUEVO COLON', 15),
(640, 'NECHI', 5),
(641, 'NORCASIA', 17),
(642, 'NUQUI', 27),
(643, 'OBANDO', 76),
(644, 'OCAÑA', 54),
(645, 'OCAMONTE', 68),
(646, 'OICATA', 15),
(647, 'MOÑITOS', 23),
(648, 'OIBA', 68),
(649, 'OLAYA', 5),
(650, 'ONZAGA', 68),
(651, 'OPORAPA', 41),
(652, 'ORTEGA', 73),
(653, 'VENECIA', 25),
(654, 'OSPINA', 52),
(655, 'OTANCHE', 15),
(656, 'OVEJAS', 70),
(657, 'PACHAVITA', 15),
(658, 'PACOA', 97),
(659, 'PACORA', 17),
(660, 'PADILLA', 19),
(661, 'PACHO', 25),
(662, 'PAEZ', 15),
(663, 'PAIPA', 15),
(664, 'PAEZ', 19),
(665, 'PAILITAS', 20),
(666, 'PAJARITO', 15),
(667, 'PAIME', 25),
(668, 'PAICOL', 41),
(669, 'PAMPLONA', 54),
(670, 'PALMAR DE VARELA', 8),
(671, 'FRANCISCO PIZARRO', 52),
(672, 'PAMPLONITA', 54),
(673, 'PALOCABILDO', 73),
(674, 'PALMIRA', 76),
(675, 'PANQUEBA', 15),
(676, 'PALMAR', 68),
(677, 'PALMITO', 70),
(678, 'PALESTINA', 17),
(679, 'PANDI', 25),
(680, 'PALERMO', 41),
(681, 'PALMAS DEL SOCORRO', 68),
(682, 'LA PRIMAVERA', 99),
(683, 'PARATEBUENO', 25),
(684, 'PALESTINA', 41),
(685, 'PUERTO ALEGRIA', 91),
(686, 'PAUNA', 15),
(687, 'PATIA', 19),
(688, 'PAYA', 15),
(689, 'PIAMONTE', 19),
(690, 'PARAMO', 68),
(691, 'PASCA', 25),
(692, 'PUERTO ARICA', 91),
(693, 'PAZ DE RIO', 15),
(694, 'POLICARPA', 52),
(695, 'PUERTO NARIÑO', 91),
(696, 'PEÐOL', 5),
(697, 'PENSILVANIA', 17),
(698, 'PEDRAZA', 47),
(699, 'PESCA', 15),
(700, 'PEQUE', 5),
(701, 'PIJIÑO DEL CARMEN', 47),
(702, 'PIEDECUESTA', 68),
(703, 'PIEDRAS', 73),
(704, 'PIENDAMO', 19),
(705, 'PITAL', 41),
(706, 'PIJAO', 63),
(707, 'PIOJO', 8),
(708, 'PINILLOS', 13),
(709, 'PINCHOTE', 68),
(710, 'PISBA', 15),
(711, 'PELAYA', 20),
(712, 'PITALITO', 41),
(713, 'PIVIJAY', 47),
(714, 'PUERTO SANTANDER', 54),
(715, 'PLANETA RICA', 23),
(716, 'PLATO', 47),
(717, 'PLANADAS', 73),
(718, 'POLONUEVO', 8),
(719, 'PONEDERA', 8),
(720, 'MANAURE', 44),
(721, 'POTOSI', 52),
(722, 'PRADO', 73),
(723, 'PRADERA', 76),
(724, 'PROVIDENCIA', 88),
(725, 'PROVIDENCIA', 52),
(726, 'PUERTO GAITAN', 50),
(727, 'PUERTO ASIS', 86),
(728, 'PUERTO CAICEDO', 86),
(729, 'PUEBLO BELLO', 20),
(730, 'PUEBLO NUEVO', 23),
(731, 'PUEBLOVIEJO', 47),
(732, 'PUERTO GUZMAN', 86),
(733, 'PUERTO BOYACA', 15),
(734, 'PUERTO SALGAR', 25),
(735, 'PUEBLO RICO', 66),
(736, 'PUENTE NACIONAL', 68),
(737, 'PUERTO COLOMBIA', 8),
(738, 'PUERTO TEJADA', 19),
(739, 'PUERTO LOPEZ', 50),
(740, 'PUERRES', 52),
(741, 'PUERTO PARRA', 68),
(742, 'LEGUIZAMO', 86),
(743, 'PUERTO ESCONDIDO', 23),
(744, 'PUERTO WILCHES', 68),
(745, 'PUEBLORRICO', 5),
(746, 'PUERTO LLERAS', 50),
(747, 'PUERTO BERRIO', 5),
(748, 'REGIDOR', 13),
(749, 'QUIPAMA', 15),
(750, 'PUERTO LIBERTADOR', 23),
(751, 'PULI', 25),
(752, 'RIO IRO', 27),
(753, 'PUERTO NARE', 5),
(754, 'PURACE', 19),
(755, 'PUPIALES', 52),
(756, 'PURIFICACION', 73),
(757, 'PURISIMA', 23),
(758, 'PUERTO RICO', 50),
(759, 'PUERTO TRIUNFO', 5),
(760, 'PUERTO RONDON', 81),
(761, 'PUERTO RICO', 18),
(762, 'QUEBRADANEGRA', 25),
(763, 'QUETAME', 25),
(764, 'QUIMBAYA', 63),
(765, 'QUINCHIA', 66),
(766, 'QUIPILE', 25),
(767, 'RAMIRIQUI', 15),
(768, 'APULO', 25),
(769, 'RAGONVALIA', 54),
(770, 'RIO VIEJO', 13),
(771, 'RAQUIRA', 15),
(772, 'RIO QUITO', 27),
(773, 'REMEDIOS', 5),
(774, 'REMOLINO', 47),
(775, 'REPELON', 8),
(776, 'RESTREPO', 50),
(777, 'RESTREPO', 76),
(778, 'RETIRO', 5),
(779, 'SAN JOSE DEL FRAGUA', 18),
(780, 'RICAURTE', 25),
(781, 'RICAURTE', 52),
(782, 'RIOSUCIO', 17),
(783, 'RIO DE ORO', 20),
(784, 'RIONEGRO', 5),
(785, 'RIOSUCIO', 27),
(786, 'RIVERA', 41),
(787, 'RIONEGRO', 68),
(788, 'RISARALDA', 17),
(789, 'RIOBLANCO', 73),
(790, 'RIOFRIO', 76),
(791, 'SAN CRISTOBAL', 13),
(792, 'RONDON', 15),
(793, 'LA PAZ', 20),
(794, 'ROBERTO PAYAN', 52),
(795, 'ROSAS', 19),
(796, 'RONCESVALLES', 73),
(797, 'ROLDANILLO', 76),
(798, 'ROVIRA', 73),
(799, 'SANTA ROSALIA', 99),
(800, 'SABANALARGA', 5),
(801, 'SABANETA', 5),
(802, 'SABOYA', 15),
(803, 'SABANAGRANDE', 8),
(804, 'SABANALARGA', 8),
(805, 'SACHICA', 15),
(806, 'SALGAR', 5),
(807, 'SAN ANTONIO DEL TEQUENDAMA', 25),
(808, 'SAMACA', 15),
(809, 'SAN ANDRES DE CUERQUIA', 5),
(810, 'SAN ESTANISLAO', 13),
(811, 'SAN CARLOS', 5),
(812, 'SAN BERNARDO', 25),
(813, 'SAN FERNANDO', 13),
(814, 'SAN JUAN DEL CESAR', 44),
(815, 'SAN FRANCISCO', 5),
(816, 'SALAMINA', 17),
(817, 'SAN CAYETANO', 25),
(818, 'SAN JACINTO', 13),
(819, 'SAN JACINTO DEL CAUCA', 13),
(820, 'SABANA DE TORRES', 68),
(821, 'SAN JERONIMO', 5),
(822, 'SAN JUAN NEPOMUCENO', 13),
(823, 'SAN JOSE DE LA MONTAÑA', 5),
(824, 'SAN FRANCISCO', 25),
(825, 'SAN JUAN DE URABA', 5),
(826, 'SAN LUIS', 5),
(827, 'SAN EDUARDO', 15),
(828, 'SAHAGUN', 23),
(829, 'SAN JOSE DEL PALMAR', 27),
(830, 'SALADOBLANCO', 41),
(831, 'SABANAS DE SAN ANGEL', 47),
(832, 'SALAZAR', 54),
(833, 'SAMANA', 17),
(834, 'SAN JUAN DE RIO SECO', 25),
(835, 'MAPIRIPANA', 94),
(836, 'SAN PEDRO', 5),
(837, 'SAN JOSE DE PARE', 15),
(838, 'SAN PEDRO DE URABA', 5),
(839, 'SAN JOSE', 17),
(840, 'TARAIRA', 97),
(841, 'SAN RAFAEL', 5),
(842, 'SAN MARTIN DE LOBA', 13),
(843, 'SAN LUIS DE GACENO', 15),
(844, 'SAN AGUSTIN', 41),
(845, 'SAN ANDRES', 68),
(846, 'PUERTO SANTANDER', 91),
(847, 'SAN ROQUE', 5),
(848, 'SAN PABLO', 13),
(849, 'SAN ANDRES SOTAVENTO', 23),
(850, 'SAN CALIXTO', 54),
(851, 'SAMPUES', 70),
(852, 'SAN PEDRO', 76),
(853, 'SALDAÑA', 73),
(854, 'SAN ANTERO', 23),
(855, 'SANTA CATALINA', 13),
(856, 'SAN MATEO', 15),
(857, 'SAN CAYETANO', 54),
(858, 'SAN BENITO', 68),
(859, 'SAN VICENTE', 5),
(860, 'SANTA LUCIA', 8),
(861, 'SAN BERNARDO DEL VIENTO', 23),
(862, 'SALAMINA', 47),
(863, 'SAN ANTONIO', 73),
(864, 'SAN MIGUEL DE SEMA', 15),
(865, 'SANTA MARIA', 41),
(866, 'SAN CARLOS', 23),
(867, 'SAMANIEGO', 52),
(868, 'SAN BENITO ABAD', 70),
(869, 'SAN LUIS', 73),
(870, 'SANTA BARBARA', 5),
(871, 'SAN GIL', 68),
(872, 'SAN CARLOS DE GUAROA', 50),
(873, 'SANTIAGO', 54),
(874, 'SAN PABLO DE BORBUR', 15),
(875, 'SANTA ROSA DE CABAL', 66),
(876, 'SAN JOAQUIN', 68),
(877, 'SANTA ROSA', 13),
(878, 'SAN JUAN DE ARAMA', 50),
(879, 'SANDONA', 52),
(880, 'SAN JOSE DE MIRANDA', 68),
(881, 'SANTO TOMAS', 8),
(882, 'SAN BERNARDO', 52),
(883, 'SANTA ROSA DE OSOS', 5),
(884, 'SANTANA', 15),
(885, 'SAN PELAYO', 23),
(886, 'SAN JUANITO', 50),
(887, 'SAN MIGUEL', 68),
(888, 'SANTA ISABEL', 73),
(889, 'SAN LORENZO', 52),
(890, 'SANTUARIO', 66),
(891, 'SANTA ROSA DEL SUR', 13),
(892, 'SAN MARTIN', 50),
(893, 'SAN VICENTE DE CHUCURI', 68),
(894, 'SANTO DOMINGO', 5),
(895, 'SANTA MARIA', 15),
(896, 'SALENTO', 63),
(897, 'SAN SEBASTIAN DE BUENAVISTA', 47),
(898, 'SANTA ROSA DE VITERBO', 15),
(899, 'SAN SEBASTIAN', 19),
(900, 'SAN PABLO', 52),
(901, 'SAN PEDRO DE CARTAGO', 52),
(902, 'SANTA SOFIA', 15),
(903, 'SANTA BARBARA', 52),
(904, 'EL SANTUARIO', 5),
(905, 'SANTANDER DE QUILICHAO', 19),
(906, 'SANTACRUZ', 52),
(907, 'SANTA ROSA', 19),
(908, 'SAN JUAN DE BETULIA', 70),
(909, 'SAN ZENON', 47),
(910, 'SANTA BARBARA', 68),
(911, 'SANTA ANA', 47),
(912, 'SAN MARCOS', 70),
(913, 'SAN ALBERTO', 20),
(914, 'VISTAHERMOSA', 50),
(915, 'SAN ONOFRE', 70),
(916, 'SAN PEDRO', 70),
(917, 'SASAIMA', 25),
(918, 'SATIVANORTE', 15),
(919, 'SANTA BARBARA DE PINTO', 47),
(920, 'SAPUYES', 52),
(921, 'SARDINATA', 54),
(922, 'SANTA HELENA DEL OPON', 68),
(923, 'SATIVASUR', 15),
(924, 'SEGOVIA', 5),
(925, 'SESQUILE', 25),
(926, 'SEVILLA', 76),
(927, 'SARAVENA', 81),
(928, 'SIACHOQUE', 15),
(929, 'SIBATE', 25),
(930, 'SAN LUIS DE SINCE', 70),
(931, 'SILVIA', 19),
(932, 'SILVANIA', 25),
(933, 'SILOS', 54),
(934, 'SIMITI', 13),
(935, 'SIMIJACA', 25),
(936, 'SIPI', 27),
(937, 'SITIONUEVO', 47),
(938, 'SIMACOTA', 68),
(939, 'SIBUNDOY', 86),
(940, 'SAN DIEGO', 20),
(941, 'SOATA', 15),
(942, 'SAN VICENTE DEL CAGUAN', 18),
(943, 'SOACHA', 25),
(944, 'SOCOTA', 15),
(945, 'SOCORRO', 68),
(946, 'SAN FRANCISCO', 86),
(947, 'SONSON', 5),
(948, 'SOLANO', 18),
(949, 'SOCHA', 15),
(950, 'SAN MIGUEL', 86),
(951, 'SOLEDAD', 8),
(952, 'SOPO', 25),
(953, 'SOGAMOSO', 15),
(954, 'SOPLAVIENTO', 13),
(955, 'SOTARA', 19),
(956, 'SANTIAGO', 86),
(957, 'SOPETRAN', 5),
(958, 'SOMONDOCO', 15),
(959, 'SORA', 15),
(960, 'SOTAQUIRA', 15),
(961, 'SORACA', 15),
(962, 'SUBACHOQUE', 25),
(963, 'SUAN', 8),
(964, 'SAN MARTIN', 20),
(965, 'SUAZA', 41),
(966, 'SUAITA', 68),
(967, 'SUAREZ', 73),
(968, 'SUCRE', 70),
(969, 'SUESCA', 25),
(970, 'SUCRE', 68),
(971, 'CUMARIBO', 99),
(972, 'SUSACON', 15),
(973, 'SUTAMARCHAN', 15),
(974, 'SUPIA', 17),
(975, 'SUPATA', 25),
(976, 'PAPUNAUA', 97),
(977, 'SUTATENZA', 15),
(978, 'SUSA', 25),
(979, 'TALAIGUA NUEVO', 13),
(980, 'SUAREZ', 19),
(981, 'SURATA', 68),
(982, 'SUTATAUSA', 25),
(983, 'SOLITA', 18),
(984, 'SUCRE', 19),
(985, 'TABIO', 25),
(986, 'TAMINANGO', 52),
(987, 'TAMALAMEQUE', 20),
(988, 'TADO', 27),
(989, 'TANGUA', 52),
(990, 'TAMESIS', 5),
(991, 'TARAZA', 5),
(992, 'TASCO', 15),
(993, 'TARQUI', 41),
(994, 'TARSO', 5),
(995, 'TAUSA', 25),
(996, 'TAME', 81),
(997, 'TENA', 25),
(998, 'TESALIA', 41),
(999, 'TENZA', 15),
(1000, 'TENERIFE', 47),
(1001, 'TARAPACA', 91),
(1002, 'TENJO', 25),
(1003, 'TELLO', 41),
(1004, 'UNGUIA', 27),
(1005, 'TEORAMA', 54),
(1006, 'TERUEL', 41),
(1007, 'TIBANA', 15),
(1008, 'TIBACUY', 25),
(1009, 'TIBASOSA', 15),
(1010, 'TIMBIO', 19),
(1011, 'TIERRALTA', 23),
(1012, 'TIBIRITA', 25),
(1013, 'TIMANA', 41),
(1014, 'TINJACA', 15),
(1015, 'TITIRIBI', 5),
(1016, 'TIMBIQUI', 19),
(1017, 'TIQUISIO', 13),
(1018, 'TIPACOQUE', 15),
(1019, 'UNION PANAMERICANA', 27),
(1020, 'TIBU', 54),
(1021, 'TOCA', 15),
(1022, 'TOCAIMA', 25),
(1023, 'TOGsI', 15),
(1024, 'TOCANCIPA', 25),
(1025, 'TOLEDO', 5),
(1026, 'TOPAGA', 15),
(1027, 'TOLEDO', 54),
(1028, 'TONA', 68),
(1029, 'SANTIAGO DE TOLU', 70),
(1030, 'TORIBIO', 19),
(1031, 'TOTA', 15),
(1032, 'TOPAIPI', 25),
(1033, 'TOLU VIEJO', 70),
(1034, 'TORO', 76),
(1035, 'TOTORO', 19),
(1036, 'TRUJILLO', 76),
(1037, 'TUBARA', 8),
(1038, 'TUNUNGUA', 15),
(1039, 'TULUA', 76),
(1040, 'TURMEQUE', 15),
(1041, 'SAN ANDRES DE TUMACO', 52),
(1042, 'TURBACO', 13),
(1043, 'TURBO', 5),
(1044, 'TUTA', 15),
(1045, 'TURBANA', 13),
(1046, 'TUQUERRES', 52),
(1047, 'TUTAZA', 15),
(1048, 'UBALA', 25),
(1049, 'UBAQUE', 25),
(1050, 'URAMITA', 5),
(1051, 'UMBITA', 15),
(1052, 'VILLA DE SAN DIEGO DE UBATE', 25),
(1053, 'VILLA RICA', 19),
(1054, 'UNE', 25),
(1055, 'ULLOA', 76),
(1056, 'URRAO', 5),
(1057, 'URIBIA', 44),
(1058, 'USIACURI', 8),
(1059, 'UTICA', 25),
(1060, 'VALDIVIA', 5),
(1061, 'VALLE DE SAN JUAN', 73),
(1062, 'VALENCIA', 23),
(1063, 'URUMITA', 44),
(1064, 'VALLE DE SAN JOSE', 68),
(1065, 'VALPARAISO', 5),
(1066, 'VEGACHI', 5),
(1067, 'VALPARAISO', 18),
(1068, 'VENECIA', 5),
(1069, 'VENTAQUEMADA', 15),
(1070, 'VELEZ', 68),
(1071, 'VENADILLO', 73),
(1072, 'VERGARA', 25),
(1073, 'VERSALLES', 76),
(1074, 'VALLE DEL GUAMUEZ', 86),
(1075, 'VICTORIA', 17),
(1076, 'VIANI', 25),
(1077, 'VETAS', 68),
(1078, 'VIJES', 76),
(1079, 'VILLAHERMOSA', 73),
(1080, 'VILLAGOMEZ', 25),
(1081, 'VILLA CARO', 54),
(1082, 'VILLAVIEJA', 41),
(1083, 'VILLANUEVA', 68),
(1084, 'VIGIA DEL FUERTE', 5),
(1085, 'VILLANUEVA', 13),
(1086, 'VILLAMARIA', 17),
(1087, 'VILLAPINZON', 25),
(1088, 'VILLARRICA', 73),
(1089, 'VILLANUEVA', 44),
(1090, 'VILLA DEL ROSARIO', 54),
(1091, 'VILLETA', 25),
(1092, 'VITERBO', 17),
(1093, 'VIOTA', 25),
(1094, 'VIRACACHA', 15),
(1095, 'SAN FELIPE', 94),
(1096, 'PUERTO COLOMBIA', 94),
(1097, 'YALI', 5),
(1098, 'YACOPI', 25),
(1099, 'YAGUARA', 41),
(1100, 'YACUANQUER', 52),
(1101, 'VILLAGARZON', 86),
(1102, 'LA GUADALUPE', 94),
(1103, 'CACAHUAL', 94),
(1104, 'YARUMAL', 5),
(1105, 'PANA PANA', 94),
(1106, 'MORICHAL', 94),
(1107, 'YAVARATE', 97),
(1108, 'YOLOMBO', 5),
(1109, 'YOTOCO', 76),
(1110, 'YUMBO', 76),
(1111, 'YONDO', 5),
(1112, 'ZAMBRANO', 13),
(1113, 'ZARAGOZA', 5),
(1114, 'ZAPATOCA', 68),
(1115, 'ZARZAL', 76),
(1116, 'ZETAQUIRA', 15),
(1117, 'ZIPACON', 25),
(1118, 'ZIPAQUIRA', 25),
(1119, 'ZAPAYAN', 47);

-- --------------------------------------------------------

--
-- Estructura de tabla para la tabla `puesto`
--

CREATE TABLE `puesto` (
  `id_puesto` int(50) NOT NULL,
  `nombre_puesto` varchar(50) NOT NULL,
  `cliente_id` int(50) NOT NULL,
  `direccion_puesto` varchar(50) NOT NULL,
  `ciudad` varchar(45) NOT NULL,
  `modalidad_id` int(50) NOT NULL
) ENGINE=InnoDB DEFAULT CHARSET=utf8;

--
-- Volcado de datos para la tabla `puesto`
--

INSERT INTO `puesto` (`id_puesto`, `nombre_puesto`, `cliente_id`, `direccion_puesto`, `ciudad`, `modalidad_id`) VALUES
(4937, 'PLATAFORMA 1', 3773, 'PEREIRA', 'MANIZALES', 5052),
(4938, 'PLATAFORMA 3', 3773, 'PEREIRA', 'MANIZALES', 5052),
(4939, 'PLATAFORMA 1', 3773, 'PEREIRA', 'MANIZALES', 5052),
(4944, 'OFICINA AVIANCA  CENTRO C. A.', 3773, 'PEREIRA', 'PEREIRA', 6038),
(4946, 'ENTRADA/ SALIDA DE EQUIPAJES', 3773, 'PEREIRA', 'PEREIRA', 3000),
(4947, 'PLATAFORMA', 3773, 'PEREIRA', 'PEREIRA', 1000),
(4948, 'CONTROL - CUSTODIA CARGA Y CORREO HUB PEI', 3773, 'PEREIRA', 'PEREIRA', 3126),
(4949, 'CONTROL ACCESO HUB PEI', 3773, 'PEREIRA', 'PEREIRA', 1068),
(4950, 'INSPECTOR - CUSTODIA CARGA Y CORREO ATO PEI', 3773, 'PEREIRA', 'PEREIRA', 1062),
(4955, 'PLATAFORMA 2', 3773, 'PEREIRA', 'ARMENIA', 3006),
(4956, 'REFUERZO DE PLATAFORMA', 3773, 'PEREIRA', 'PEREIRA', 2010),
(4957, 'PLATAFORMA 1', 3773, 'PEREIRA', 'ARMENIA', 1062),
(4958, 'RAYOS X ARMENIA', 3773, 'PEREIRA', 'ARMENIA', 3122),
(4962, 'CD PEREIRA PORTERIA VEHICULAR', 3800, 'PEREIRA', 'PEREIRA', 1062),
(4963, 'CD PEREIRA RECEPCION', 3800, 'PEREIRA', 'PEREIRA', 1062),
(4967, 'CD ARMENIA PORTERIA PEATONAL', 3800, 'PEREIRA', 'ARMENIA', 1062),
(4971, 'BAVARIA NUEVA SEDE MANIZALES', 3800, 'PEREIRA', 'MANIZALES', 1062),
(4976, 'CONSERGE CALARCA', 3800, 'PEREIRA', 'CALARCA', 10045),
(4980, 'Supervisor Motorizado(C.A)', 3833, 'PEREIRA', 'PEREIRA', 1090),
(4981, 'Radio Operador  VISE (C.A)', 3833, 'PEREIRA', 'PEREIRA', 1000),
(4983, 'COORDINADOR(A) ADMINISTRATIVA', 3833, 'PEREIRA', 'PEREIRA', 10998),
(4987, 'RECORREDOR ARMENIA', 3833, 'PEREIRA', 'ARMENIA', 1090),
(4988, 'SECRETARIA OFICINA', 3833, 'PEREIRA', 'PEREIRA', 10998),
(4993, 'RECORREDOR', 3833, 'PEREIRA', 'CARTAGO', 10069),
(4994, 'TECNICO GERENCIA TECNOLOGICA', 3833, 'PEREIRA', 'PEREIRA', 10042),
(4995, 'AUXILIAR DE PROGRAMACION', 3833, 'PEREIRA', 'PEREIRA', 10998),
(4996, 'JEFE DE OPERACIONES', 3833, 'PEREIRA', 'PEREIRA', 10998),
(4997, 'SEVICIOS GENERALES PEREIRA', 3833, 'PEREIRA', 'PEREIRA', 10003),
(4998, 'SUPERVISOR MOTORIZADO', 3833, 'PEREIRA', 'PEREIRA', 1090),
(5002, 'SUPERVISOR MOTORIZADO', 3833, 'PEREIRA', 'MANIZALES', 1090),
(5003, 'PORTERIA OFICINAS VISE PEREIRA', 3833, 'PEREIRA', 'PEREIRA', 5015),
(5004, 'RONDAS CISA MANIZALES', 3833, 'PEREIRA', 'MANIZALES', 7007),
(5009, 'PREDIO CISA CLINICA MONTENEGRO', 5006, 'PEREIRA', 'MONTENEGRO', 5050),
(5013, 'CISA  RONDA 16929/LOTE 1', 5006, 'PEREIRA', 'MANIZALES', 10018),
(5014, 'CISA RONDA 16908/LOTE RURAL 1', 5006, 'PEREIRA', 'MANIZALES', 10018),
(5015, 'CISA RONDA  LOTE 17358', 5006, 'PEREIRA', 'MANIZALES', 10018),
(5016, 'CISA RONDA 18548/57/- 10 LOTES', 5006, 'PEREIRA', 'MANIZALES', 10018),
(5017, 'CISA RONDA 18558/67/ - 10 LOTES', 5006, 'PEREIRA', 'MANIZALES', 10018),
(5018, 'CISA RONDA 18648/ LT 1', 5006, 'PEREIRA', 'MANIZALES', 10018),
(5019, 'CISA RONDA 18649/C LT 12', 5006, 'PEREIRA', 'MANIZALES', 10018),
(5020, 'CISA RONDA 18650/LT 1', 5006, 'PEREIRA', 'MANIZALES', 10018),
(5021, 'CISA RONDA 18651/ LT 12', 5006, 'PEREIRA', 'MANIZALES', 10018),
(5022, 'CISA RONDA 18652/LT 6', 5006, 'PEREIRA', 'MANIZALES', 10018),
(5023, 'CISA RONDA SEMANAL 17008', 5006, 'PEREIRA', 'MANIZALES', 10018),
(5027, 'CISA RONDA SEMANAL 19743/LT B1', 5006, 'PEREIRA', 'PEREIRA', 10018),
(5028, 'CISA 2 RONDAS SEMANALES 17335/VLT 710', 5006, 'PEREIRA', 'MANIZALES', 10018),
(5029, 'CISA 2 RONDAS SEMANAL 17368/ LT 1', 5006, 'PEREIRA', 'MANIZALES', 10018),
(5030, 'CISA 2 RONDAS SEMANAL 17376/', 5006, 'PEREIRA', 'MANIZALES', 10018),
(5031, 'CISA 2 RONDAS SEMANAL 17372/ LT 325,494', 5006, 'PEREIRA', 'MANIZALES', 10018),
(5032, 'CISA 2 RONDAS SEMANAL 17365/LT 95', 5006, 'PEREIRA', 'MANIZALES', 10018),
(5033, 'CISA 2 RONDAS SEMANAL 17366/ LT 95', 5006, 'PEREIRA', 'MANIZALES', 10018),
(5034, 'CISA2 RONDAS SEMANAL 17326/', 5006, 'PEREIRA', 'MANIZALES', 10018),
(5035, 'CISA 2 RONDA SEMANAL 17372/ LT 325,494 Y 628', 5006, 'PEREIRA', 'MANIZALES', 10018),
(5036, 'CISA RONDA SEMANAL 18707/', 5006, 'PEREIRA', 'MANIZALES', 10018),
(5037, 'CISA RONDA SEMANAL 18708/', 5006, 'PEREIRA', 'MANIZALES', 10018),
(5038, 'CISA 2 RONDAS SEMANAL 17369/LT 189,388', 5006, 'PEREIRA', 'MANIZALES', 10018),
(5039, 'CISA 2 RONDAS SEMANAL  17371/ LT 189,388', 5006, 'PEREIRA', 'MANIZALES', 10018),
(5040, 'CISA 2 RONDAS SEMANAL 17377 -LT 189,388', 5006, 'PEREIRA', 'MANIZALES', 10018),
(5041, 'CISA 2 RONDAS SEMANAL 17373/', 5006, 'PEREIRA', 'MANIZALES', 10018),
(5042, 'CISA 2  RONDA SEMANAL 17374/LT 503', 5006, 'PEREIRA', 'MANIZALES', 10018),
(5043, 'CISA 2 RONDAS SEMANAL 17375/ LT 505', 5006, 'PEREIRA', 'MANIZALES', 10018),
(5044, 'RONDAS CLINICA MONTENEGRO', 5006, 'PEREIRA', 'MONTENEGRO', 10018),
(5049, 'CISA PACORA-URBANIZACION MARISCAL', 5006, 'PEREIRA', 'PÁCORA', 5050),
(5050, 'CISA CUBA PEREIRA', 5006, 'PEREIRA', 'PEREIRA', 1062),
(5054, 'BBVA CENTRO ARMENIA', 3871, 'PEREIRA', 'ARMENIA', 3095),
(5058, 'BBVA LOS ROSALES', 3871, 'PEREIRA', 'MANIZALES', 10065),
(5062, 'BBVA OFICINA 259', 3871, 'PEREIRA', 'CARTAGO', 10157),
(5066, 'BBVA OFICINA PRINCIPAL PEREIRA', 3871, 'PEREIRA', 'PEREIRA', 9094),
(5067, 'BBVA PPAL PLAZA DE BOLIVAR MANIZALES', 3871, 'PEREIRA', 'MANIZALES', 9094),
(5068, 'BBVA CENTRO TECNOLOGICO LAGO URIBE', 3871, 'PEREIRA', 'PEREIRA', 10067),
(5069, 'BBVA PINARES (LA REBECA) PEREIRA', 3871, 'PEREIRA', 'PEREIRA', 10065),
(5073, 'E-PAGO PEREIRA', 5070, 'PEREIRA', 'PEREIRA', 6039),
(5077, 'BANCOMPARTIR OFICINA ARMENIA', 3900, 'PEREIRA', 'ARMENIA', 9008),
(5081, 'BANCOMPARTIR OFICINA PEREIRA 2', 3900, 'PEREIRA', 'PEREIRA', 9008),
(5085, 'EXXON MOBIL CARTAGO RESIDENTE', 3938, 'PEREIRA', 'CARTAGO', 10045),
(5086, 'EXXON MOBIL CARTAGO PLANTA', 3938, 'PEREIRA', 'CARTAGO', 1113),
(5088, 'EXXON MOBIL CARTAGO RONDA INTERNA', 3938, 'PEREIRA', 'CARTAGO', 5052),
(5092, 'OFICINA(C.A)', 5089, 'PEREIRA', 'PEREIRA', 5064),
(5096, 'PORTERIA PLANTA CARTAGO', 5093, 'PEREIRA', 'CARTAGO', 1013),
(5097, 'RONDA PLANTA CARTAGO', 5093, 'PEREIRA', 'CARTAGO', 1013),
(5101, 'PORTERIA PLANTA PEREIRA', 5093, 'PEREIRA', 'PEREIRA', 1057),
(5106, 'PORTERIA DOSQUEBRADAS', 5093, 'PEREIRA', 'DOSQUEBRADAS', 1057),
(5110, 'PORTERIA PLANTA MANIZALES', 5093, 'PEREIRA', 'MANIZALES', 1048),
(5115, 'PORTERIA PLANTA HERVEO', 5093, 'PEREIRA', 'HERVEO', 1057),
(5120, 'PORTERIA PLANTA FRESNO', 5093, 'PEREIRA', 'FRESNO', 1013),
(5125, 'PORTERIA PLANTA MARIQUITA', 5093, 'PEREIRA', 'SAN SEBASTIÁN DE MARIQUITA', 1013),
(5126, 'RONDA PLANTA MARIQUITA', 5093, 'PEREIRA', 'SAN SEBASTIÁN DE MARIQUITA', 1013),
(5131, 'PORTERIA PREDIO LERIDA', 5093, 'PEREIRA', 'LÉRIDA', 1081),
(5132, 'APOYO CENTRAL DE SEGURIDAD', 5093, 'PEREIRA', 'DOSQUEBRADAS', 9091),
(5136, 'OFICINA NUEVA EPS PEREIRA', 3971, 'PEREIRA', 'PEREIRA', 5166),
(5140, 'OFICINA NUEVA EPS ARMENIA', 3971, 'PEREIRA', 'ARMENIA', 5166),
(5144, 'OFICINA NUEVA EPS MANIZALES', 3971, 'PEREIRA', 'MANIZALES', 5166),
(5149, 'OFICINA NUEVA EPS ZARZAL', 3971, 'PEREIRA', 'ZARZAL', 5166),
(5153, 'AUTOGERMANA PEREIRA', 3998, 'PEREIRA', 'PEREIRA', 5056),
(5158, 'CSS RIO FRIO RONDA', 5155, 'PEREIRA', 'RIOFRÍO', 5193),
(5159, 'CSS RIO FRIO  RONDA 2', 5155, 'PEREIRA', 'RIOFRÍO', 5193),
(5160, 'CSS RIO FRIO PORTERIA', 5155, 'PEREIRA', 'RIOFRÍO', 5052),
(5164, 'CSS LUCITANIA MANIZALES', 5155, 'PEREIRA', 'MANIZALES', 1062),
(5165, 'ADICIONAL CSS MANIZALES-SABINAS', 5155, 'PEREIRA', 'MANIZALES', 4054),
(5166, 'ADICIONAL CSS LOS SURTIPIELES', 5155, 'PEREIRA', 'MANIZALES', 1062),
(5170, 'APUESTAS AZAR COORDINACION', 5167, 'PEREIRA', 'CARTAGO', 10145),
(5171, 'APUESTAS AZAR CENTRO DE ACOPIO', 5167, 'PEREIRA', 'CARTAGO', 10145),
(5172, 'APUESTAS AZAR MACONDO', 5167, 'PEREIRA', 'CARTAGO', 10145),
(5173, 'APUESTAS AZAR OFICINA PRINCIPAL', 5167, 'PEREIRA', 'CARTAGO', 1062),
(5175, 'CD ANTIGUO PEREIRA RECORREDOR CANINO', 3800, 'PEREIRA', 'PEREIRA', 1062),
(10298, 'Coordinador Operativo  PEI # 1', 3773, 'PEREIRA', 'PEREIRA', 2027),
(10299, 'Lider de Control PEI # 1', 3773, 'PEREIRA', 'PEREIRA', 5052),
(10300, 'Agente de Control Medio Tiempo PEI # 1', 3773, 'PEREIRA', 'PEREIRA', 10134),
(10301, 'Agente de Control Medio Tiempo PEI # 2', 3773, 'PEREIRA', 'PEREIRA', 10134),
(10302, 'Agente de Control Medio Tiempo PEI # 3', 3773, 'PEREIRA', 'PEREIRA', 10134),
(10303, 'Agente de Control Medio Tiempo PEI # 4', 3773, 'PEREIRA', 'PEREIRA', 10134),
(10304, 'Agente de Control Medio Tiempo PEI # 5', 3773, 'PEREIRA', 'PEREIRA', 10134),
(10305, 'Agente de Control Medio Tiempo PEI # 6', 3773, 'PEREIRA', 'PEREIRA', 10134),
(10306, 'Agente de Control Medio Tiempo PEI # 7', 3773, 'PEREIRA', 'PEREIRA', 10134),
(10307, 'Agente de Control Medio Tiempo PEI # 8', 3773, 'PEREIRA', 'PEREIRA', 10134),
(10308, 'Agente de Control Medio Tiempo PEI # 9', 3773, 'PEREIRA', 'PEREIRA', 10134),
(10309, 'Agente de Control Medio Tiempo PEI # 10', 3773, 'PEREIRA', 'PEREIRA', 10134),
(10310, 'Agente de Control Medio Tiempo PEI # 11', 3773, 'PEREIRA', 'PEREIRA', 10134),
(10311, 'Agente de Control Medio Tiempo PEI # 12', 3773, 'PEREIRA', 'PEREIRA', 10134),
(10431, 'A. MINAS MANIZALES', 10331, 'PEREIRA', 'MANIZALES', 1004),
(10432, 'ESM MARMATO CALDAS', 10331, 'PEREIRA', 'MANIZALES', 1004),
(10671, 'PORTERIA PLANTA PEREIRA', 10378, 'PEREIRA', 'PEREIRA', 1004),
(10672, 'AEROPUERTO MATECANA', 10378, 'PEREIRA', 'PEREIRA', 5193),
(10676, 'PORTERIA PLANTA MANIZALES', 10378, 'PEREIRA', 'MANIZALES', 1004),
(10677, 'OFICINA/BODEGA PLANTA MANIZALES', 10378, 'PEREIRA', 'MANIZALES', 1004),
(10678, 'RECORREDOR PLANTA MANIZALES', 10378, 'PEREIRA', 'MANIZALES', 5193),
(10780, 'CONSERJE CD ANTIGUO PEREIRA', 3800, 'PEREIRA', 'PEREIRA', 1081),
(10938, 'RECCOREDOR PLANTA PEREIRA', 10378, 'PEREIRA', 'PEREIRA', 5303),
(22311, 'SUPERVISOR / A/C INSP. CATERING PEREIRA', 9428, 'PEREIRA', 'PEREIRA', 10061),
(22312, 'BAGGAGE MAKE UP (BMU) PEREIRA', 9428, 'PEREIRA', 'PEREIRA', 10027),
(22313, 'X - RAY PEREIRA', 9428, 'PEREIRA', 'PEREIRA', 10186),
(22314, 'RAMP PERIMETER PEREIRA', 9428, 'PEREIRA', 'PEREIRA', 10136),
(22315, 'AIRCRAFT ACCESS CONTROL PEREIRA', 9428, 'PEREIRA', 'PEREIRA', 10136),
(22316, 'CARGO INSPECTION PEREIRA', 9428, 'PEREIRA', 'PEREIRA', 10136),
(22317, 'ACCESS CONTROL / SEALS PEREIRA', 9428, 'PEREIRA', 'PEREIRA', 10136),
(22347, 'PLATAFORMA 1', 3773, 'PEREIRA', 'ARMENIA', 1012),
(22361, 'LOTE II MERCASA/BANCOLOMBIA', 10378, 'PEREIRA', 'PEREIRA', 10018),
(22570, 'SEDE ADM / CAV  PEREIRA I', 3947, 'PEREIRA', 'PEREIRA', 1062),
(22571, 'CAV PEREIRA I', 3947, 'PEREIRA', 'PEREIRA', 5311),
(22572, 'CAV PEREIRA II', 3947, 'PEREIRA', 'PEREIRA', 1062),
(22573, 'CCM PEREIRA', 3947, 'PEREIRA', 'PEREIRA', 1062),
(22574, 'ADMIN. PEREIRA', 3947, 'PEREIRA', 'PEREIRA', 1062);

-- --------------------------------------------------------

--
-- Estructura de tabla para la tabla `seguridad_social`
--

CREATE TABLE `seguridad_social` (
  `id_registro` int(100) NOT NULL,
  `empleado_id` int(20) NOT NULL,
  `afp` varchar(45) NOT NULL,
  `afc` varchar(45) NOT NULL,
  `arl` varchar(50) NOT NULL,
  `eps` varchar(45) NOT NULL,
  `ccf` varchar(45) NOT NULL
) ENGINE=InnoDB DEFAULT CHARSET=utf8;

--
-- Volcado de datos para la tabla `seguridad_social`
--

INSERT INTO `seguridad_social` (`id_registro`, `empleado_id`, `afp`, `afc`, `arl`, `eps`, `ccf`) VALUES
(1, 2316358, '138', '137', '84', '11', '99'),
(2, 2680820, '74', '137', '84', '112', '120'),
(3, 4372275, '74', '136', '84', '86', '115'),
(4, 4391851, '74', '138', '84', '73', '46'),
(5, 4415933, '74', '137', '84', '73', '99'),
(6, 4446750, '47', '137', '84', '112', '99'),
(7, 4512715, '26', '136', '84', '112', '46'),
(8, 4578632, '37', '138', '84', '112', '46'),
(9, 7549474, '47', '137', '84', '112', '115'),
(10, 7959553, '74', '136', '84', '86', '46'),
(11, 9697467, '47', '137', '84', '123', '46'),
(12, 9697804, '37', '138', '84', '112', '46'),
(13, 9726942, '26', '139', '84', '123', '115'),
(14, 9727897, '26', '139', '84', '86', '115'),
(15, 9728928, '74', '139', '84', '112', '115'),
(16, 9735423, '47', '139', '84', '86', '115'),
(17, 9809507, '47', '137', '84', '86', '115'),
(18, 9862498, '47', '137', '84', '112', '46'),
(19, 9921457, '74', '137', '84', '112', '46'),
(20, 9957041, '26', '137', '84', '11', '46'),
(21, 9971779, '74', '139', '84', '112', '99'),
(22, 9977165, '47', '137', '84', '11', '99'),
(23, 9992812, '74', '138', '84', '112', '46'),
(24, 10008438, '47', '137', '84', '86', '46'),
(25, 10127786, '26', '137', '84', '112', '46'),
(26, 10128205, '74', '138', '84', '112', '46'),
(27, 10186008, '47', '137', '84', '86', '46'),
(28, 10263787, '47', '137', '84', '22', '99'),
(29, 10273868, '74', '137', '84', '112', '99'),
(30, 10281008, '74', '137', '84', '112', '99'),
(31, 10286362, '74', '137', '84', '22', '99'),
(32, 13993559, '47', '137', '84', '73', '120'),
(33, 14571153, '47', '137', '84', '107', '120'),
(34, 14571892, '74', '137', '84', '463', '120'),
(35, 15908017, '47', '137', '84', '123', '46'),
(36, 15956575, '74', '139', '84', '11', '99'),
(37, 15959151, '47', '', '84', '112', '99'),
(38, 15959842, '74', '137', '84', '73', '99'),
(39, 16045186, '47', '137', '84', '123', '46'),
(40, 16055698, '47', '136', '84', '112', '46'),
(41, 16226344, '47', '137', '84', '112', '120'),
(42, 16232307, '26', '137', '84', '112', '120'),
(43, 16485243, '74', '139', '84', '73', '46'),
(44, 16627207, '47', '138', '84', '112', '46'),
(45, 18398705, '47', '139', '84', '86', '115'),
(46, 18402946, '26', '137', '84', '86', '115'),
(47, 18403227, '47', '137', '84', '73', '115'),
(48, 18492028, '47', '137', '84', '112', '115'),
(49, 18532107, '74', '137', '84', '86', '46'),
(50, 18596498, '47', '137', '84', '86', '46'),
(51, 18598051, '47', '137', '84', '112', '46'),
(52, 18598209, '47', '137', '84', '123', '46'),
(53, 18606864, '74', '138', '84', '73', '120'),
(54, 24398541, '26', '140', '84', '112', '46'),
(55, 29435277, '74', '137', '84', '135', '46'),
(56, 30360511, '26', '136', '84', '86', '99'),
(57, 31412768, '47', '137', '84', '112', '115'),
(58, 41912001, '47', '139', '84', '130', '115'),
(59, 42159210, '47', '140', '84', '22', '46'),
(60, 72252082, '26', '136', '84', '86', '46'),
(61, 75033492, '26', '137', '84', '112', '99'),
(62, 75050002, '47', '137', '84', '86', '46'),
(63, 75077610, '26', '137', '84', '22', '99'),
(64, 75079795, '74', '137', '84', '86', '99'),
(65, 75081513, '47', '137', '84', '86', '99'),
(66, 75084858, '47', '137', '84', '11', '99'),
(67, 75085511, '26', '137', '84', '11', '99'),
(68, 75101610, '47', '137', '84', '11', '46'),
(69, 75102420, '37', '137', '84', '86', '99'),
(70, 75143474, '47', '137', '84', '130', '63'),
(71, 75144459, '26', '137', '84', '86', '46'),
(72, 75146518, '26', '137', '84', '86', '46'),
(73, 83241316, '37', '139', '84', '212', '90'),
(74, 89004457, '37', '136', '84', '112', '115'),
(75, 93383597, '74', '137', '84', '123', '46'),
(76, 94288775, '37', '137', '84', '86', '46'),
(77, 94310956, '74', '139', '84', '123', '46'),
(78, 94393066, '47', '137', '84', '129', '120'),
(79, 94463013, '47', '137', '84', '86', '115'),
(80, 94533834, '26', '139', '84', '86', '115'),
(81, 1004211221, '47', '137', '84', '463', '99'),
(82, 1053791943, '47', '137', '84', '123', '99'),
(83, 1053794211, '74', '140', '84', '11', '99'),
(84, 1053800432, '26', '137', '84', '112', '99'),
(85, 1054916493, '47', '137', '84', '112', '46'),
(86, 1054990354, '26', '137', '84', '11', '99'),
(87, 1057757266, '47', '137', '84', '123', '46'),
(88, 1059785331, '26', '136', '84', '11', '99'),
(89, 1059812970, '47', '137', '84', '11', '99'),
(90, 1060590364, '47', '137', '84', '123', '99'),
(91, 1060646253, '37', '137', '84', '86', '99'),
(92, 1061624208, '37', '137', '84', '86', '99'),
(93, 1061625000, '37', '137', '84', '11', '99'),
(94, 1086278089, '74', '139', '84', '11', '46'),
(95, 1088002131, '47', '137', '84', '86', '46'),
(96, 1088003280, '47', '137', '84', '73', '46'),
(97, 1088021467, '47', '137', '84', '22', '46'),
(98, 1088028024, '47', '137', '84', '463', '46'),
(99, 1088238927, '26', '137', '84', '86', '46'),
(100, 1088245901, '26', '137', '84', '22', '46'),
(101, 1088248409, '26', '139', '84', '112', '46'),
(102, 1088273174, '47', '137', '84', '112', '46'),
(103, 1088292581, '47', '137', '84', '86', '46'),
(104, 1088300094, '26', '137', '84', '11', '46'),
(105, 1088313813, '26', '137', '84', '112', '46'),
(106, 1088321795, '47', '137', '84', '86', '46'),
(107, 1088327284, '26', '137', '84', '11', '46'),
(108, 1089746531, '26', '137', '84', '463', '46'),
(109, 1090336662, '47', '137', '84', '463', '46'),
(110, 1093215267, '47', '137', '84', '86', '46'),
(111, 1094882530, '26', '136', '84', '86', '115'),
(112, 1094902525, '26', '136', '84', '112', '115'),
(113, 1094911267, '26', '137', '84', '86', '115'),
(114, 1096032319, '26', '137', '84', '112', '115'),
(115, 1096646154, '47', '', '84', '107', '46'),
(116, 1097729714, '47', '137', '84', '73', '115'),
(117, 1104675026, '26', '136', '84', '123', '96'),
(118, 1109293858, '47', '139', '84', '11', '99'),
(119, 1109296032, '47', '', '84', '86', '96'),
(120, 1109298865, '47', '137', '84', '22', '99'),
(121, 1112302799, '47', '137', '84', '73', '120'),
(122, 1112761152, '47', '137', '84', '112', '120'),
(123, 1112769004, '47', '137', '84', '112', '46'),
(124, 1112770431, '47', '137', '84', '123', '120'),
(125, 1112780067, '47', '137', '84', '463', '120'),
(126, 1112784664, '47', '137', '84', '123', '120'),
(127, 1113512846, '26', '137', '84', '11', '99'),
(128, 1113533829, '47', '137', '84', '73', '46'),
(129, 1113779033, '47', '137', '84', '73', '120'),
(130, 1114092888, '26', '137', '84', '112', '120'),
(131, 1114120754, '47', '137', '84', '86', '120'),
(132, 1116264342, '47', '137', '84', '123', '120'),
(133, 1116437684, '37', '137', '84', '123', '120'),
(134, 1116726252, '47', '137', '84', '11', '46'),
(135, 1143946915, '47', '137', '84', '11', '99'),
(136, 0, '6318', '18119', '11340', '13682', '11007'),
(137, 0, '', '', '', '', ''),
(138, 0, '', '', '', '', '');

-- --------------------------------------------------------

--
-- Estructura de tabla para la tabla `tipo_contrato`
--

CREATE TABLE `tipo_contrato` (
  `id_tipo_contrato` int(20) NOT NULL,
  `descripcion` varchar(50) NOT NULL
) ENGINE=InnoDB DEFAULT CHARSET=utf8;

--
-- Volcado de datos para la tabla `tipo_contrato`
--

INSERT INTO `tipo_contrato` (`id_tipo_contrato`, `descripcion`) VALUES
(1, 'ANTIGUA CONTRATACION OPERATIVOS (Q)'),
(2, 'ANTIGUA CONTRATACION PENSIONADOS (Q)'),
(3, 'ANTIGUA CONTRATACION OPERATIVO (M)'),
(20, 'CONTRATACION NIVELADOS OPERATIVOS (Q)'),
(21, 'CONTRATACION NIVELADOS PENSIONADOS (Q)'),
(22, 'CONTRATACION NIVELADOS OPERATIVOS (M)'),
(23, 'CONTRATACION NIVELADOS PESIONADOS (M)'),
(40, 'NUEVA CONTRATACION OPERATIVOS (Q)'),
(42, 'NUEVA CONTRATACION OPERATIVOS (M)'),
(60, 'NOMINAS PLANAS (Q)'),
(61, 'NOMINAS PLANAS PENSIONADOS (Q)'),
(62, 'NOMINAS PLANAS (M)'),
(80, 'GARANTIZADOS ADMINISTRATIVOS (Q)'),
(81, 'GARANTIZADOS ADMINISTRATIVOS PENS. (Q)'),
(83, 'GARANTIZADOS ADMINISTRATIVOS PENS. (M)'),
(100, 'GARANTIZADOS OPERATIVOS (Q)'),
(102, 'GARANTIZADOS OPERATIVOS (M)'),
(124, 'NOMINAS APRENDICES (Q)');

-- --------------------------------------------------------

--
-- Estructura de tabla para la tabla `ubicacion`
--

CREATE TABLE `ubicacion` (
  `id_registro` int(100) NOT NULL,
  `puesto_id` int(50) NOT NULL,
  `nombre_puesto` varchar(50) NOT NULL,
  `cliente_id` int(50) NOT NULL,
  `direccion_puesto` varchar(50) NOT NULL,
  `ciudad` varchar(45) NOT NULL,
  `modalidad_id` int(50) NOT NULL,
  `empleado_id` int(20) NOT NULL,
  `fecha_ingreso` date NOT NULL,
  `fecha_salida` date NOT NULL
) ENGINE=InnoDB DEFAULT CHARSET=utf8;

--
-- Volcado de datos para la tabla `ubicacion`
--

INSERT INTO `ubicacion` (`id_registro`, `puesto_id`, `nombre_puesto`, `cliente_id`, `direccion_puesto`, `ciudad`, `modalidad_id`, `empleado_id`, `fecha_ingreso`, `fecha_salida`) VALUES
(1, 4963, 'CD PEREIRA RECEPCION', 3800, 'PEREIRA PEREIRA', 'PEREIRA', 1062, 18606864, '1996-11-16', '0000-00-00'),
(2, 5085, 'EXXON MOBIL CARTAGO RESIDENTE', 3938, 'PEREIRA CARTAGO', 'CARTAGO', 10045, 16226344, '2017-02-13', '0000-00-00'),
(3, 10473, 'CONSERJE CD ANTIGUO PEREIRA', 3800, 'PEREIRA PEREIRA', 'PEREIRA', 9049, 18598209, '2017-11-13', '0000-00-00'),
(4, 5088, 'EXXON MOBIL CARTAGO RONDA INTERNA', 3938, 'PEREIRA CARTAGO', 'CARTAGO', 5052, 1112770431, '2017-02-07', '0000-00-00'),
(5, 10439, 'OFICINA/BODEGA PLANTA MANIZALES', 10378, 'PEREIRA MANIZALES', 'MANIZALES', 1004, 2316358, '2017-05-01', '0000-00-00'),
(6, 5054, 'BBVA CENTRO ARMENIA', 3871, 'PEREIRA ARMENIA', 'ARMENIA', 3095, 94463013, '2017-02-09', '0000-00-00'),
(7, 10437, 'AEROPUERTO MATECANA', 10378, 'PEREIRA PEREIRA', 'PEREIRA', 5193, 9921457, '2017-05-01', '0000-00-00'),
(8, 10439, 'OFICINA/BODEGA PLANTA MANIZALES', 10378, 'PEREIRA MANIZALES', 'MANIZALES', 1004, 75084858, '2017-05-01', '0000-00-00'),
(9, 5088, 'EXXON MOBIL CARTAGO RONDA INTERNA', 3938, 'PEREIRA CARTAGO', 'CARTAGO', 5052, 1112780067, '2017-11-03', '0000-00-00'),
(10, 0, '', 5155, 'PEREIRA MANIZALES', 'MANIZALES', 4054, 15956575, '1997-05-03', '0000-00-00'),
(11, 5002, 'SUPERVISOR MOTORIZADO', 3833, 'PEREIRA MANIZALES', 'MANIZALES', 1090, 75079795, '2017-04-28', '0000-00-00'),
(12, 5002, 'SUPERVISOR MOTORIZADO', 3833, 'PEREIRA MANIZALES', 'MANIZALES', 1000, 1053794211, '2017-02-08', '0000-00-00'),
(13, 4967, 'CD ARMENIA PORTERIA PEATONAL', 3800, 'PEREIRA ARMENIA', 'ARMENIA', 1062, 1094882530, '2017-01-07', '0000-00-00'),
(14, 4981, 'Radio Operador  VISE (C.A)', 3833, 'PEREIRA PEREIRA', 'PEREIRA', 1000, 16485243, '1997-01-08', '0000-00-00'),
(15, 4958, 'RAYOS X ARMENIA', 3773, 'PEREIRA ARMENIA', 'ARMENIA', 3122, 1094911267, '2017-02-12', '0000-00-00'),
(16, 5092, 'OFICINA(C.A)', 5089, 'PEREIRA PEREIRA', 'PEREIRA', 5064, 4391851, '1997-04-09', '0000-00-00'),
(17, 5054, 'BBVA CENTRO ARMENIA', 3871, 'PEREIRA ARMENIA', 'ARMENIA', 3095, 89004457, '2017-03-07', '0000-00-00'),
(18, 4955, 'PLATAFORMA 2', 3773, 'PEREIRA ARMENIA', 'ARMENIA', 1062, 94533834, '2017-03-19', '0000-00-00'),
(19, 5081, 'BANCOMPARTIR OFICINA PEREIRA 2', 3900, 'PEREIRA PEREIRA', 'PEREIRA', 9008, 16627207, '1996-11-16', '0000-00-00'),
(20, 5073, 'E-PAGO PEREIRA', 5070, 'PEREIRA PEREIRA', 'PEREIRA', 6039, 10127786, '2017-09-01', '0000-00-00'),
(21, 4987, 'RECORREDOR ARMENIA', 3833, 'PEREIRA ARMENIA', 'ARMENIA', 1090, 4372275, '2017-10-24', '0000-00-00'),
(22, 4971, 'BAVARIA NUEVA SEDE MANIZALES', 3800, 'PEREIRA MANIZALES', 'MANIZALES', 1062, 1061625000, '2016-12-22', '0000-00-00'),
(23, 4939, 'PLATAFORMA 1', 3773, 'PEREIRA MANIZALES', 'MANIZALES', 5052, 1053791943, '2017-05-24', '0000-00-00'),
(24, 10439, 'OFICINA/BODEGA PLANTA MANIZALES', 10378, 'PEREIRA MANIZALES', 'MANIZALES', 1004, 1143946915, '2017-05-03', '0000-00-00'),
(25, 4950, 'INSPECTOR - CUSTODIA CARGA Y CORREO ATO PEI', 3773, 'PEREIRA PEREIRA', 'PEREIRA', 1062, 1116726252, '2017-11-01', '0000-00-00'),
(26, 5160, 'CSS RIO FRIO PORTERIA', 5155, 'PEREIRA RIOFRÍO', 'RIOFRÍO', 5052, 1114120754, '2016-06-13', '0000-00-00'),
(27, 4937, 'PLATAFORMA 1', 3773, 'PEREIRA MANIZALES', 'MANIZALES', 5052, 75033492, '2017-06-27', '0000-00-00'),
(28, 4963, 'CD PEREIRA RECEPCION', 3800, 'PEREIRA PEREIRA', 'PEREIRA', 1062, 1093215267, '2017-01-14', '0000-00-00'),
(29, 5159, 'CSS RIO FRIO  RONDA 2', 5155, 'PEREIRA RIOFRÍO', 'RIOFRÍO', 5193, 1112302799, '2017-11-07', '0000-00-00'),
(30, 5149, 'OFICINA NUEVA EPS ZARZAL', 3971, 'PEREIRA ZARZAL', 'ZARZAL', 5064, 1113779033, '2017-02-15', '0000-00-00'),
(31, 5153, 'AUTOGERMANA PEREIRA', 3998, 'PEREIRA PEREIRA', 'PEREIRA', 5056, 16045186, '2017-03-28', '0000-00-00'),
(32, 4998, 'SUPERVISOR MOTORIZADO', 3833, 'PEREIRA PEREIRA', 'PEREIRA', 1090, 75146518, '2017-08-19', '0000-00-00'),
(33, 0, '', 5155, 'PEREIRA MANIZALES', 'MANIZALES', 5050, 4415933, '2016-02-28', '0000-00-00'),
(34, 5140, 'OFICINA NUEVA EPS ARMENIA', 3971, 'PEREIRA ARMENIA', 'ARMENIA', 5064, 30360511, '2017-02-15', '0000-00-00'),
(35, 5144, 'OFICINA NUEVA EPS MANIZALES', 3971, 'PEREIRA MANIZALES', 'MANIZALES', 5064, 1097729714, '2017-02-21', '0000-00-00'),
(36, 5149, 'OFICINA NUEVA EPS ZARZAL', 3971, 'PEREIRA ZARZAL', 'ZARZAL', 5166, 13993559, '2017-11-11', '0000-00-00'),
(37, 5003, 'PORTERIA OFICINAS VISE PEREIRA', 3833, 'PEREIRA PEREIRA', 'PEREIRA', 10064, 7549474, '2012-12-28', '0000-00-00'),
(38, 5002, 'SUPERVISOR MOTORIZADO', 3833, 'PEREIRA MANIZALES', 'MANIZALES', 1090, 9971779, '2017-04-27', '0000-00-00'),
(39, 4938, 'PLATAFORMA 3', 3773, 'PEREIRA MANIZALES', 'MANIZALES', 5052, 1109293858, '2017-03-07', '0000-00-00'),
(40, 5158, 'CSS RIO FRIO RONDA', 5155, 'PEREIRA RIOFRÍO', 'RIOFRÍO', 5193, 1112784664, '2016-02-28', '0000-00-00'),
(41, 5159, 'CSS RIO FRIO  RONDA 2', 5155, 'PEREIRA RIOFRÍO', 'RIOFRÍO', 5193, 94393066, '2017-03-04', '0000-00-00'),
(42, 4950, 'INSPECTOR - CUSTODIA CARGA Y CORREO ATO PEI', 3773, 'PEREIRA PEREIRA', 'PEREIRA', 1062, 94310956, '2017-04-29', '0000-00-00'),
(43, 5158, 'CSS RIO FRIO RONDA', 5155, 'PEREIRA RIOFRÍO', 'RIOFRÍO', 5193, 1116264342, '2016-02-28', '0000-00-00'),
(44, 4998, 'SUPERVISOR MOTORIZADO', 3833, 'PEREIRA PEREIRA', 'PEREIRA', 1090, 75144459, '2017-03-27', '0000-00-00'),
(45, 10436, 'PORTERIA PLANTA PEREIRA', 10378, 'PEREIRA PEREIRA', 'PEREIRA', 1004, 1088238927, '2017-11-01', '0000-00-00'),
(46, 4963, 'CD PEREIRA RECEPCION', 3800, 'PEREIRA PEREIRA', 'PEREIRA', 1062, 9957041, '2017-03-07', '0000-00-00'),
(47, 5086, 'EXXON MOBIL CARTAGO PLANTA', 3938, 'PEREIRA CARTAGO', 'CARTAGO', 1062, 14571153, '2017-04-06', '0000-00-00'),
(48, 0, '', 5155, 'PEREIRA MANIZALES', 'MANIZALES', 1062, 75085511, '2017-12-04', '0000-00-00'),
(49, 5066, 'BBVA OFICINA PRINCIPAL PEREIRA', 3871, 'PEREIRA PEREIRA', 'PEREIRA', 9094, 1088321795, '2017-11-28', '0000-00-00'),
(50, 5086, 'EXXON MOBIL CARTAGO PLANTA', 3938, 'PEREIRA CARTAGO', 'CARTAGO', 1062, 1112761152, '2017-04-18', '0000-00-00'),
(51, 5166, 'ADICIONAL CSS LOS SURTIPIELES', 5155, 'PEREIRA MANIZALES', 'MANIZALES', 1062, 1113512846, '2017-10-20', '0000-00-00'),
(52, 5166, 'ADICIONAL CSS LOS SURTIPIELES', 5155, 'PEREIRA MANIZALES', 'MANIZALES', 1062, 1059785331, '2017-03-01', '0000-00-00'),
(53, 5144, 'OFICINA NUEVA EPS MANIZALES', 3971, 'PEREIRA MANIZALES', 'MANIZALES', 5166, 1061624208, '2017-04-07', '0000-00-00'),
(54, 0, '', 5155, 'PEREIRA MANIZALES', 'MANIZALES', 5050, 1109296032, '2017-03-30', '0000-00-00'),
(55, 5069, 'BBVA PINARES (LA REBECA) PEREIRA', 3871, 'PEREIRA PEREIRA', 'PEREIRA', 10065, 10186008, '2017-08-24', '0000-00-00'),
(56, 10440, 'RECORREDOR PLANTA MANIZALES', 10378, 'PEREIRA MANIZALES', 'MANIZALES', 5193, 10273868, '2017-05-01', '0000-00-00'),
(57, 10438, 'PORTERIA PLANTA MANIZALES', 10378, 'PEREIRA MANIZALES', 'MANIZALES', 1004, 75081513, '2017-05-01', '0000-00-00'),
(58, 10438, 'PORTERIA PLANTA MANIZALES', 10378, 'PEREIRA MANIZALES', 'MANIZALES', 1004, 10286362, '2017-05-01', '0000-00-00'),
(59, 10436, 'PORTERIA PLANTA PEREIRA', 10378, 'PEREIRA PEREIRA', 'PEREIRA', 1004, 18532107, '2017-05-01', '0000-00-00'),
(60, 10436, 'PORTERIA PLANTA PEREIRA', 10378, 'PEREIRA PEREIRA', 'PEREIRA', 1004, 15908017, '2017-05-01', '0000-00-00'),
(61, 10494, 'RECCOREDOR PLANTA PEREIRA', 10378, 'PEREIRA PEREIRA', 'PEREIRA', 5303, 93383597, '2017-05-01', '0000-00-00'),
(62, 5003, 'PORTERIA OFICINAS VISE PEREIRA', 3833, 'PEREIRA PEREIRA', 'PEREIRA', 1000, 1089746531, '2017-10-20', '0000-00-00'),
(63, 4976, 'CONSERGE CALARCA', 3800, 'PEREIRA CALARCA', 'CALARCA', 10045, 31412768, '2017-04-01', '0000-00-00'),
(64, 4981, 'Radio Operador  VISE (C.A)', 3833, 'PEREIRA PEREIRA', 'PEREIRA', 1000, 75143474, '2017-04-11', '0000-00-00'),
(65, 4946, 'ENTRADA/ SALIDA DE EQUIPAJES', 3773, 'PEREIRA PEREIRA', 'PEREIRA', 3000, 14571892, '2017-08-30', '0000-00-00'),
(66, 4949, 'CONTROL ACCESO HUB PEI', 3773, 'PEREIRA PEREIRA', 'PEREIRA', 1062, 16055698, '2017-05-16', '0000-00-00'),
(67, 10309, 'Agente de Control Medio Tiempo PEI # 10', 3773, 'Agente de Control Medio Tiempo PEI # 10 Agente de ', 'Agente de Control Medio Tiempo PEI # 10', 3000, 1088292581, '2017-10-01', '0000-00-00'),
(68, 4980, 'Supervisor Motorizado(C.A)', 3833, 'PEREIRA PEREIRA', 'PEREIRA', 1090, 18598051, '2016-09-16', '0000-00-00'),
(69, 5003, 'PORTERIA OFICINAS VISE PEREIRA', 3833, 'PEREIRA PEREIRA', 'PEREIRA', 10064, 1053800432, '2017-05-31', '0000-00-00'),
(70, 10303, 'Agente de Control Medio Tiempo PEI # 4', 3773, 'Agente de Control Medio Tiempo PEI # 4 Agente de C', 'Agente de Control Medio Tiempo PEI # 4', 5166, 1088003280, '2017-10-01', '0000-00-00'),
(71, 4987, 'RECORREDOR ARMENIA', 3833, 'PEREIRA ARMENIA', 'ARMENIA', 1090, 9728928, '2017-06-23', '0000-00-00'),
(72, 5077, 'BANCOMPARTIR OFICINA ARMENIA', 3900, 'PEREIRA ARMENIA', 'ARMENIA', 3077, 18492028, '2017-02-28', '0000-00-00'),
(73, 4971, 'BAVARIA NUEVA SEDE MANIZALES', 3800, 'PEREIRA MANIZALES', 'MANIZALES', 1062, 15959151, '2017-03-01', '0000-00-00'),
(74, 4958, 'RAYOS X ARMENIA', 3773, 'PEREIRA ARMENIA', 'ARMENIA', 3122, 9726942, '2017-08-01', '0000-00-00'),
(75, 4950, 'INSPECTOR - CUSTODIA CARGA Y CORREO ATO PEI', 3773, 'PEREIRA PEREIRA', 'PEREIRA', 1062, 7959553, '2003-04-03', '0000-00-00'),
(76, 10307, 'Agente de Control Medio Tiempo PEI # 8', 3773, 'Agente de Control Medio Tiempo PEI # 8 Agente de C', 'Agente de Control Medio Tiempo PEI # 8', 5166, 1088002131, '2017-10-01', '0000-00-00'),
(77, 4980, 'Supervisor Motorizado(C.A)', 3833, 'PEREIRA PEREIRA', 'PEREIRA', 1090, 9862498, '2017-05-05', '0000-00-00'),
(78, 5088, 'EXXON MOBIL CARTAGO RONDA INTERNA', 3938, 'PEREIRA CARTAGO', 'CARTAGO', 5052, 1116437684, '2017-06-19', '0000-00-00'),
(79, 4948, 'CONTROL - CUSTODIA CARGA Y CORREO HUB PEI', 3773, 'PEREIRA PEREIRA', 'PEREIRA', 3126, 1088313813, '2017-08-12', '0000-00-00'),
(80, 5003, 'PORTERIA OFICINAS VISE PEREIRA', 3833, 'PEREIRA PEREIRA', 'PEREIRA', 5166, 1113533829, '2017-05-15', '0000-00-00'),
(81, 5003, 'PORTERIA OFICINAS VISE PEREIRA', 3833, 'PEREIRA PEREIRA', 'PEREIRA', 5166, 1088327284, '2017-05-15', '0000-00-00'),
(82, 5003, 'PORTERIA OFICINAS VISE PEREIRA', 3833, 'PEREIRA PEREIRA', 'PEREIRA', 5166, 1112769004, '2017-05-15', '0000-00-00'),
(83, 4948, 'CONTROL - CUSTODIA CARGA Y CORREO HUB PEI', 3773, 'PEREIRA PEREIRA', 'PEREIRA', 3126, 9697467, '2017-11-13', '0000-00-00'),
(84, 22222, 'PLATAFORMA 1', 3773, 'PEREIRA ARMENIA', 'ARMENIA', 1012, 9735423, '2017-10-03', '0000-00-00'),
(85, 4971, 'BAVARIA NUEVA SEDE MANIZALES', 3800, 'PEREIRA MANIZALES', 'MANIZALES', 1062, 75102420, '2017-08-19', '0000-00-00'),
(86, 5165, 'ADICIONAL CSS MANIZALES-SABINAS', 5155, 'PEREIRA MANIZALES', 'MANIZALES', 1062, 1054990354, '2017-05-12', '0000-00-00'),
(87, 4987, 'RECORREDOR ARMENIA', 3833, 'PEREIRA ARMENIA', 'ARMENIA', 1090, 18402946, '2016-09-21', '0000-00-00'),
(88, 4955, 'PLATAFORMA 2', 3773, 'PEREIRA ARMENIA', 'ARMENIA', 3006, 41912001, '2017-07-06', '0000-00-00'),
(89, 4949, 'CONTROL ACCESO HUB PEI', 3773, 'PEREIRA PEREIRA', 'PEREIRA', 1062, 1096646154, '2017-10-27', '0000-00-00'),
(90, 4938, 'PLATAFORMA 3', 3773, 'PEREIRA MANIZALES', 'MANIZALES', 1000, 1060646253, '2017-10-11', '0000-00-00'),
(91, 4967, 'CD ARMENIA PORTERIA PEATONAL', 3800, 'PEREIRA ARMENIA', 'ARMENIA', 1062, 18398705, '2017-04-10', '0000-00-00'),
(92, 10310, 'Agente de Control Medio Tiempo PEI # 11', 3773, 'Agente de Control Medio Tiempo PEI # 11 Agente de ', 'Agente de Control Medio Tiempo PEI # 11', 10129, 1054916493, '2017-10-01', '0000-00-00'),
(93, 10308, 'Agente de Control Medio Tiempo PEI # 9', 3773, 'Agente de Control Medio Tiempo PEI # 9 Agente de C', 'Agente de Control Medio Tiempo PEI # 9', 10129, 10008438, '2017-10-01', '0000-00-00'),
(94, 10302, 'Agente de Control Medio Tiempo PEI # 3', 3773, 'Agente de Control Medio Tiempo PEI # 3 Agente de C', 'Agente de Control Medio Tiempo PEI # 3', 5166, 1057757266, '2017-10-01', '0000-00-00'),
(95, 5003, 'PORTERIA OFICINAS VISE PEREIRA', 3833, 'PEREIRA PEREIRA', 'PEREIRA', 5166, 29435277, '2017-10-30', '0000-00-00'),
(96, 10300, 'Agente de Control Medio Tiempo PEI # 1', 3773, 'Agente de Control Medio Tiempo PEI # 1 Agente de C', 'Agente de Control Medio Tiempo PEI # 1', 10129, 9697804, '2017-10-01', '0000-00-00'),
(97, 4956, 'REFUERZO DE PLATAFORMA', 3773, 'PEREIRA PEREIRA', 'PEREIRA', 3000, 4512715, '2017-09-20', '0000-00-00'),
(98, 10299, 'Lider de Control PEI # 1', 3773, 'Lider de Control PEI # 1 Lider de Control PEI # 1', 'Lider de Control PEI # 1', 5052, 42159210, '2011-02-16', '0000-00-00'),
(99, 10304, 'Agente de Control Medio Tiempo PEI # 5', 3773, 'Agente de Control Medio Tiempo PEI # 5 Agente de C', 'Agente de Control Medio Tiempo PEI # 5', 10129, 24398541, '2017-10-01', '0000-00-00'),
(100, 10305, 'Agente de Control Medio Tiempo PEI # 6', 3773, 'Agente de Control Medio Tiempo PEI # 6 Agente de C', 'Agente de Control Medio Tiempo PEI # 6', 10129, 1088245901, '2017-10-01', '0000-00-00'),
(101, 10298, 'Coordinador Operativo  PEI # 1', 3773, 'Coordinador Operativo  PEI # 1 Coordinador Operati', 'Coordinador Operativo  PEI # 1', 2002, 83241316, '2011-02-16', '0000-00-00'),
(102, 4949, 'CONTROL ACCESO HUB PEI', 3773, 'PEREIRA PEREIRA', 'PEREIRA', 1062, 72252082, '2017-08-01', '0000-00-00'),
(103, 4956, 'REFUERZO DE PLATAFORMA', 3773, 'PEREIRA PEREIRA', 'PEREIRA', 2010, 75050002, '2017-01-13', '0000-00-00'),
(104, 10473, 'CONSERJE CD ANTIGUO PEREIRA', 3800, 'PEREIRA PEREIRA', 'PEREIRA', 1000, 1088300094, '2017-10-30', '0000-00-00'),
(105, 10438, 'PORTERIA PLANTA MANIZALES', 10378, 'PEREIRA MANIZALES', 'MANIZALES', 1004, 1104675026, '2017-04-29', '0000-00-00'),
(106, 5067, 'BBVA PPAL PLAZA DE BOLIVAR MANIZALES', 3871, 'PEREIRA MANIZALES', 'MANIZALES', 9094, 1059812970, '2016-10-11', '0000-00-00'),
(107, 4947, 'PLATAFORMA', 3773, 'PEREIRA PEREIRA', 'PEREIRA', 1000, 1088248409, '2017-04-09', '0000-00-00'),
(108, 4955, 'PLATAFORMA 2', 3773, 'PEREIRA ARMENIA', 'ARMENIA', 3006, 1096032319, '2017-09-27', '0000-00-00'),
(109, 10306, 'Agente de Control Medio Tiempo PEI # 7', 3773, 'Agente de Control Medio Tiempo PEI # 7 Agente de C', 'Agente de Control Medio Tiempo PEI # 7', 5166, 1088028024, '2017-10-01', '0000-00-00'),
(110, 5136, 'OFICINA NUEVA EPS PEREIRA', 3971, 'PEREIRA PEREIRA', 'PEREIRA', 5166, 16232307, '2017-02-19', '0000-00-00'),
(111, 10311, 'Agente de Control Medio Tiempo PEI # 12', 3773, 'Agente de Control Medio Tiempo PEI # 12 Agente de ', 'Agente de Control Medio Tiempo PEI # 12', 5166, 1088021467, '2017-10-01', '0000-00-00'),
(112, 4944, 'OFICINA AVIANCA  CENTRO C. A.', 3773, 'PEREIRA PEREIRA', 'PEREIRA', 6038, 4578632, '1997-04-14', '0000-00-00'),
(113, 5058, 'BBVA LOS ROSALES', 3871, 'PEREIRA MANIZALES', 'MANIZALES', 10065, 1004211221, '2017-12-04', '0000-00-00'),
(114, 22222, 'PLATAFORMA 1', 3773, 'PEREIRA ARMENIA', 'ARMENIA', 1012, 9809507, '2017-01-09', '0000-00-00'),
(115, 4946, 'ENTRADA/ SALIDA DE EQUIPAJES', 3773, 'PEREIRA PEREIRA', 'PEREIRA', 3000, 1114092888, '2017-06-11', '0000-00-00'),
(116, 5140, 'OFICINA NUEVA EPS ARMENIA', 3971, 'PEREIRA ARMENIA', 'ARMENIA', 5166, 18403227, '2017-10-24', '0000-00-00'),
(117, 10301, 'Agente de Control Medio Tiempo PEI # 2', 3773, 'Agente de Control Medio Tiempo PEI # 2 Agente de C', 'Agente de Control Medio Tiempo PEI # 2', 5166, 75101610, '2017-10-06', '0000-00-00'),
(118, 4967, 'CD ARMENIA PORTERIA PEATONAL', 3800, 'PEREIRA ARMENIA', 'ARMENIA', 1062, 1094902525, '2017-03-20', '0000-00-00'),
(119, 5003, 'PORTERIA OFICINAS VISE PEREIRA', 3833, 'PEREIRA PEREIRA', 'PEREIRA', 5166, 1088273174, '2017-11-15', '0000-00-00'),
(120, 4947, 'PLATAFORMA', 3773, 'PEREIRA PEREIRA', 'PEREIRA', 1000, 18596498, '1998-01-06', '0000-00-00'),
(121, 5068, 'BBVA CENTRO TECNOLOGICO LAGO URIBE', 3871, 'PEREIRA PEREIRA', 'PEREIRA', 10067, 1090336662, '2017-12-11', '0000-00-00'),
(122, 10473, 'CONSERJE CD ANTIGUO PEREIRA', 3800, 'PEREIRA PEREIRA', 'PEREIRA', 1062, 10128205, '1996-11-16', '0000-00-00'),
(123, 4993, 'RECORREDOR', 3833, 'PEREIRA CARTAGO', 'CARTAGO', 10209, 2680820, '2003-06-10', '0000-00-00'),
(124, 5144, 'OFICINA NUEVA EPS MANIZALES', 3971, 'PEREIRA MANIZALES', 'MANIZALES', 9094, 15959842, '2017-03-08', '0000-00-00'),
(125, 4956, 'REFUERZO DE PLATAFORMA', 3773, 'PEREIRA PEREIRA', 'PEREIRA', 2010, 1086278089, '2017-02-14', '0000-00-00'),
(126, 4981, 'Radio Operador  VISE (C.A)', 3833, 'PEREIRA PEREIRA', 'PEREIRA', 1000, 9992812, '1998-03-04', '0000-00-00'),
(127, 5003, 'PORTERIA OFICINAS VISE PEREIRA', 3833, 'PEREIRA PEREIRA', 'PEREIRA', 1062, 94288775, '2017-11-16', '0000-00-00'),
(128, 22222, 'PLATAFORMA 1', 3773, 'PEREIRA ARMENIA', 'ARMENIA', 1012, 9727897, '2017-11-24', '0000-00-00'),
(129, 10355, 'ESM MARMATO CALDAS', 10331, 'AGENCIA NACIONAL DE MINERÍA', 'MANIZALES', 1004, 4446750, '2017-04-15', '0000-00-00'),
(130, 22391, 'CAV PEREIRA I', 3947, 'COMUNICACION S.A CELULAR COMCEL S.A', 'PEREIRA', 1000, 9867331, '2018-01-01', '0000-00-00'),
(131, 10354, 'A. MINAS MANIZALES', 10331, 'AGENCIA NACIONAL DE MINERÍA', 'MANIZALES', 1004, 9977165, '2017-04-15', '0000-00-00'),
(132, 22391, 'CAV PEREIRA I', 3947, 'COMUNICACION S.A CELULAR COMCEL S.A', 'PEREIRA', 1000, 10008724, '2018-01-01', '0000-00-00'),
(133, 22391, 'CAV PEREIRA I', 3947, 'COMUNICACION S.A CELULAR COMCEL S.A', 'PEREIRA', 1000, 10013075, '2017-12-27', '0000-00-00'),
(134, 22393, 'CCM PEREIRA', 3947, 'COMUNICACION S.A CELULAR COMCEL S.A', 'PEREIRA', 1000, 10024793, '2018-01-11', '0000-00-00'),
(135, 10354, 'A. MINAS MANIZALES', 10331, 'AGENCIA NACIONAL DE MINERÍA', 'MANIZALES', 1004, 10263787, '2017-04-15', '0000-00-00'),
(136, 10355, 'ESM MARMATO CALDAS', 10331, 'AGENCIA NACIONAL DE MINERÍA', 'MANIZALES', 1004, 10281008, '2017-04-15', '0000-00-00'),
(137, 5054, 'BBVA CENTRO ARMENIA', 3871, 'ARMENIA       PEREIRA    1066001', 'ARMENIA', 1000, 18399577, '2018-01-12', '0000-00-00'),
(138, 22391, 'CAV PEREIRA I', 3947, 'COMUNICACION S.A CELULAR COMCEL S.A', 'PEREIRA', 1000, 24335922, '2018-01-01', '0000-00-00'),
(139, 22391, 'CAV PEREIRA I', 3947, 'COMUNICACION S.A CELULAR COMCEL S.A', 'PEREIRA', 1000, 42144878, '2018-01-01', '0000-00-00'),
(140, 5054, 'BBVA CENTRO ARMENIA', 3871, 'ARMENIA       PEREIRA    1066001', 'ARMENIA', 1000, 70879643, '2017-04-15', '0000-00-00'),
(141, 10354, 'A. MINAS MANIZALES', 10331, 'AGENCIA NACIONAL DE MINERÍA', 'MANIZALES', 1004, 75077610, '2017-04-15', '0000-00-00'),
(142, 10355, 'ESM MARMATO CALDAS', 10331, 'AGENCIA NACIONAL DE MINERÍA', 'MANIZALES', 1004, 1060590364, '2017-04-15', '0000-00-00'),
(143, 22391, 'CAV PEREIRA I', 3947, 'COMUNICACION S.A CELULAR COMCEL S.A', 'PEREIRA', 1000, 1061624498, '2017-12-27', '0000-00-00'),
(144, 22391, 'CAV PEREIRA I', 3947, 'COMUNICACION S.A CELULAR COMCEL S.A', 'PEREIRA', 1000, 1086136367, '2018-01-05', '0000-00-00'),
(145, 22391, 'CAV PEREIRA I', 3947, 'COMUNICACION S.A CELULAR COMCEL S.A', 'PEREIRA', 1000, 1096645342, '2017-12-27', '0000-00-00'),
(146, 5166, 'ADICIONAL CSS LOS SURTIPIELES', 5155, 'MANIZALES       PEREIRA   1066001', 'MANIZALES', 5050, 1109298865, '2017-12-13', '0000-00-00'),
(147, 22390, 'SEDE ADM / CAV  PEREIRA I', 3947, 'COMUNICACION S.A CELULAR COMCEL S.A', 'PEREIRA', 1000, 1112763778, '2018-01-19', '0000-00-00'),
(148, 5069, 'BBVA PINARES (LA REBECA) PEREIRA', 3871, 'PEREIRA       PEREIRA    1066001', 'CARTAGO', 1000, 1112785487, '2018-01-05', '0000-00-00'),
(149, 22391, 'CAV PEREIRA I', 3947, 'COMUNICACION S.A CELULAR COMCEL S.A', 'PEREIRA', 1000, 1114399115, '2017-12-28', '0000-00-00'),
(150, 22391, 'CAV PEREIRA I', 3947, 'COMUNICACION S.A CELULAR COMCEL S.A', 'PEREIRA', 1000, 1121820045, '2018-01-05', '0000-00-00'),
(151, 5069, 'BBVA PINARES (LA REBECA) PEREIRA', 3871, 'PEREIRA       PEREIRA    1066001', 'PEREIRA', 1000, 1193563395, '2018-01-05', '0000-00-00'),
(152, 22391, 'CAV PEREIRA I', 3947, 'COMUNICACION S.A CELULAR COMCEL S.A', 'PEREIRA', 1000, 1225090556, '2018-01-01', '0000-00-00');

-- --------------------------------------------------------

--
-- Estructura de tabla para la tabla `usuarios`
--

CREATE TABLE `usuarios` (
  `id_usuario` int(100) NOT NULL,
  `apellido_1` varchar(100) NOT NULL,
  `apellido_2` varchar(100) NOT NULL,
  `nombre_1` varchar(100) NOT NULL,
  `nombre_2` varchar(100) NOT NULL,
  `usuario` varchar(100) NOT NULL,
  `password` varchar(10) NOT NULL,
  `correo` varchar(100) NOT NULL,
  `nivel` enum('ADMIN','GERENTE','COORDINADORA','BASICO') NOT NULL
) ENGINE=InnoDB DEFAULT CHARSET=utf8;

--
-- Volcado de datos para la tabla `usuarios`
--

INSERT INTO `usuarios` (`id_usuario`, `apellido_1`, `apellido_2`, `nombre_1`, `nombre_2`, `usuario`, `password`, `correo`, `nivel`) VALUES
(9992812, '', '', '', '', 'lcalle', '12345', 'aaa', 'BASICO'),
(1088256244, '', '', '', '', 'ymarquez', '123', 'ymarquez@vise.com.co', 'ADMIN');

--
-- Índices para tablas volcadas
--

--
-- Indices de la tabla `academias`
--
ALTER TABLE `academias`
  ADD PRIMARY KEY (`nit_academia`);

--
-- Indices de la tabla `acreditacion`
--
ALTER TABLE `acreditacion`
  ADD PRIMARY KEY (`acreditacion_id`),
  ADD KEY `persona_id_idx` (`empleado_id`);

--
-- Indices de la tabla `cargo`
--
ALTER TABLE `cargo`
  ADD PRIMARY KEY (`id_cargo`);

--
-- Indices de la tabla `cliente`
--
ALTER TABLE `cliente`
  ADD PRIMARY KEY (`id_cliente`);

--
-- Indices de la tabla `contrato`
--
ALTER TABLE `contrato`
  ADD PRIMARY KEY (`id_contrato`),
  ADD KEY `persona_id_idx` (`empleado_id`);

--
-- Indices de la tabla `control_cursos`
--
ALTER TABLE `control_cursos`
  ADD PRIMARY KEY (`id_registro`);

--
-- Indices de la tabla `cursos`
--
ALTER TABLE `cursos`
  ADD PRIMARY KEY (`id_cursos`);

--
-- Indices de la tabla `departamento`
--
ALTER TABLE `departamento`
  ADD PRIMARY KEY (`cod_dep`);

--
-- Indices de la tabla `documento`
--
ALTER TABLE `documento`
  ADD KEY `persona_id_idx` (`empleado_id`);

--
-- Indices de la tabla `empleado`
--
ALTER TABLE `empleado`
  ADD PRIMARY KEY (`id_empleado`),
  ADD UNIQUE KEY `idpersona_UNIQUE` (`id_empleado`);

--
-- Indices de la tabla `entidad`
--
ALTER TABLE `entidad`
  ADD PRIMARY KEY (`id_entidad`);

--
-- Indices de la tabla `estado`
--
ALTER TABLE `estado`
  ADD PRIMARY KEY (`id_estado`);

--
-- Indices de la tabla `modalidad`
--
ALTER TABLE `modalidad`
  ADD PRIMARY KEY (`id_modalidad`);

--
-- Indices de la tabla `municipio`
--
ALTER TABLE `municipio`
  ADD PRIMARY KEY (`cod_mun`);

--
-- Indices de la tabla `puesto`
--
ALTER TABLE `puesto`
  ADD PRIMARY KEY (`id_puesto`),
  ADD UNIQUE KEY `id_puesto_UNIQUE` (`id_puesto`);

--
-- Indices de la tabla `seguridad_social`
--
ALTER TABLE `seguridad_social`
  ADD PRIMARY KEY (`id_registro`);

--
-- Indices de la tabla `tipo_contrato`
--
ALTER TABLE `tipo_contrato`
  ADD PRIMARY KEY (`id_tipo_contrato`);

--
-- Indices de la tabla `ubicacion`
--
ALTER TABLE `ubicacion`
  ADD PRIMARY KEY (`id_registro`),
  ADD KEY `puesto_id` (`puesto_id`);

--
-- Indices de la tabla `usuarios`
--
ALTER TABLE `usuarios`
  ADD PRIMARY KEY (`id_usuario`);

--
-- AUTO_INCREMENT de las tablas volcadas
--

--
-- AUTO_INCREMENT de la tabla `acreditacion`
--
ALTER TABLE `acreditacion`
  MODIFY `acreditacion_id` int(100) NOT NULL AUTO_INCREMENT, AUTO_INCREMENT=207;
--
-- AUTO_INCREMENT de la tabla `contrato`
--
ALTER TABLE `contrato`
  MODIFY `id_contrato` int(100) NOT NULL AUTO_INCREMENT, AUTO_INCREMENT=206;
--
-- AUTO_INCREMENT de la tabla `control_cursos`
--
ALTER TABLE `control_cursos`
  MODIFY `id_registro` int(100) NOT NULL AUTO_INCREMENT, AUTO_INCREMENT=202;
--
-- AUTO_INCREMENT de la tabla `seguridad_social`
--
ALTER TABLE `seguridad_social`
  MODIFY `id_registro` int(100) NOT NULL AUTO_INCREMENT, AUTO_INCREMENT=139;
--
-- AUTO_INCREMENT de la tabla `ubicacion`
--
ALTER TABLE `ubicacion`
  MODIFY `id_registro` int(100) NOT NULL AUTO_INCREMENT, AUTO_INCREMENT=153;COMMIT;

/*!40101 SET CHARACTER_SET_CLIENT=@OLD_CHARACTER_SET_CLIENT */;
/*!40101 SET CHARACTER_SET_RESULTS=@OLD_CHARACTER_SET_RESULTS */;
/*!40101 SET COLLATION_CONNECTION=@OLD_COLLATION_CONNECTION */;
