-- phpMyAdmin SQL Dump
-- version 4.7.0
-- https://www.phpmyadmin.net/
--
-- Servidor: 127.0.0.1
-- Tiempo de generación: 29-12-2017 a las 18:48:24
-- Versión del servidor: 10.1.25-MariaDB
-- Versión de PHP: 7.1.7

SET SQL_MODE = "NO_AUTO_VALUE_ON_ZERO";
SET AUTOCOMMIT = 0;
START TRANSACTION;
SET time_zone = "+00:00";


/*!40101 SET @OLD_CHARACTER_SET_CLIENT=@@CHARACTER_SET_CLIENT */;
/*!40101 SET @OLD_CHARACTER_SET_RESULTS=@@CHARACTER_SET_RESULTS */;
/*!40101 SET @OLD_COLLATION_CONNECTION=@@COLLATION_CONNECTION */;
/*!40101 SET NAMES utf8mb4 */;

--
-- Base de datos: `vise_pereira`
--

-- --------------------------------------------------------

--
-- Estructura de tabla para la tabla `academias`
--

CREATE TABLE `academias` (
  `nit_academia` varchar(100) NOT NULL,
  `nombre` varchar(100) NOT NULL
) ENGINE=InnoDB DEFAULT CHARSET=utf8;

--
-- Volcado de datos para la tabla `academias`
--

INSERT INTO `academias` (`nit_academia`, `nombre`) VALUES
('8300211325', 'Escuela Colombiana De Seguridad Privada ECOSEP Ltda'),
('8300393700', 'Escuela Colombiana De Capacitacionen Vigilancia Privada '),
('8300703391', 'Academia de Seguridad y Vigilancia Cognoseguridad LTDA'),
('8300833785', 'Academia De Seguridad Privada Marshals Service '),
('8301012190', 'Academia Colombiana de Profesionales en Seguridad'),
('8301283282', 'Escuela de Entrenamiento en Vigilancia y Seguridad Privada SEGURED LTDA'),
('9000172529', 'Academia Nacional de Entrenamiento en Vigilancia y Seguridad Privada AESS Ltda'),
('9000296358', 'Academia Nacional de Seguridad Privada CLAVE A.N.S.P.'),
('9002025368', 'Centro De Formacion En Vigilancia Y Seguridad Privada CEFORVIG');

-- --------------------------------------------------------

--
-- Estructura de tabla para la tabla `acreditacion`
--

CREATE TABLE `acreditacion` (
  `acreditacion_id` int(100) NOT NULL,
  `empleado_id` int(20) NOT NULL,
  `estado_acreditacion` varchar(45) NOT NULL,
  `fecha_acreditacion` date NOT NULL,
  `estado_radicado` varchar(20) NOT NULL,
  `fecha_radicado` date NOT NULL,
  `numero_radicado` int(20) NOT NULL
) ENGINE=InnoDB DEFAULT CHARSET=utf8;

--
-- Volcado de datos para la tabla `acreditacion`
--

INSERT INTO `acreditacion` (`acreditacion_id`, `empleado_id`, `estado_acreditacion`, `fecha_acreditacion`, `estado_radicado`, `fecha_radicado`, `numero_radicado`) VALUES
(1, 18606864, 'ACREDITADO', '2018-09-28', '', '0000-00-00', 0),
(2, 16226344, 'ACREDITADO', '2018-05-30', '', '0000-00-00', 0),
(3, 18598209, 'ACREDITADO', '2018-01-23', '', '0000-00-00', 0),
(4, 1112770431, 'ACREDITADO', '2018-03-21', '', '0000-00-00', 0),
(5, 2316358, 'ACREDITADO', '2018-05-30', '', '0000-00-00', 0),
(6, 94463013, 'ACREDITADO', '2018-03-21', '', '0000-00-00', 0),
(7, 9921457, 'ACREDITADO', '2018-05-30', '', '0000-00-00', 0),
(8, 75084858, 'ACREDITADO', '2018-05-30', '', '0000-00-00', 0),
(9, 1112780067, 'ACREDITADO', '2018-12-11', '', '0000-00-00', 0),
(10, 15956575, 'ACREDITADO', '2018-01-23', '', '0000-00-00', 0),
(11, 75079795, 'ACREDITADO', '2018-01-23', '', '0000-00-00', 0),
(12, 1053794211, 'ACREDITADO', '2018-01-23', '', '0000-00-00', 0),
(13, 1094882530, 'ACREDITADO', '2018-05-18', '', '0000-00-00', 0),
(14, 16485243, 'ACREDITADO', '2018-04-06', '', '0000-00-00', 0),
(15, 1094911267, 'ACREDITADO', '2018-09-28', '', '0000-00-00', 0),
(16, 4391851, 'ACREDITADO', '2018-01-23', '', '0000-00-00', 0),
(17, 89004457, 'ACREDITADO', '2018-01-23', '', '0000-00-00', 0),
(18, 94533834, 'ACREDITADO', '2018-09-28', '', '0000-00-00', 0),
(19, 16627207, 'ACREDITADO', '2018-01-23', '', '0000-00-00', 0),
(20, 10127786, 'ACREDITADO', '2018-01-23', '', '0000-00-00', 0),
(21, 4372275, 'ACREDITADO', '2018-12-21', '', '0000-00-00', 0),
(22, 1061625000, 'ACREDITADO', '2018-01-23', '', '0000-00-00', 0),
(23, 1053791943, 'ACREDITADO', '2018-07-13', '', '0000-00-00', 0),
(24, 1143946915, 'ACREDITADO', '2018-03-21', '', '0000-00-00', 0),
(25, 1116726252, 'ACREDITADO', '2018-01-23', '', '0000-00-00', 0),
(26, 1114120754, 'ACREDITADO', '2018-07-17', '', '0000-00-00', 0),
(27, 75033492, 'ACREDITADO', '2018-01-23', '', '0000-00-00', 0),
(28, 1093215267, 'ACREDITADO', '2018-05-15', '', '0000-00-00', 0),
(29, 1112302799, 'ACREDITADO', '2018-11-07', '', '0000-00-00', 0),
(30, 1113779033, 'ACREDITADO', '2018-03-21', '', '0000-00-00', 0),
(31, 16045186, 'ACREDITADO', '2018-07-28', '', '0000-00-00', 0),
(32, 75146518, 'ACREDITADO', '2018-12-21', '', '0000-00-00', 0),
(33, 4415933, 'ACREDITADO', '2018-05-30', '', '0000-00-00', 0),
(34, 4446750, 'ACREDITADO', '2018-06-21', '', '0000-00-00', 0),
(35, 1060590364, 'ACREDITADO', '2018-06-21', '', '0000-00-00', 0),
(36, 30360511, 'ACREDITADO', '2018-03-21', '', '0000-00-00', 0),
(37, 1097729714, 'ACREDITADO', '2018-03-21', '', '0000-00-00', 0),
(38, 13993559, 'ACREDITADO', '2018-01-23', '', '0000-00-00', 0),
(39, 7549474, 'ACREDITADO', '2018-09-28', '', '0000-00-00', 0),
(40, 9971779, 'ACREDITADO', '2018-09-28', '', '0000-00-00', 0),
(41, 1109293858, 'ACREDITADO', '2018-05-30', '', '0000-00-00', 0),
(42, 1112784664, 'ACREDITADO', '2018-07-17', '', '0000-00-00', 0),
(43, 94393066, 'ACREDITADO', '2018-03-21', '', '0000-00-00', 0),
(44, 94310956, 'ACREDITADO', '2018-05-15', '', '0000-00-00', 0),
(45, 1116264342, 'ACREDITADO', '2018-07-13', '', '0000-00-00', 0),
(46, 75144459, 'ACREDITADO', '2018-07-24', '', '0000-00-00', 0),
(47, 1088238927, 'ACREDITADO', '2018-01-23', '', '0000-00-00', 0),
(48, 9957041, 'ACREDITADO', '2018-07-13', '', '0000-00-00', 0),
(49, 14571153, 'ACREDITADO', '2018-05-30', '', '0000-00-00', 0),
(50, 75085511, 'ACREDITADO', '2018-12-21', '', '0000-00-00', 0),
(51, 1088321795, 'ACREDITADO', '2018-05-30', '', '0000-00-00', 0),
(52, 1112761152, 'ACREDITADO', '2018-06-21', '', '0000-00-00', 0),
(53, 1113512846, 'ACREDITADO', '2018-11-15', '', '0000-00-00', 0),
(54, 1059785331, 'ACREDITADO', '2018-05-30', '', '0000-00-00', 0),
(55, 1061624208, 'ACREDITADO', '2018-04-20', '', '0000-00-00', 0),
(56, 1109296032, 'ACREDITADO', '2018-04-27', '', '0000-00-00', 0),
(57, 10186008, 'ACREDITADO', '2018-09-28', '', '0000-00-00', 0),
(58, 10273868, 'ACREDITADO', '2018-05-30', '', '0000-00-00', 0),
(59, 75081513, 'ACREDITADO', '2018-05-30', '', '0000-00-00', 0),
(60, 10286362, 'ACREDITADO', '2018-05-30', '', '0000-00-00', 0),
(61, 18532107, 'ACREDITADO', '2018-05-30', '', '0000-00-00', 0),
(62, 15908017, 'ACREDITADO', '2018-05-30', '', '0000-00-00', 0),
(63, 93383597, 'ACREDITADO', '2018-05-30', '', '0000-00-00', 0),
(64, 1089746531, 'ACREDITADO', '2018-11-15', '', '0000-00-00', 0),
(65, 31412768, 'ACREDITADO', '2018-05-30', '', '0000-00-00', 0),
(66, 10263787, 'ACREDITADO', '2018-06-21', '', '0000-00-00', 0),
(67, 75077610, 'ACREDITADO', '2018-06-21', '', '0000-00-00', 0),
(68, 75143474, 'ACREDITADO', '2018-05-30', '', '0000-00-00', 0),
(69, 14571892, 'ACREDITADO', '2018-10-24', '', '0000-00-00', 0),
(70, 16055698, 'ACREDITADO', '2018-09-28', '', '0000-00-00', 0),
(71, 1088292581, 'ACREDITADO', '2018-06-02', '', '0000-00-00', 0),
(72, 18598051, 'ACREDITADO', '2018-01-23', '', '0000-00-00', 0),
(73, 1053800432, 'ACREDITADO', '2018-06-23', '', '0000-00-00', 0),
(74, 1088003280, 'ACREDITADO', '2018-09-28', '', '0000-00-00', 0),
(75, 9728928, 'ACREDITADO', '2018-05-18', '', '0000-00-00', 0),
(76, 18492028, 'ACREDITADO', '2018-07-24', '', '0000-00-00', 0),
(77, 15959151, 'ACREDITADO', '2018-07-24', '', '0000-00-00', 0),
(78, 9726942, 'ACREDITADO', '2018-01-23', '', '0000-00-00', 0),
(79, 7959553, 'ACREDITADO', '2018-09-28', '', '0000-00-00', 0),
(80, 1088002131, 'ACREDITADO', '2018-09-28', '', '0000-00-00', 0),
(81, 9862498, 'ACREDITADO', '2018-09-28', '', '0000-00-00', 0),
(82, 1116437684, 'ACREDITADO', '2018-09-28', '', '0000-00-00', 0),
(83, 1088313813, 'ACREDITADO', '2018-09-28', '', '0000-00-00', 0),
(84, 1113533829, 'ACREDITADO', '2018-07-28', '', '0000-00-00', 0),
(85, 1088327284, 'ACREDITADO', '2018-07-28', '', '0000-00-00', 0),
(86, 1112769004, 'ACREDITADO', '2018-07-28', '', '0000-00-00', 0),
(87, 9697467, 'ACREDITADO', '2018-08-16', '', '0000-00-00', 0),
(88, 9735423, 'ACREDITADO', '2018-01-23', '', '0000-00-00', 0),
(89, 75102420, 'ACREDITADO', '2018-12-21', '', '0000-00-00', 0),
(90, 1054990354, 'ACREDITADO', '2018-07-28', '', '0000-00-00', 0),
(91, 18402946, 'ACREDITADO', '2018-10-05', '', '0000-00-00', 0),
(92, 41912001, 'ACREDITADO', '2018-05-30', '', '0000-00-00', 0),
(93, 1096646154, 'ACREDITADO', '2018-08-01', '', '0000-00-00', 0),
(94, 9977165, 'ACREDITADO', '2018-06-21', '', '0000-00-00', 0),
(95, 1060646253, 'ACREDITADO', '2018-07-17', '', '0000-00-00', 0),
(96, 18398705, 'ACREDITADO', '2018-07-17', '', '0000-00-00', 0),
(97, 1054916493, 'ACREDITADO', '2018-09-28', '', '0000-00-00', 0),
(98, 10008438, 'ACREDITADO', '2018-09-28', '', '0000-00-00', 0),
(99, 1057757266, 'ACREDITADO', '2018-09-28', '', '0000-00-00', 0),
(100, 29435277, 'ACREDITADO', '2018-12-11', '', '0000-00-00', 0),
(101, 9697804, 'ACREDITADO', '2018-09-28', '', '0000-00-00', 0),
(102, 4512715, 'ACREDITADO', '2018-01-23', '', '0000-00-00', 0),
(103, 42159210, 'ACREDITADO', '2018-09-28', '', '0000-00-00', 0),
(104, 24398541, 'ACREDITADO', '2018-09-28', '', '0000-00-00', 0),
(105, 1088245901, 'ACREDITADO', '2018-09-28', '', '0000-00-00', 0),
(106, 83241316, 'ACREDITADO', '2018-09-28', '', '0000-00-00', 0),
(107, 72252082, 'ACREDITADO', '2018-01-23', '', '0000-00-00', 0),
(108, 75050002, 'ACREDITADO', '2018-01-30', '', '0000-00-00', 0),
(109, 1088300094, 'ACREDITADO', '2018-12-11', '', '0000-00-00', 0),
(110, 1104675026, 'ACREDITADO', '2018-01-23', '', '0000-00-00', 0),
(111, 1059812970, 'ACREDITADO', '2018-11-02', '', '0000-00-00', 0),
(112, 1088248409, 'ACREDITADO', '2018-03-16', '', '0000-00-00', 0),
(113, 1096032319, 'ACREDITADO', '2018-01-23', '', '0000-00-00', 0),
(114, 1088028024, 'ACREDITADO', '2018-09-28', '', '0000-00-00', 0),
(115, 16232307, 'ACREDITADO', '2018-07-13', '', '0000-00-00', 0),
(116, 1088021467, 'ACREDITADO', '2018-09-28', '', '0000-00-00', 0),
(117, 10281008, 'ACREDITADO', '2018-06-21', '', '0000-00-00', 0),
(118, 4578632, 'ACREDITADO', '2018-07-24', '', '0000-00-00', 0),
(119, 1004211221, 'ACREDITADO', '2018-12-21', '', '0000-00-00', 0),
(120, 9809507, 'ACREDITADO', '2018-07-13', '', '0000-00-00', 0),
(121, 1114092888, 'ACREDITADO', '2018-08-16', '', '0000-00-00', 0),
(122, 18403227, 'ACREDITADO', '2018-03-10', '', '0000-00-00', 0),
(123, 75101610, 'ACREDITADO', '2018-11-02', '', '0000-00-00', 0),
(124, 1094902525, 'ACREDITADO', '2018-07-17', '', '0000-00-00', 0),
(125, 1088273174, 'ACREDITADO', '2018-12-11', '', '0000-00-00', 0),
(126, 18596498, 'ACREDITADO', '2018-01-23', '', '0000-00-00', 0),
(127, 1090336662, 'ACREDITADO', '2018-12-21', '', '0000-00-00', 0),
(128, 10128205, 'ACREDITADO', '2018-09-28', '', '0000-00-00', 0),
(129, 2680820, 'ACREDITADO', '2018-05-30', '', '0000-00-00', 0),
(130, 15959842, 'ACREDITADO', '2018-03-10', '', '0000-00-00', 0),
(131, 1086278089, 'ACREDITADO', '2018-09-28', '', '0000-00-00', 0),
(132, 9992812, 'ACREDITADO', '2018-03-10', '', '0000-00-00', 0),
(133, 94288775, 'ACREDITADO', '2018-01-23', '', '0000-00-00', 0),
(134, 9727897, 'ACREDITADO', '2018-05-30', '', '0000-00-00', 0),
(135, 1109298865, 'ACREDITADO', '2018-12-21', '', '0000-00-00', 0);

-- --------------------------------------------------------

--
-- Estructura de tabla para la tabla `cargo`
--

CREATE TABLE `cargo` (
  `id_cargo` int(50) NOT NULL,
  `descripcion` varchar(50) NOT NULL,
  `salario` int(50) NOT NULL
) ENGINE=InnoDB DEFAULT CHARSET=utf8;

--
-- Volcado de datos para la tabla `cargo`
--

INSERT INTO `cargo` (`id_cargo`, `descripcion`, `salario`) VALUES
(1000, 'VIGILANTE', 737717),
(1003, 'MANEJADOR CANINO', 737717),
(1004, 'OPERADOR DE MEDIOS TECNOLÓGICOS         ', 737717),
(1005, 'ESCOLTA                                 ', 2285800),
(1006, 'MENSAJERO                               ', 737717),
(1007, 'RECEPCIONISTA                           ', 1338275),
(1010, 'VIGILANTE CONDUCTOR                     ', 773645),
(1011, 'VIGILANTE MOTORIZADO                    ', 737717),
(1013, 'AUXILIAR CONTABLE                       ', 800000),
(1014, 'AUXILIAR DE TECNOLOGÍA                  ', 911700),
(1015, 'AUXILIAR ADMINISTRATIVO', 762600),
(1016, 'ASISTENTE DE GERENCIA                   ', 1958225),
(1019, 'AGENTE DE CONTROL TIEMPO COMPLETO', 1326636),
(1020, 'AGENTE DE CONTROL MEDIO TIEMPO          ', 663319),
(1021, 'OFICIOS VARIOS', 737717),
(1022, 'AUXILIAR DE CREDITOS                    ', 1002500),
(1024, 'AUXILIAR LOGISTICO                      ', 737717),
(1026, 'VIGILANTE RECEPCIONISTA                 ', 737717),
(1027, 'VIGILANTE AGENTE DE SALAS               ', 737717),
(1029, 'SERVICIOS GENERALES                     ', 368858),
(1030, 'APRENDIZ ETAPA PRODUCTIVA               ', 566700),
(1031, 'AGENTE DE CONTROL ADMINISTRATIVO        ', 1958226),
(1034, 'CONDUCTOR ESCOLTA                       ', 1475434),
(1037, 'CONDUCTOR HY-RAIL                       ', 773645),
(1038, 'CONDUCTOR TANQUERO                      ', 1373638),
(1039, 'ASISTENTE DE SEGURIDAD INDUSTRIAL       ', 1538683),
(1040, 'AUXILIAR  DE SERVICIOS GRALES           ', 368900),
(1041, 'ASISTENTE ADMINISTRATIVO                ', 800000),
(1044, 'OPERADOR DE SEGURIDAD                   ', 1200000),
(1045, 'OPERADOR LOGISTICO', 737717),
(1046, 'MANEJADOR CANINO (E)                    ', 737717),
(1047, 'OPERADOR MEDIOS TECNOLOGICOS(E)         ', 737717),
(1048, 'VIGILANTE GUIA CANINO                   ', 737717),
(1049, 'MECANICO                                ', 773645),
(1050, 'RADIO OPERADOR                          ', 737717),
(1056, 'VIGILANTE RADIO OPERADOR                ', 737717),
(1057, 'TECNICO DE SEG ELECTRONICA              ', 1284001),
(1059, 'TECNICO GPS', 737717),
(1060, 'VIGILANTE RESIDENTE                     ', 737717),
(1062, 'TECNICO 2                               ', 912000),
(1063, 'TECNICO 3                               ', 1373880),
(1064, 'CONDUCTOR                               ', 1230500),
(1068, 'CONDUCTOR ADMINISTRATIVO', 1475434),
(1070, 'AGENTE DE CONTROL', 737717),
(1400, 'SUPERVISOR                              ', 737717),
(1401, 'COORDINADOR DE OPERACIONES              ', 1157600),
(1402, 'INSTRUCTOR CANINO                       ', 1269000),
(1403, 'JEFE DE SALUD OCUPACIONAL               ', 2353600),
(1404, 'COORDINADOR ADMINISTRATIVO              ', 1475434),
(1405, 'SUPERVISOR CONDUCTOR', 2065607),
(1407, 'COORDINADOR DE NÓMINA                   ', 1357800),
(1409, 'SUPERVISOR DE ZONA (MOTORIZADO)         ', 737717),
(1410, 'SUPERVISOR DE INTENDENCIA               ', 840100),
(1412, 'JEFE DEPARTAMENTO CAPACITACIÓN          ', 2226400),
(1413, 'JEFE DEPARTAMENTO DISCIPLINA            ', 1995600),
(1416, 'JEFE DE OPERACIONES                     ', 3113740),
(1417, 'JEFE DE SERVICIOS GENERALES', 1584100),
(1418, 'JEFE ADMINISTRATIVO                     ', 2200000),
(1419, 'JEFE DE SEGURIDAD INFORMÁTICA           ', 1898500),
(1420, 'JEFE DE CARTERA                         ', 1131500),
(1421, 'JEFE DE RECURSOS LOGÍSTICOS             ', 3348400),
(1424, 'COORDINADOR DE CENTRAL DE MONITOREO     ', 737717),
(1426, 'COORDINADOR DE ESCOLTAS                 ', 954314),
(1427, 'ANALISTA DISCIPLINA E INVESTIGACIONES   ', 1093600),
(1428, 'ANALISTA DE INVESTIGACIONES             ', 1414400),
(1429, 'ANALISTA LICITACIONES                   ', 1489000),
(1432, 'ANALISTA CREDITO Y CARTERA              ', 1002500),
(1433, 'ANALISTA DE TESORERIA                   ', 1267600),
(1434, 'ANALISTA CONTABLE                       ', 1307400),
(1435, 'ANALISTA FACTURACIÓN                    ', 1212000),
(1436, 'ANALISTA DE SEGURIDAD                   ', 737717),
(1437, 'ANALISTA ADMINISTRATIVO', 881800),
(1438, 'INSPECTOR DE CALIDAD                    ', 737717),
(1439, 'COORDINADOR DE SISTEMAS                 ', 2400000),
(1442, 'COORDINADOR TESORERÍA                   ', 3205700),
(1443, 'COORDINADOR DE CALIDAD                  ', 1586300),
(1444, 'COORDINADOR DE LICITACIONES             ', 2367200),
(1445, 'COORDINADOR DE BIENESTAR                ', 1183600),
(1446, 'COORDINADOR DE PROGRAMACIÓN             ', 1331800),
(1447, 'PROFESIONAL DE AUDITORIA                ', 3353300),
(1448, 'AUDITOR INTERNO                         ', 4280000),
(1450, 'PROFESIONAL HSE', 1488370),
(1451, 'ANALISTA ADMINISTRATIVO (Nómina)', 1200000),
(1452, 'ABOGADO                                 ', 3005400),
(1454, 'LIDER DE CONTROL                        ', 2074095),
(1457, 'JEFE DE SEGURIDAD INDUSTRIAL            ', 2462339),
(1462, 'INSTRUCTOR D.C.R.C                      ', 2074324),
(1463, 'INGENIERO DE SOPORTE                    ', 4319281),
(1464, 'SUPERVISOR CONTROL LOGISTICO            ', 737717),
(1465, 'INSPECTOR DE SEGURIDAD                  ', 2065607),
(1468, 'INSTRUCTOR                              ', 2544100),
(1471, 'COORDINADOR OPERATIVO (E)               ', 1538683),
(1473, 'COORDINADOR DE CUMPLIMIENTO ESTANDARES  ', 1560273),
(1476, 'COORDINADOR LOGISTICO', 1475434),
(1478, 'JEFE DE PUESTO                          ', 1103123),
(1479, 'REVISOR FISCAL                          ', 3700060),
(1480, 'SUPERVISOR MNTO VEHICULOS               ', 737717),
(1481, 'SUPERVISOR MOTORIZADO €', 818080),
(1482, 'SUPERVISOR (E)                          ', 737717),
(1483, 'INSPECTOR DE SEGURIDAD OCENSA           ', 1475434),
(1484, 'LABORES DE SEGURIDAD ENCARGADO €', 737717),
(1486, 'COORDINADOR DE POLIGRAFIA               ', 2722200),
(1487, 'LABORES DE SEGURIDAD                    ', 737717),
(1488, 'ANALISTA DE SISTEMAS                    ', 1584100),
(1491, 'ADMR. SISTEMAS DE SEG. ELECTRONICA      ', 4793206),
(1493, 'ANALISTA DE CARTERA                     ', 0),
(1494, 'COORDINADOR TECNICO                     ', 1160000),
(1495, 'INSPECTOR HSE                           ', 1343000),
(1496, 'INVESTIGADOR                            ', 1200000),
(1499, 'LABORES DE SEGURIDAD CONDUCTOR          ', 737717),
(1500, 'PROFESIONAL ADMINISTRATIVO              ', 2754405),
(1501, 'JEFE CONTROL DE RIESGOS', 2115000),
(1502, 'SUPERVISOR MOTORIZADO', 818080),
(1505, 'AUDITOR AQD', 4031449),
(1507, 'INSPECTOR DE CALIDAD SENIOR', 954000),
(1508, 'INSPECTOR DE CALIDAD JUNIOR', 954000),
(1510, 'COORDINADOR DE SELECCION', 1831000),
(1511, 'PSICOLOGO JUNIOR', 923200),
(1512, 'COORDINADOR DE INVESTIGACIONES', 1800000),
(1513, 'COORDINADOR DE ACCESOS', 773645),
(1514, 'ANALISTA JURIDICO', 1015200),
(1515, 'ANALISTA DE CALIDAD Y CAPACITACION', 854000),
(1518, 'JEFE HSE', 2749500),
(1800, 'DIRECTOR DE PROYECTOS                   ', 2603900),
(1801, 'GERENTE DE SUCURSAL                     ', 2500000),
(1802, 'DIRECTOR DE SUCURSAL                    ', 2187200),
(1803, 'DIRECTOR DE GESTIÓN HUMANA              ', 3509300),
(1804, 'GERENTE DE LOGÍSTICA', 6420000),
(1805, 'GERENTE GENERAL                         ', 10222500),
(1806, 'GERENTE COMERCIAL Y DE SERVICIO         ', 5350000),
(1808, 'GERENTE DE TECNOLOGIA                   ', 7079000),
(1810, 'GERENTE ADMINISTRATIVO Y FINANCIERO', 10257800),
(1811, 'DIRECTOR DE COMPRAS                     ', 2434700),
(1813, 'DIRECTOR DE OPERACIONES                 ', 2500000),
(1815, 'DIRECTOR DE SISTEMAS                    ', 3550800),
(1817, 'DIRECTOR JURIDICO COMERCIAL             ', 2749500),
(1818, 'DIRECTOR OFICINA JURIDICA               ', 3807000),
(1820, 'DIRECTOR DE PROYECTOS (E)               ', 2407400),
(1824, 'DIRECTOR DE RIESGOS', 3734000),
(1826, 'DIRECTOR FINANCIERO Y CONTABLE', 4280000),
(1828, 'GERENTE DE TALENTO HUMANO', 5724500),
(1830, 'GERENTE JUNIOR AVSEC', 4000000);

-- --------------------------------------------------------

--
-- Estructura de tabla para la tabla `cliente`
--

CREATE TABLE `cliente` (
  `id_cliente` int(50) NOT NULL,
  `nombre_cliente` varchar(100) NOT NULL
) ENGINE=InnoDB DEFAULT CHARSET=utf8;

--
-- Volcado de datos para la tabla `cliente`
--

INSERT INTO `cliente` (`id_cliente`, `nombre_cliente`) VALUES
(3759, 'BANCO DE LA REPUBLICA'),
(3773, 'AEROVIAS DEL CONTINENTE AMERICANO S A  AVIANCA'),
(3800, 'BAVARIA S A '),
(3833, 'VISE LTDA'),
(3871, 'BBVA COLOMBIA'),
(3884, 'SEGUROS BOLIVAR S A '),
(3892, 'SEGUROS COMERCIALES BOLIVAR S A '),
(3896, 'OLEODUCTO CENTRAL S A '),
(3900, 'BANCO COMPARTIR'),
(3925, 'LEWIS ENERGY COLOMBIA'),
(3934, 'TRANSPORTES TEV S A'),
(3938, 'EXXON MOBIL DE COLOMBIA S A'),
(3943, 'HOLCIM COLOMBIA S A'),
(3947, 'COMUNICACIÓN CELULAR S A  - COMCEL S A '),
(3966, 'EXXONMOBIL EXPLORATION COLOMBIA LIMITED'),
(3971, 'NUEVA EPS'),
(3991, 'PROMIORIENTE S A E S P'),
(3998, 'AUTOGERMANA SA'),
(4002, 'CONSORCIO CONECTIVIDAD VIAL SAN GIL'),
(4012, 'PATRIMONIOS AUTONOMOS ADMINISTRATIVOS POR LA SOC FIDUCIARIA DAVIVIENDA'),
(4027, 'FISCALIA GENERAL DE LA NACION SECCIONAL SANTANDER'),
(4395, 'COLEGIO DE LA CIA DE MARIA LA ENSEÑANZA'),
(4402, 'COMBARRANQUILLA S A '),
(4413, 'JARDIN INFANTIL CARITAS ALEGRES'),
(4417, 'BANCO POPULAR'),
(4422, 'COLFONDOS S A '),
(4427, 'TAMPA CARGO S A S'),
(4472, 'SUZUKI MOTOR DE COLOMBIA S A'),
(4481, 'YARA COLOMBIA S A ');

-- --------------------------------------------------------

--
-- Estructura de tabla para la tabla `contrato`
--

CREATE TABLE `contrato` (
  `id_contrato` int(100) NOT NULL,
  `fecha_ingreso` date NOT NULL,
  `fecha_vencimiento` date NOT NULL,
  `prorrogas` int(20) NOT NULL,
  `empleado_id` int(20) NOT NULL,
  `tipo_contrato_id` int(20) NOT NULL
) ENGINE=InnoDB DEFAULT CHARSET=utf8;

--
-- Volcado de datos para la tabla `contrato`
--

INSERT INTO `contrato` (`id_contrato`, `fecha_ingreso`, `fecha_vencimiento`, `prorrogas`, `empleado_id`, `tipo_contrato_id`) VALUES
(2, '2017-02-13', '2018-02-12', 3, 16226344, 20),
(3, '2017-11-13', '2018-05-12', 2, 18598209, 40),
(4, '2017-02-07', '2018-02-06', 2, 1112770431, 20),
(5, '2017-05-01', '2018-04-30', 2, 2316358, 3),
(6, '2017-02-09', '2018-02-08', 3, 94463013, 40),
(7, '2017-05-01', '2018-04-30', 4, 9921457, 3),
(8, '2017-05-01', '2018-04-30', 2, 75084858, 3),
(9, '2017-11-03', '2018-05-02', 2, 1112780067, 20),
(10, '1997-05-03', '1900-01-00', 1, 15956575, 1),
(11, '2017-04-28', '2018-04-27', 2, 75079795, 100),
(12, '2017-02-08', '2018-02-07', 3, 1053794211, 40),
(13, '2017-01-07', '2018-01-06', 4, 1094882530, 20),
(14, '1997-01-08', '1900-01-00', 2, 16485243, 1),
(15, '2017-02-12', '2018-02-11', 3, 1094911267, 22),
(16, '1997-04-09', '1900-01-00', 4, 4391851, 1),
(17, '2017-03-07', '2018-03-06', 1, 89004457, 40),
(18, '2017-03-19', '2018-03-18', 2, 94533834, 22),
(19, '1996-11-16', '1900-01-00', 2, 16627207, 1),
(20, '2017-09-01', '2018-02-28', 1, 10127786, 40),
(21, '2017-10-24', '2018-04-23', 1, 4372275, 100),
(22, '2016-12-22', '2017-12-31', 2, 1061625000, 20),
(23, '2017-05-24', '2018-05-23', 4, 1053791943, 22),
(24, '2017-05-03', '2018-05-02', 3, 1143946915, 3),
(25, '2017-11-01', '2018-04-30', 1, 1116726252, 22),
(26, '2016-06-13', '2999-12-31', 2, 1114120754, 40),
(27, '2017-06-27', '2018-06-26', 2, 75033492, 22),
(28, '2017-01-14', '2018-01-13', 4, 1093215267, 20),
(29, '2017-11-07', '2018-01-06', 2, 1112302799, 40),
(30, '2017-02-15', '2018-02-14', 3, 1113779033, 40),
(31, '2017-03-28', '2018-03-27', 2, 16045186, 40),
(32, '2017-08-19', '2018-02-18', 2, 75146518, 100),
(33, '2016-02-28', '2999-12-31', 1, 4415933, 40),
(34, '2017-02-15', '2018-02-14', 1, 30360511, 40),
(35, '2017-02-21', '2018-02-20', 3, 1097729714, 40),
(36, '2017-11-11', '2018-05-10', 1, 13993559, 60),
(37, '2012-12-28', '2017-12-31', 4, 7549474, 40),
(38, '2017-04-27', '2018-04-26', 2, 9971779, 100),
(39, '2017-03-07', '2018-03-06', 4, 1109293858, 22),
(40, '2016-02-28', '2999-12-31', 1, 1112784664, 40),
(41, '2017-03-04', '2999-12-31', 3, 94393066, 40),
(42, '2017-04-29', '2018-04-28', 3, 94310956, 22),
(43, '2016-02-28', '2999-12-31', 3, 1116264342, 40),
(44, '2017-03-27', '2018-03-26', 4, 75144459, 100),
(45, '2017-11-01', '2018-04-30', 2, 1088238927, 3),
(46, '2017-03-07', '2018-03-06', 4, 9957041, 20),
(47, '2017-04-06', '2018-04-05', 4, 14571153, 20),
(48, '2017-12-04', '2018-06-03', 2, 75085511, 40),
(49, '2017-11-28', '2018-05-27', 3, 1088321795, 40),
(50, '2017-04-18', '2018-04-17', 3, 1112761152, 20),
(51, '2017-10-20', '2018-04-19', 3, 1113512846, 40),
(52, '2017-03-01', '2018-02-28', 4, 1059785331, 40),
(53, '2017-04-07', '2018-04-06', 3, 1061624208, 60),
(54, '2017-03-30', '2999-12-31', 4, 1109296032, 40),
(55, '2017-08-24', '2018-02-23', 2, 10186008, 40),
(56, '2017-05-01', '2018-04-30', 2, 10273868, 3),
(57, '2017-05-01', '2018-04-30', 3, 75081513, 3),
(58, '2017-05-01', '2018-04-30', 2, 10286362, 3),
(59, '2017-05-01', '2018-04-30', 1, 18532107, 3),
(60, '2017-05-01', '2018-04-30', 1, 15908017, 3),
(61, '2017-05-01', '2018-04-30', 4, 93383597, 3),
(62, '2017-10-20', '2018-04-19', 1, 1089746531, 20),
(63, '2017-04-01', '2018-03-31', 2, 31412768, 20),
(64, '2017-04-11', '2018-04-10', 3, 75143474, 40),
(65, '2017-08-30', '2018-02-28', 1, 14571892, 22),
(66, '2017-05-16', '2018-05-15', 1, 16055698, 22),
(67, '2017-10-01', '2018-03-31', 3, 1088292581, 1),
(68, '2016-09-16', '2018-01-15', 4, 18598051, 100),
(69, '2017-05-31', '2018-01-30', 3, 1053800432, 40),
(70, '2017-10-01', '2018-03-31', 3, 1088003280, 1),
(71, '2017-06-23', '2018-06-22', 4, 9728928, 100),
(72, '2017-02-28', '2018-02-27', 1, 18492028, 40),
(73, '2017-03-01', '2018-02-28', 4, 15959151, 20),
(74, '2017-08-01', '2018-01-31', 4, 9726942, 22),
(75, '2003-04-03', '2999-12-31', 4, 7959553, 3),
(76, '2017-10-01', '2018-03-31', 2, 1088002131, 1),
(77, '2017-05-05', '2018-05-04', 2, 9862498, 100),
(78, '2017-06-19', '2018-06-18', 3, 1116437684, 20),
(79, '2017-08-12', '2018-02-11', 1, 1088313813, 22),
(80, '2017-05-15', '2018-05-14', 1, 1113533829, 20),
(81, '2017-05-15', '2018-05-14', 2, 1088327284, 20),
(82, '2017-05-15', '2018-05-14', 2, 1112769004, 20),
(83, '2017-11-13', '2018-05-12', 4, 9697467, 22),
(84, '2017-10-03', '2018-04-02', 1, 9735423, 22),
(85, '2017-08-19', '2018-02-18', 1, 75102420, 20),
(86, '2017-05-12', '2018-01-11', 3, 1054990354, 40),
(87, '2016-09-21', '2018-01-20', 4, 18402946, 100),
(88, '2017-07-06', '2018-01-05', 2, 41912001, 22),
(89, '2017-10-27', '2018-02-26', 3, 1096646154, 22),
(90, '2017-10-11', '2018-02-10', 1, 1060646253, 40),
(91, '2017-04-10', '2018-04-09', 1, 18398705, 20),
(92, '2017-10-01', '2018-09-30', 3, 1054916493, 1),
(93, '2017-10-01', '2018-09-30', 2, 10008438, 1),
(94, '2017-10-01', '2018-03-31', 2, 1057757266, 1),
(95, '2017-10-30', '2018-04-29', 2, 29435277, 20),
(96, '2017-10-01', '2018-09-30', 3, 9697804, 1),
(97, '2017-09-20', '2018-03-19', 3, 4512715, 22),
(98, '2011-02-16', '1900-01-00', 3, 42159210, 1),
(99, '2017-10-01', '2018-09-30', 2, 24398541, 1),
(100, '2017-10-01', '2018-09-30', 2, 1088245901, 1),
(101, '2011-02-16', '1900-01-00', 4, 83241316, 1),
(102, '2017-08-01', '2018-01-31', 3, 72252082, 22),
(103, '2017-01-13', '2018-01-12', 1, 75050002, 22),
(104, '2017-10-30', '2018-02-28', 4, 1088300094, 40),
(105, '2017-04-29', '2018-04-28', 2, 1104675026, 3),
(106, '2016-10-11', '2018-02-15', 3, 1059812970, 40),
(107, '2017-04-09', '2018-04-08', 2, 1088248409, 22),
(108, '2017-09-27', '2018-03-26', 2, 1096032319, 22),
(109, '2017-10-01', '2018-03-31', 2, 1088028024, 1),
(110, '2017-02-19', '2018-02-18', 1, 16232307, 60),
(111, '2017-10-01', '2018-03-30', 2, 1088021467, 1),
(112, '1997-04-14', '1900-01-00', 3, 4578632, 3),
(113, '2017-12-04', '2018-06-03', 2, 1004211221, 40),
(114, '2017-01-09', '2018-01-08', 4, 9809507, 22),
(115, '2017-06-11', '2018-06-10', 4, 1114092888, 22),
(116, '2017-10-24', '2018-04-23', 3, 18403227, 60),
(117, '2017-10-06', '2018-04-05', 3, 75101610, 1),
(118, '2017-03-20', '2018-03-19', 3, 1094902525, 20),
(119, '2017-11-15', '2018-05-15', 3, 1088273174, 20),
(120, '1998-01-06', '1900-01-00', 2, 18596498, 3),
(121, '2017-12-11', '2018-06-10', 2, 1090336662, 40),
(122, '1996-11-16', '1900-01-00', 1, 10128205, 1),
(123, '2003-06-10', '2999-12-31', 3, 2680820, 1),
(124, '2017-03-08', '2018-03-07', 1, 15959842, 40),
(125, '2017-02-14', '2018-02-13', 1, 1086278089, 22),
(126, '1998-03-04', '1900-01-00', 3, 9992812, 1),
(127, '2017-11-16', '2018-05-15', 3, 94288775, 40),
(128, '2017-11-24', '2018-05-23', 3, 9727897, 22),
(129, '2017-12-13', '2999-12-31', 2, 1109298865, 40),
(130, '0000-00-00', '0000-00-00', 0, 0, 0),
(131, '0000-00-00', '0000-00-00', 0, 0, 0),
(132, '0000-00-00', '0000-00-00', 0, 0, 0);

-- --------------------------------------------------------

--
-- Estructura de tabla para la tabla `control_cursos`
--

CREATE TABLE `control_cursos` (
  `id_registro` int(100) NOT NULL,
  `cargo` int(20) NOT NULL,
  `descripcion` varchar(100) NOT NULL,
  `nro_curso` varchar(45) NOT NULL,
  `empleado_id` int(20) NOT NULL,
  `fecha_vencimiento` date NOT NULL,
  `academia_nit` int(100) NOT NULL,
  `curso_id` int(11) NOT NULL
) ENGINE=InnoDB DEFAULT CHARSET=utf8;

--
-- Volcado de datos para la tabla `control_cursos`
--

INSERT INTO `control_cursos` (`id_registro`, `cargo`, `descripcion`, `nro_curso`, `empleado_id`, `fecha_vencimiento`, `academia_nit`, `curso_id`) VALUES
(1, 1, 'VIGILANTE', 'ECSP577-E139988', 18606864, '2018-11-04', 2147483647, 1201),
(2, 1, 'VIGILANTE', 'ECSP577-E141211', 16226344, '2018-12-02', 2147483647, 1201),
(3, 1, 'VIGILANTE', 'ECSP1162-E390595', 18598209, '2018-12-09', 2147483647, 1201),
(4, 1, 'VIGILANTE', 'ECSP1859-B352580', 1112770431, '2018-01-23', 2147483647, 1201),
(5, 1, 'VIGILANTE', 'ECSP577-E141577', 2316358, '2018-12-09', 2147483647, 1201),
(6, 1, 'VIGILANTE', 'ECSP1162-E390863', 94463013, '2018-12-07', 2147483647, 1201),
(7, 1, 'VIGILANTE', 'ECSP1162-E391052', 9921457, '2018-12-15', 2147483647, 1201),
(8, 1, 'VIGILANTE', 'ECSP577-E142060', 75084858, '2018-12-16', 2147483647, 1201),
(9, 1, 'VIGILANTE', 'ECSP577-E141925', 1112780067, '2018-12-16', 2147483647, 1201),
(10, 1, 'VIGILANTE', 'ECSP577-E142059', 15956575, '2018-12-16', 2147483647, 1201),
(11, 4, 'SUPERVISOR', 'ECSP577-E142062', 75079795, '2018-12-16', 2147483647, 3201),
(12, 1, 'VIGILANTE', 'ECSP577-E142061', 1053794211, '2018-12-16', 2147483647, 1201),
(13, 1, 'VIGILANTE', 'ECSP1162-D167145', 1094882530, '2018-01-06', 2147483647, 1201),
(14, 4, 'SUPERVISOR', 'ECSP1162-D167132', 16485243, '2018-01-06', 2147483647, 3201),
(15, 1, 'VIGILANTE', 'ECSP1162-D167146', 1094911267, '2018-01-06', 2147483647, 1201),
(16, 1, 'VIGILANTE', 'ECSP1162-D167129', 4391851, '2018-01-06', 2147483647, 1201),
(17, 1, 'VIGILANTE', 'ECSP1162-D167148', 89004457, '2018-01-06', 2147483647, 1201),
(18, 1, 'VIGILANTE', 'ECSP1162-D167149', 94533834, '2018-01-06', 2147483647, 1201),
(19, 1, 'VIGILANTE', 'ECSP1162-D167131', 16627207, '2018-01-06', 2147483647, 1201),
(20, 1, 'VIGILANTE', 'ECSP1162-D167130', 10127786, '2018-01-06', 2147483647, 1201),
(21, 4, 'SUPERVISOR', 'ECSP1162-D167150', 4372275, '2018-01-06', 2147483647, 3201),
(22, 1, 'VIGILANTE', 'ECSP577-D360207', 1061625000, '2018-01-07', 2147483647, 1201),
(23, 1, 'VIGILANTE', 'ECSP577-D360208', 1053791943, '2018-01-07', 2147483647, 1201),
(24, 1, 'VIGILANTE', 'ECSP577-D360363', 1143946915, '2018-01-07', 2147483647, 1201),
(25, 1, 'VIGILANTE', 'ECSP1162-D167386', 1116726252, '2018-01-13', 2147483647, 1201),
(26, 1, 'VIGILANTE', 'ECSP577-D360617', 1114120754, '2018-01-14', 2147483647, 1201),
(27, 1, 'VIGILANTE', 'ECSP577-D362179', 75033492, '2018-01-21', 2147483647, 1201),
(28, 1, 'VIGILANTE', 'ECSP1162-C168018', 1093215267, '2018-01-27', 2147483647, 1201),
(29, 1, 'VIGILANTE', 'ECSP577-D362405', 1112302799, '2018-01-28', 2147483647, 1201),
(30, 1, 'VIGILANTE', 'ECSP577-D362406', 1113779033, '2018-01-28', 2147483647, 1101),
(31, 1, 'VIGILANTE', 'ECSP1162-D168337', 16045186, '2018-02-03', 2147483647, 1201),
(32, 4, 'SUPERVISOR', 'ECSP1162-C168336', 75146518, '2018-02-03', 2147483647, 3201),
(33, 1, 'VIGILANTE', 'ECSP577-D363098', 4415933, '2018-02-04', 2147483647, 1201),
(34, 1, 'VIGILANTE', 'ECSP1124-A184864', 4446750, '2018-02-04', 2147483647, 1201),
(35, 1, 'VIGILANTE', 'ECSP1124-A184956', 1060590364, '2018-02-04', 2147483647, 1201),
(36, 1, 'VIGILANTE', 'ECSP1162-D168781', 30360511, '2018-02-10', 2147483647, 1101),
(37, 1, 'VIGILANTE', 'ECSP1162-D169103', 1097729714, '2018-02-10', 2147483647, 1101),
(38, 1, 'VIGILANTE', 'ECSP577-D363368', 13993559, '2018-02-11', 2147483647, 1201),
(39, 1, 'VIGILANTE', 'ECSP1025-D194619', 7549474, '2018-02-17', 2147483647, 1201),
(40, 4, 'SUPERVISOR', 'ECSP577-D363924', 9971779, '2018-02-18', 2147483647, 3201),
(41, 1, 'VIGILANTE', 'ECSP577-D363923', 1109293858, '2018-02-18', 2147483647, 1201),
(42, 1, 'VIGILANTE', 'ECSP577-D363934', 1112784664, '2018-02-18', 2147483647, 1201),
(43, 1, 'VIGILANTE', 'ECSP981-D238667', 94393066, '2018-02-24', 2147483647, 1201),
(44, 1, 'VIGILANTE', 'ECSP728-D111208', 94310956, '2018-02-25', 2147483647, 1301),
(45, 1, 'VIGILANTE', 'ECSP577-D364297', 1116264342, '2018-02-25', 2147483647, 1201),
(46, 4, 'SUPERVISOR', 'ECSP1162-D169959', 75144459, '2018-03-03', 2147483647, 3201),
(47, 1, 'VIGILANTE', 'ECSP1162-D169961', 1088238927, '2018-03-03', 2147483647, 1201),
(48, 1, 'VIGILANTE', 'ECSP1162-D169960', 9957041, '2018-03-03', 2147483647, 1201),
(49, 1, 'VIGILANTE', 'ECSP577-D364740', 14571153, '2018-03-04', 2147483647, 1201),
(50, 1, 'VIGILANTE', 'ECSP1025-D195229', 75085511, '2018-03-04', 2147483647, 1201),
(51, 1, 'VIGILANTE', 'ECSP1162-D510977', 1088321795, '2018-03-17', 2147483647, 1201),
(52, 1, 'VIGILANTE', 'ECSP577-D366171', 1112761152, '2018-03-19', 2147483647, 1312),
(53, 1, 'VIGILANTE', 'ESCP1025-D196193', 1113512846, '2018-03-24', 2147483647, 1201),
(54, 1, 'VIGILANTE', 'ECSP577-D366361', 1059785331, '2018-03-25', 2147483647, 1201),
(55, 1, 'VIGILANTE', 'ECSP577-D366636', 1061624208, '2018-03-25', 2147483647, 1201),
(56, 1, 'VIGILANTE', 'ECSP577-D366635', 1109296032, '2018-03-25', 2147483647, 1201),
(57, 1, 'VIGILANTE', 'ECSP1162-D511844', 10186008, '2018-03-31', 2147483647, 1201),
(58, 1, 'VIGILANTE', 'ECSP1162-D511911', 10273868, '2018-03-31', 2147483647, 1201),
(59, 1, 'VIGILANTE', 'ECSP1162-D511845', 75081513, '2018-03-31', 2147483647, 1201),
(60, 1, 'VIGILANTE', 'ECSP1162-D511843', 10286362, '2018-03-31', 2147483647, 1201),
(61, 1, 'VIGILANTE', 'ECSP1162-D511689', 18532107, '2018-03-31', 2147483647, 1201),
(62, 1, 'VIGILANTE', 'ECSP1162-D511626', 15908017, '2018-03-31', 2147483647, 1201),
(63, 1, 'VIGILANTE', 'ECSP1162-D511687', 93383597, '2018-03-31', 2147483647, 1201),
(64, 1, 'VIGILANTE', 'ECSP3001-A406886', 1089746531, '2018-04-05', 2147483647, 1101),
(65, 1, 'VIGILANTE', 'ECSP1162-D512164', 31412768, '2018-04-07', 2147483647, 1201),
(66, 1, 'VIGILANTE', 'ECSP1025-D196625', 10263787, '2018-04-07', 2147483647, 1201),
(67, 1, 'VIGILANTE', 'ECSP1025-D196509', 75077610, '2018-04-07', 2147483647, 1201),
(68, 1, 'VIGILANTE', 'ECSP1162-D512024', 75143474, '2018-04-07', 2147483647, 1201),
(69, 1, 'VIGILANTE', 'ECSP577-D368558', 14571892, '2018-04-20', 2147483647, 1201),
(70, 1, 'VIGILANTE', 'ECSP728-D111335', 16055698, '2018-04-22', 2147483647, 19),
(71, 1, 'VIGILANTE', 'ECSP1162-D512872', 1088292581, '2018-04-24', 2147483647, 1201),
(72, 4, 'SUPERVISOR', 'ECSP1162-D513359', 18598051, '2018-05-05', 2147483647, 3201),
(73, 1, 'VIGILANTE', 'ECSP577-D369636', 1053800432, '2018-05-06', 2147483647, 1201),
(74, 1, 'VIGILANTE', 'ECSP1162-D513844', 1088003280, '2018-05-12', 2147483647, 1201),
(75, 4, 'SUPERVISOR', 'ECSP1025-D197340', 9728928, '2018-05-19', 2147483647, 3201),
(76, 1, 'VIGILANTE', 'ECSP1162-D514405', 18492028, '2018-05-19', 2147483647, 1201),
(77, 1, 'VIGILANTE', 'ECSP1025-D197510', 15959151, '2018-05-19', 2147483647, 1201),
(78, 1, 'VIGILANTE', 'ECSP728-D111694', 9726942, '2018-05-20', 2147483647, 1201),
(79, 1, 'VIGILANTE', 'ECSP728-D111695', 7959553, '2018-05-20', 2147483647, 1201),
(80, 1, 'VIGILANTE', 'ECSP1162-D514735', 1088002131, '2018-05-26', 2147483647, 1201),
(81, 4, 'SUPERVISOR', 'ECSP1162-D514953', 9862498, '2018-06-02', 2147483647, 3201),
(82, 1, 'VIGILANTE', 'ECSP577-D131189', 1116437684, '2018-06-03', 2147483647, 1201),
(83, 1, 'VIGILANTE', 'ECSP1162-D515282', 1088313813, '2018-06-09', 2147483647, 1201),
(84, 1, 'VIGILANTE', 'ECSP1162-D515629', 1113533829, '2018-06-09', 2147483647, 1201),
(85, 1, 'VIGILANTE', 'ECSP1162-D515627', 1088327284, '2018-06-09', 2147483647, 1201),
(86, 1, 'VIGILANTE', 'ECSP1162-D515626', 1112769004, '2018-06-09', 2147483647, 1201),
(87, 1, 'VIGILANTE', 'ECSP1162-D516121', 9697467, '2018-06-16', 2147483647, 1201),
(88, 1, 'VIGILANTE', 'ECSP1162-D517052', 9735423, '2018-07-07', 2147483647, 1201),
(89, 1, 'VIGILANTE', 'ECSP577-E133339', 75102420, '2018-07-08', 2147483647, 1201),
(90, 1, 'VIGILANTE', 'ECSP577-E133778', 1054990354, '2018-07-15', 2147483647, 1201),
(91, 4, 'SUPERVISOR', 'ECSP1162-D517978', 18402946, '2018-07-21', 2147483647, 3201),
(92, 1, 'VIGILANTE', 'ECSP1162-D517845', 41912001, '2018-07-21', 2147483647, 1201),
(93, 1, 'VIGILANTE', 'ECSP1162-D517921', 1096646154, '2018-07-21', 2147483647, 1201),
(94, 1, 'VIGILANTE', 'ECSP577-E134266', 9977165, '2018-07-22', 2147483647, 1201),
(95, 1, 'VIGILANTE', 'ECSP577-E134516', 1060646253, '2018-07-25', 2147483647, 1201),
(96, 1, 'VIGILANTE', 'ECSP1025-D199523', 18398705, '2018-07-28', 2147483647, 1201),
(97, 1, 'VIGILANTE', 'ECSP1162-D518816', 1054916493, '2018-07-28', 2147483647, 1201),
(98, 1, 'VIGILANTE', 'ECSP1162-D518814', 10008438, '2018-07-28', 2147483647, 1201),
(99, 1, 'VIGILANTE', 'ECSP1162-D518815', 1057757266, '2018-07-28', 2147483647, 1201),
(100, 1, 'VIGILANTE', 'ECSP1025-D199483', 29435277, '2018-07-28', 2147483647, 1201),
(101, 1, 'VIGILANTE', 'ECSP1162-D519258', 9697804, '2018-08-04', 2147483647, 1201),
(102, 1, 'VIGILANTE', 'ECSP1162-D519545', 4512715, '2018-08-04', 2147483647, 1201),
(103, 1, 'VIGILANTE', 'ECSP1162-D519261', 42159210, '2018-08-04', 2147483647, 3201),
(104, 1, 'VIGILANTE', 'ECSP1162-D519256', 24398541, '2018-08-04', 2147483647, 1201),
(105, 1, 'VIGILANTE', 'ECSP1162-D519257', 1088245901, '2018-08-04', 2147483647, 1201),
(106, 4, 'SUPERVISOR', 'ECSP1162-D519260', 83241316, '2018-08-04', 2147483647, 3201),
(107, 1, 'VIGILANTE', 'ECSP1162-D520258', 72252082, '2018-08-11', 2147483647, 1201),
(108, 1, 'VIGILANTE', 'ECSP1162-D520179', 75050002, '2018-08-11', 2147483647, 1201),
(109, 1, 'VIGILANTE', 'ECSP1859-B354661', 1088300094, '2018-08-14', 2147483647, 1201),
(110, 1, 'VIGILANTE', 'ECSP1162-D520864', 1104675026, '2018-08-18', 2147483647, 1201),
(111, 1, 'VIGILANTE', 'ECSP577-E135845', 1059812970, '2018-08-19', 2147483647, 1201),
(112, 1, 'VIGILANTE', 'ECSP1162-D521985', 1088248409, '2018-08-25', 2147483647, 1301),
(113, 1, 'VIGILANTE', 'ECSP1162-D521984', 1096032319, '2018-08-25', 2147483647, 1201),
(114, 1, 'VIGILANTE', 'ECSP1160-D487024', 1088028024, '2018-08-25', 2147483647, 1101),
(115, 1, 'VIGILANTE', 'ECSP577-E135896', 16232307, '2018-08-28', 2147483647, 1201),
(116, 1, 'VIGILANTE', 'ECSP1162-D523448', 1088021467, '2018-09-01', 2147483647, 1201),
(117, 1, 'VIGILANTE', 'ECSP1162-D523429', 10281008, '2018-09-01', 2147483647, 1201),
(118, 1, 'VIGILANTE', 'ECSP1162-D523711', 4578632, '2018-09-08', 2147483647, 1201),
(119, 1, 'VIGILANTE', 'ECSP577-E137594', 1004211221, '2018-09-09', 2147483647, 1201),
(120, 1, 'VIGILANTE', 'ECSP1162-D525776', 9809507, '2018-09-22', 2147483647, 1201),
(121, 1, 'VIGILANTE', 'ECSP1162-D526156', 1114092888, '2018-09-29', 2147483647, 1101),
(122, 1, 'VIGILANTE', 'ECSP1162-D527016', 18403227, '2018-10-06', 2147483647, 1201),
(123, 1, 'VIGILANTE', 'ECSP1162-D526899', 75101610, '2018-10-10', 2147483647, 1201),
(124, 1, 'VIGILANTE', 'ECSP1025-D201759', 1094902525, '2018-10-27', 2147483647, 1201),
(125, 1, 'VIGILANTE', 'ECSP1162-D5282264', 1088273174, '2018-10-27', 2147483647, 1101),
(126, 1, 'VIGILANTE', 'ECSP1162-D528630', 18596498, '2018-11-03', 2147483647, 1201),
(127, 1, 'VIGILANTE', 'ECSP3007-B298239', 1090336662, '2018-11-07', 2147483647, 1101),
(128, 6, 'GUIA CANINO', 'ECSP1162-D529049', 10128205, '2018-11-10', 2147483647, 1201),
(129, 4, 'SUPERVISOR', 'ECSP577-E140383', 2680820, '2018-11-11', 2147483647, 3201),
(130, 1, 'VIGILANTE', 'ECSP577-E140431', 15959842, '2018-11-11', 2147483647, 1201),
(131, 1, 'VIGILANTE', 'ECSP1162-D529509', 1086278089, '2018-11-17', 2147483647, 1201),
(132, 1, 'VIGILANTE', 'ECSP1162-E390195', 9992812, '2018-12-01', 2147483647, 1201),
(133, 1, 'VIGILANTE', 'ECSP1162-E390143', 94288775, '2018-12-01', 2147483647, 1101),
(134, 1, 'VIGILANTE', 'ECSP1162-E390587', 9727897, '2018-12-09', 2147483647, 1301),
(135, 1, 'VIGILANTE', 'ECSP1025-D196195', 1109298865, '2018-03-24', 2147483647, 1201);

-- --------------------------------------------------------

--
-- Estructura de tabla para la tabla `cursos`
--

CREATE TABLE `cursos` (
  `id_cursos` int(20) NOT NULL,
  `descripcion` varchar(50) NOT NULL
) ENGINE=InnoDB DEFAULT CHARSET=utf8;

--
-- Volcado de datos para la tabla `cursos`
--

INSERT INTO `cursos` (`id_cursos`, `descripcion`) VALUES
(19, 'ESPECIALIZACION VIGILANCIA AEROPORTUARIA '),
(1101, 'FUNDAMENTACION VIGILANCIA '),
(1201, 'REENTRENAMIENTO VIGILANCIA '),
(1301, 'ESPECIALIZACION VIGILANCIA AEROPORTUARIA '),
(1312, 'ESPECIALIZACION VIGILANCIA ENTIDADES OFICIALES '),
(3201, 'REENTRENAMIENTO SUPERVISORES ');

-- --------------------------------------------------------

--
-- Estructura de tabla para la tabla `documento`
--

CREATE TABLE `documento` (
  `empleado_id` int(20) NOT NULL,
  `vencimiento_visita` date NOT NULL,
  `vencimiento_pasadoj` date NOT NULL
) ENGINE=InnoDB DEFAULT CHARSET=utf8;

--
-- Volcado de datos para la tabla `documento`
--

INSERT INTO `documento` (`empleado_id`, `vencimiento_visita`, `vencimiento_pasadoj`) VALUES
(18606864, '0000-00-00', '0000-00-00'),
(16226344, '0000-00-00', '0000-00-00'),
(18598209, '0000-00-00', '0000-00-00'),
(1112770431, '0000-00-00', '0000-00-00'),
(2316358, '0000-00-00', '0000-00-00'),
(94463013, '0000-00-00', '0000-00-00'),
(9921457, '0000-00-00', '0000-00-00'),
(75084858, '0000-00-00', '0000-00-00'),
(1112780067, '0000-00-00', '0000-00-00'),
(15956575, '0000-00-00', '0000-00-00'),
(75079795, '0000-00-00', '0000-00-00'),
(1053794211, '0000-00-00', '0000-00-00'),
(1094882530, '0000-00-00', '0000-00-00'),
(16485243, '0000-00-00', '0000-00-00'),
(1094911267, '0000-00-00', '0000-00-00'),
(4391851, '0000-00-00', '0000-00-00'),
(89004457, '0000-00-00', '0000-00-00'),
(94533834, '0000-00-00', '0000-00-00'),
(16627207, '0000-00-00', '0000-00-00'),
(10127786, '0000-00-00', '0000-00-00'),
(4372275, '0000-00-00', '0000-00-00'),
(1061625000, '0000-00-00', '0000-00-00'),
(1053791943, '0000-00-00', '0000-00-00'),
(1143946915, '0000-00-00', '0000-00-00'),
(1116726252, '0000-00-00', '0000-00-00'),
(1114120754, '0000-00-00', '0000-00-00'),
(75033492, '0000-00-00', '0000-00-00'),
(1093215267, '0000-00-00', '0000-00-00'),
(1112302799, '0000-00-00', '0000-00-00'),
(1113779033, '0000-00-00', '0000-00-00'),
(16045186, '0000-00-00', '0000-00-00'),
(75146518, '0000-00-00', '0000-00-00'),
(4415933, '0000-00-00', '0000-00-00'),
(4446750, '0000-00-00', '0000-00-00'),
(1060590364, '0000-00-00', '0000-00-00'),
(30360511, '0000-00-00', '0000-00-00'),
(1097729714, '0000-00-00', '0000-00-00'),
(13993559, '0000-00-00', '0000-00-00'),
(7549474, '0000-00-00', '0000-00-00'),
(9971779, '0000-00-00', '0000-00-00'),
(1109293858, '0000-00-00', '0000-00-00'),
(1112784664, '0000-00-00', '0000-00-00'),
(94393066, '0000-00-00', '0000-00-00'),
(94310956, '0000-00-00', '0000-00-00'),
(1116264342, '0000-00-00', '0000-00-00'),
(75144459, '0000-00-00', '0000-00-00'),
(1088238927, '0000-00-00', '0000-00-00'),
(9957041, '0000-00-00', '0000-00-00'),
(14571153, '0000-00-00', '0000-00-00'),
(75085511, '0000-00-00', '0000-00-00'),
(1088321795, '0000-00-00', '0000-00-00'),
(1112761152, '0000-00-00', '0000-00-00'),
(1113512846, '0000-00-00', '0000-00-00'),
(1059785331, '0000-00-00', '0000-00-00'),
(1061624208, '0000-00-00', '0000-00-00'),
(1109296032, '0000-00-00', '0000-00-00'),
(10186008, '0000-00-00', '0000-00-00'),
(10273868, '0000-00-00', '0000-00-00'),
(75081513, '0000-00-00', '0000-00-00'),
(10286362, '0000-00-00', '0000-00-00'),
(18532107, '0000-00-00', '0000-00-00'),
(15908017, '0000-00-00', '0000-00-00'),
(93383597, '0000-00-00', '0000-00-00'),
(1089746531, '0000-00-00', '0000-00-00'),
(31412768, '0000-00-00', '0000-00-00'),
(10263787, '0000-00-00', '0000-00-00'),
(75077610, '0000-00-00', '0000-00-00'),
(75143474, '0000-00-00', '0000-00-00'),
(14571892, '0000-00-00', '0000-00-00'),
(16055698, '0000-00-00', '0000-00-00'),
(1088292581, '0000-00-00', '0000-00-00'),
(18598051, '0000-00-00', '0000-00-00'),
(1053800432, '0000-00-00', '0000-00-00'),
(1088003280, '0000-00-00', '0000-00-00'),
(9728928, '0000-00-00', '0000-00-00'),
(18492028, '0000-00-00', '0000-00-00'),
(15959151, '0000-00-00', '0000-00-00'),
(9726942, '0000-00-00', '0000-00-00'),
(7959553, '0000-00-00', '0000-00-00'),
(1088002131, '0000-00-00', '0000-00-00'),
(9862498, '0000-00-00', '0000-00-00'),
(1116437684, '0000-00-00', '0000-00-00'),
(1088313813, '0000-00-00', '0000-00-00'),
(1113533829, '0000-00-00', '0000-00-00'),
(1088327284, '0000-00-00', '0000-00-00'),
(1112769004, '0000-00-00', '0000-00-00'),
(9697467, '0000-00-00', '0000-00-00'),
(9735423, '0000-00-00', '0000-00-00'),
(75102420, '0000-00-00', '0000-00-00'),
(1054990354, '0000-00-00', '0000-00-00'),
(18402946, '0000-00-00', '0000-00-00'),
(41912001, '0000-00-00', '0000-00-00'),
(1096646154, '0000-00-00', '0000-00-00'),
(9977165, '0000-00-00', '0000-00-00'),
(1060646253, '0000-00-00', '0000-00-00'),
(18398705, '0000-00-00', '0000-00-00'),
(1054916493, '0000-00-00', '0000-00-00'),
(10008438, '0000-00-00', '0000-00-00'),
(1057757266, '0000-00-00', '0000-00-00'),
(29435277, '0000-00-00', '0000-00-00'),
(9697804, '0000-00-00', '0000-00-00'),
(4512715, '0000-00-00', '0000-00-00'),
(42159210, '0000-00-00', '0000-00-00'),
(24398541, '0000-00-00', '0000-00-00'),
(1088245901, '0000-00-00', '0000-00-00'),
(83241316, '0000-00-00', '0000-00-00'),
(72252082, '0000-00-00', '0000-00-00'),
(75050002, '0000-00-00', '0000-00-00'),
(1088300094, '0000-00-00', '0000-00-00'),
(1104675026, '0000-00-00', '0000-00-00'),
(1059812970, '0000-00-00', '0000-00-00'),
(1088248409, '0000-00-00', '0000-00-00'),
(1096032319, '0000-00-00', '0000-00-00'),
(1088028024, '0000-00-00', '0000-00-00'),
(16232307, '0000-00-00', '0000-00-00'),
(1088021467, '0000-00-00', '0000-00-00'),
(10281008, '0000-00-00', '0000-00-00'),
(4578632, '0000-00-00', '0000-00-00'),
(1004211221, '0000-00-00', '0000-00-00'),
(9809507, '0000-00-00', '0000-00-00'),
(1114092888, '0000-00-00', '0000-00-00'),
(18403227, '0000-00-00', '0000-00-00'),
(75101610, '0000-00-00', '0000-00-00'),
(1094902525, '0000-00-00', '0000-00-00'),
(1088273174, '0000-00-00', '0000-00-00'),
(18596498, '0000-00-00', '0000-00-00'),
(1090336662, '0000-00-00', '0000-00-00'),
(10128205, '0000-00-00', '0000-00-00'),
(2680820, '0000-00-00', '0000-00-00'),
(15959842, '0000-00-00', '0000-00-00'),
(1086278089, '0000-00-00', '0000-00-00'),
(9992812, '0000-00-00', '0000-00-00'),
(94288775, '0000-00-00', '0000-00-00'),
(9727897, '0000-00-00', '0000-00-00'),
(1109298865, '0000-00-00', '0000-00-00');

-- --------------------------------------------------------

--
-- Estructura de tabla para la tabla `empleado`
--

CREATE TABLE `empleado` (
  `id_empleado` int(20) NOT NULL,
  `nombre_1` varchar(50) NOT NULL,
  `nombre_2` varchar(30) NOT NULL,
  `apellido_1` varchar(50) NOT NULL,
  `apellido_2` varchar(30) NOT NULL,
  `fecha_nacimiento` date NOT NULL,
  `ciudad_nacimiento` varchar(30) NOT NULL,
  `ciudad_expedicion` varchar(30) NOT NULL,
  `tipo_sangre` varchar(8) NOT NULL,
  `direccion` varchar(50) NOT NULL,
  `ciudad_residencia` varchar(30) NOT NULL,
  `telefono` int(20) NOT NULL,
  `genero` varchar(15) NOT NULL
) ENGINE=InnoDB DEFAULT CHARSET=utf8;

--
-- Volcado de datos para la tabla `empleado`
--

INSERT INTO `empleado` (`id_empleado`, `nombre_1`, `nombre_2`, `apellido_1`, `apellido_2`, `fecha_nacimiento`, `ciudad_nacimiento`, `ciudad_expedicion`, `tipo_sangre`, `direccion`, `ciudad_residencia`, `telefono`, `genero`) VALUES
(2316358, 'GERMAN', '', 'URREGO ', 'VELASQUEZ', '1966-08-22', 'PEREIRA', 'PEREIRA', 'O+', 'CRA 16  15  15  -BARRIO- REPUBLICA', 'PEREIRA', 2147483647, 'MASCULINO'),
(2680820, 'ALVARO', 'JAIR', 'FLOREZ', 'RENDON', '1962-04-14', 'PEREIRA', 'PEREIRA', 'O+', 'CR 1J N° 35-44 BR JOSÉ GABRIEL CALDERÓN, CARTAGO  ', 'PEREIRA', 2147483647, 'MASCULINO'),
(4372275, 'ERWIN', '', 'GIRALDO', 'ACEVEDO', '1981-08-25', 'PEREIRA', 'PEREIRA', 'O+', 'MZ E CS 3 BR QUINTAS DE LA MARINA, ARMENIA  -BARRI', 'PEREIRA', 2147483647, 'MASCULINO'),
(4391851, 'ALCIBIADES', 'DE JESÃ?S ', 'LEON', 'CARDONA', '1957-08-10', 'PEREIRA', 'PEREIRA', 'O+', 'MZ 4 CS 26 BR LA GRACIELA, DOSQUEBRADAS  -BARRIO- ', 'PEREIRA', 2147483647, 'MASCULINO'),
(4415933, 'ALDEMAR', '', 'GALLEGO', '', '1982-05-05', 'PEREIRA', 'PEREIRA', 'O+', 'CRA  -BARRIO- NUEVO HORIZONTE ETAP', 'PEREIRA', 2147483647, 'MASCULINO'),
(4446750, 'RAFAEL', 'ALBERTO', 'VINASCO', 'SALDARRIAGA', '1978-05-28', 'PEREIRA', 'PEREIRA', 'O+', 'EL LLANO GUAYABITO  -BARRIO- ', 'PEREIRA', 3280452, 'MASCULINO'),
(4512715, 'JOHN', 'JAIRO', 'VARELA', '', '1983-10-04', 'PEREIRA', 'PEREIRA', 'O+', 'CALLE 10 N° 23-14 BR EL  JAPON DOSQUEBRADAS  -BARR', 'PEREIRA', 2147483647, 'MASCULINO'),
(4578632, 'DANIEL', '', 'PEÃ?A', 'MORALES', '1956-07-09', 'PEREIRA', 'PEREIRA', 'O+', 'CR 15A BIS C SUR 41 03 ESTE  -BARRIO- BUENOS AIRES', 'PEREIRA', 2147483647, 'MASCULINO'),
(7549474, 'EFRAIN', '', 'FANDIÃ?O', 'VELASQUEZ', '1966-03-17', 'PEREIRA', 'PEREIRA', 'O+', 'MZ 48 CS 30 BR LA FACHADA, ARMENIA  -BARRIO- LA FA', 'PEREIRA', 2147483647, 'MASCULINO'),
(7959553, 'OMAR', 'ENRIQUE', 'PADILLA', 'OLIVO', '1975-05-26', 'PEREIRA', 'PEREIRA', 'O+', 'CR 7 N° 32-117 BR SANTA ISABEL, D/DAS  -BARRIO- ST', 'PEREIRA', 2147483647, 'MASCULINO'),
(9697467, 'JORGE', 'IVAN', 'TORO', 'OBANDO', '1981-10-15', 'PEREIRA', 'PEREIRA', 'O+', 'CRA 9 BIS  47  28  -BARRIO- VILLA ELENA', 'PEREIRA', 3220669, 'MASCULINO'),
(9697804, 'JOSE', 'ASDRUBAL', 'ROJAS', 'CALLE', '1982-11-04', 'PEREIRA', 'PEREIRA', 'O+', 'CL 6 BIS N°24-62 BR EL JAPÓN, DOSQUEBRADAS  -BARRI', 'PEREIRA', 3300770, 'MASCULINO'),
(9726942, 'JORGE', 'ELIECER', 'MEDINA', 'MONTILLA', '1980-12-07', 'PEREIRA', 'PEREIRA', 'O+', 'MZ E CS 8 BR ALFONSO LÓPEZ, ARMENIA  -BARRIO- ALFO', 'PEREIRA', 2147483647, 'MASCULINO'),
(9727897, 'OSCAR', 'JAVIER', 'CALEÃ?O', 'GRANADOS', '1981-04-05', 'PEREIRA', 'PEREIRA', 'O+', '  -BARRIO- LA GRECIA', 'PEREIRA', 3234107, 'MASCULINO'),
(9728928, 'OSCAR', 'ALBERTO', 'BERMUDEZ', 'RODRIGUEZ', '1981-10-07', 'PEREIRA', 'PEREIRA', 'O+', 'BLQ 5 APTO 102 CR MARÍA CRISTINA ET. 2, ARMENIA  -', 'PEREIRA', 2634068, 'MASCULINO'),
(9735423, 'FABIO', 'HERNAN', 'SANCHEZ', 'GARZON', '1982-04-08', 'PEREIRA', 'PEREIRA', 'O+', 'MZ 35 CS 16 BR SIMÓN BOLIVAR, ARMENIA  -BARRIO- SI', 'PEREIRA', 2147483647, 'MASCULINO'),
(9809507, 'JHON', 'GEY', 'QUIGUANAS', 'CARREÃ?O', '1976-06-14', 'PEREIRA', 'PEREIRA', 'O+', 'MANZANA 8 CASA 8 VILLA ALEJANDRA ARMENIA  -BARRIO-', 'PEREIRA', 2147483647, 'MASCULINO'),
(9862498, 'HERNAN', 'DAVID', 'NAVARRETE', 'RAMIREZ', '1985-12-18', 'PEREIRA', 'PEREIRA', 'O+', 'CR 9 N° 8E-34 BR KENEDY, PEREIRA  -BARRIO- KENNEDY', 'PEREIRA', 2147483647, 'MASCULINO'),
(9921457, 'NESTOR', 'ANGEL', 'BERMUDEZ', 'CARDENAS', '1968-12-12', 'PEREIRA', 'PEREIRA', 'O+', 'av 30 de agosto 42-15', 'PEREIRA', 2147483647, 'MASCULINO'),
(9957041, 'JHON', 'FREDY', 'AGUDELO', 'YANTEN', '1974-11-12', 'PEREIRA', 'PEREIRA', 'O+', 'MZ 17 CASA 25  -BARRIO- PARQUE INDUSTRI', 'PEREIRA', 2147483647, 'MASCULINO'),
(9971779, 'ROGELIO', '', 'MEJIA', 'LOPEZ', '1977-12-01', 'PEREIRA', 'PEREIRA', 'O+', 'CR 16A Nº 3-40 BR LA PRADERA, VILLAMARIA  -BARRIO-', 'PEREIRA', 2147483647, 'MASCULINO'),
(9977165, 'JOHNNATAN', '', 'MANRIQUE', 'TOVAR', '1984-01-17', 'PEREIRA', 'PEREIRA', 'O+', 'CRA 18  4  45  -BARRIO- VILLAMARIA', 'PEREIRA', 2147483647, 'MASCULINO'),
(9992812, 'LUIS', 'FERNANDO', 'CALLE', '', '1968-06-22', 'PEREIRA', 'PEREIRA', 'O+', 'MZ 24 CS 3 BR CAMPESTRE A, DOSQUEBRADAS  -BARRIO- ', 'PEREIRA', 3405848, 'MASCULINO'),
(10008438, 'NESTOR', 'YESID', 'MARIN', 'HERRERA', '1978-10-12', 'PEREIRA', 'PEREIRA', 'O+', '  -BARRIO- PANORAMA 1', 'PEREIRA', 2147483647, 'MASCULINO'),
(10127786, 'YHON', 'JAIRO', 'VELEZ', 'TORRES', '1967-11-22', 'PEREIRA', 'PEREIRA', 'O+', 'MZ 14 CASA 24 ET III BR BOSQUES ACUARELA, D/DAS  -', 'PEREIRA', 2147483647, 'MASCULINO'),
(10128205, 'ARTURO', '', 'ROTAVISTA', 'PEREZ', '1967-12-09', 'PEREIRA', 'PEREIRA', 'O+', 'MZ 1 CS 8 BR ALTO DE LA CAPILLA, DOSQUEBRADAS  -BA', 'PEREIRA', 2147483647, 'MASCULINO'),
(10186008, 'CESAR', 'AUGUSTO', 'MANZANO', 'DUQUE', '1978-09-09', 'PEREIRA', 'PEREIRA', 'O+', 'MZ 7 CASA 13 BARRIO SAMARIA I PEREIRA', 'PEREIRA', 2147483647, 'MASCULINO'),
(10263787, 'ALBEIRO', '', 'CARDONA', 'DIAZ', '1964-03-31', 'PEREIRA', 'PEREIRA', 'O+', 'CALLEB  41  63  -BARRIO- MALHABAR', 'PEREIRA', 3431013, 'MASCULINO'),
(10273868, 'ENRIQUE', '', 'SALINAS ', 'MORALES', '1966-07-25', 'PEREIRA', 'PEREIRA', 'O+', 'av 30 de agosto 42-15', 'PEREIRA', 2147483647, 'MASCULINO'),
(10281008, 'CESAR', 'AUGUSTO', 'SALDARRIAGA', 'VICTORIA', '1968-08-06', 'PEREIRA', 'PEREIRA', 'O+', 'VEREDA EL LLANO  -BARRIO- ', 'PEREIRA', 2147483647, 'MASCULINO'),
(10286362, 'VICTOR ', 'FABIO', 'CELIS ', 'BUITRAGO', '1970-01-19', 'PEREIRA', 'PEREIRA', 'O+', 'av 30 de agosto 42-15', 'PEREIRA', 7485692, 'MASCULINO'),
(13993559, 'JOSE', 'ALBEIRO', 'SANCHEZ', 'CASTAÃ?EDA', '1983-03-10', 'PEREIRA', 'PEREIRA', 'O+', 'CRA 14   13 B  03  -BARRIO- ZARAZAL', 'PEREIRA', 2147483647, 'MASCULINO'),
(14571153, 'WILMAR', 'ANDRES', 'MARIN', 'ALZATE', '1984-11-21', 'PEREIRA', 'PEREIRA', 'O+', 'CRA 5A NORTE # 25-04 VILLA JULIANA  -BARRIO- VILLA', 'PEREIRA', 8881717, 'MASCULINO'),
(14571892, 'GERMAN', 'ANDRES', 'CUAN', 'GALLEGO', '1985-07-28', 'PEREIRA', 'PEREIRA', 'O+', 'K 26A # 2-33 MZ L CS 7 SAN AGUSTIN CATGAO', 'PEREIRA', 2147483647, 'MASCULINO'),
(15908017, 'LUIS', 'CARLOS', 'VALENCIA', '', '1968-04-14', 'PEREIRA', 'PEREIRA', 'O+', 'av 30 de agosto 42-15', 'PEREIRA', 2147483647, 'MASCULINO'),
(15956575, 'CARLOS', 'ARIEL', 'CIFUENTES', 'LOAIZA', '1960-10-13', 'PEREIRA', 'PEREIRA', 'O+', 'MZ 27 CS 5-20 BR LA LINDA, MANIZALES  -BARRIO- LA ', 'PEREIRA', 2147483647, 'MASCULINO'),
(15959151, 'JOSE', 'WILLIAM', 'VILLEGAS', 'ATEHORTUA', '1969-07-03', 'PEREIRA', 'PEREIRA', 'O+', 'CR 33 N° 49D-15 BR GALICIA, MANIZALES  -BARRIO- GA', 'PEREIRA', 2147483647, 'MASCULINO'),
(15959842, 'JOSE', 'HERIBERTO', 'MARIN', 'MARULANDA', '1971-07-04', 'PEREIRA', 'PEREIRA', 'O+', 'CRA 9 # 2-49 BR EMPLEADOS / SALAMINA  -BARRIO- EMP', 'PEREIRA', 2147483647, 'MASCULINO'),
(16045186, 'RONY', 'ALEXANDER', 'VIDAL', 'MOLINA', '1985-01-29', 'PEREIRA', 'PEREIRA', 'O+', 'MZ 2 CASA 34  -BARRIO- VILLANAVARRA', 'PEREIRA', 3221695, 'MASCULINO'),
(16055698, 'DUVERNEY', '', 'NARANJO', 'OTALVARO', '1984-12-08', 'PEREIRA', 'PEREIRA', 'O+', 'MZ 6 CS 9 BR ALTOS DE SANTA MÓNICA, DOSQUEBRADAS  ', 'PEREIRA', 2147483647, 'MASCULINO'),
(16226344, 'JAIME', 'ALBERTO', 'SOTO', 'RAMIREZ', '1971-06-08', 'PEREIRA', 'PEREIRA', 'O+', 'CL 8 N° 9-46 BR SAN NICOLAS, CARTAGO  -BARRIO- SAN', 'PEREIRA', 2147483647, 'MASCULINO'),
(16232307, 'EUGENIO', '', 'SANCHEZ', 'PAREJA', '1977-03-08', 'PEREIRA', 'PEREIRA', 'O+', 'CALLE 39  M 6 C 17  -BARRIO- EL JAZMIN', 'PEREIRA', 2147483647, 'MASCULINO'),
(16485243, 'RAFAEL', 'ARCANGEL', 'CASTRO', 'GAVIRIA', '1965-02-06', 'PEREIRA', 'PEREIRA', 'O+', 'CL 13 Nº 4A-35 BARRIO BUENOS AIRES LA VIRGINIA  -B', 'PEREIRA', 2147483647, 'MASCULINO'),
(16627207, 'JOSE', 'NEFTALI', 'SOACHE', '', '1956-11-17', 'PEREIRA', 'PEREIRA', 'O+', 'MZ 4 CS 28 BR ALTO DE LA CAPILLA, D/DAS  -BARRIO- ', 'PEREIRA', 2147483647, 'MASCULINO'),
(18398705, 'WILLIAN', 'ALEXANDER', 'MEDINA', 'IDROBO', '1979-08-12', 'PEREIRA', 'PEREIRA', 'O+', 'CL 49 Nº 46-03 BR ANTONIO NARIÑO, ARMENIA  -BARRIO', 'PEREIRA', 2147483647, 'MASCULINO'),
(18402946, 'JHON', 'DEIBER', 'ESTRADA', 'MARTINEZ', '1985-07-30', 'PEREIRA', 'PEREIRA', 'O+', 'CR 26 Nº 32-22 BR LAS AMERICAS, CALARCÁ  -BARRIO- ', 'PEREIRA', 2147483647, 'MASCULINO'),
(18403227, 'CHRISTIAN', 'EMILIO', 'VELANDIA', 'GALLEGO', '1986-01-20', 'PEREIRA', 'PEREIRA', 'O+', 'MZ O CS 20 GAITAN CALARCA  -BARRIO- GAITAN CALARCA', 'PEREIRA', 3458660, 'MASCULINO'),
(18492028, 'JOVANNY', '', 'PUENTES', 'CARDONA', '1978-03-29', 'PEREIRA', 'PEREIRA', 'O+', 'MZ D #34 MIRADOR CIRCASIA  -BARRIO- MIRADOR-CIRCAS', 'PEREIRA', 2147483647, 'MASCULINO'),
(18532107, 'JENRY', 'DE JESUS', 'MARTINEZ', 'MOLINA', '1976-03-06', 'PEREIRA', 'PEREIRA', 'O+', 'av 30 de agosto 42-15', 'PEREIRA', 2147483647, 'MASCULINO'),
(18596498, 'LUIS', 'FERNANDO', 'RAMIREZ', 'GARCIA', '1970-11-13', 'PEREIRA', 'PEREIRA', 'O+', 'CR 17 Nº 19-12 BR SAN VICENTE, SANTA ROSA DE CABAL', 'PEREIRA', 2147483647, 'MASCULINO'),
(18598051, 'JOSE', 'HENRY', 'CARDONA', '', '1973-06-02', 'PEREIRA', 'PEREIRA', 'O+', 'MZ 23 CS 3A BR PRIMAVERA AZUL, DOSQUEBRADAS  -BARR', 'PEREIRA', 2147483647, 'MASCULINO'),
(18598209, 'JORGE', 'WILSON', 'CARDONA', 'LOPEZ', '1973-08-11', 'PEREIRA', 'PEREIRA', 'O+', 'MZ 8 CASA 32  -BARRIO- PARQUE INDUSTRIAL', 'PEREIRA', 3302553, 'MASCULINO'),
(18606864, 'OSCAR', 'ALBERTO', 'FLOREZ', 'VANEGAS', '1974-12-14', 'PEREIRA', 'PEREIRA', 'O+', 'CL 12 Nº 2-16 BR PUERTO CALDAS, PEREIRA  -BARRIO- ', 'PEREIRA', 2147483647, 'MASCULINO'),
(24398541, 'GIOVANINA', '', 'BOHORQUEZ', 'CORDOBA', '1983-10-15', 'PEREIRA', 'PEREIRA', 'O+', 'MZ3 CS3 LOS SAUCES 3 CUBA  -BARRIO- LOS SAUCES', 'PEREIRA', 2147483647, 'FEMENINO'),
(29435277, 'MONICA', 'ALEXANDRA', 'OBANDO', 'CORDOBA', '1978-11-05', 'PEREIRA', 'PEREIRA', 'O+', 'MZ O CS 8 TERRANOVA III CUBA', 'PEREIRA', 2147483647, 'FEMENINO'),
(30360511, 'BIBIANA', '', 'MONSALVE', '', '1982-10-16', 'PEREIRA', 'PEREIRA', 'O+', 'CALLE 719  62  -BARRIO- CHINCHINA', 'PEREIRA', 2147483647, 'FEMENINO'),
(31412768, 'LILIANA', '', 'MOLINA', 'DELGADO', '1968-03-14', 'PEREIRA', 'PEREIRA', 'O+', 'CRA 28#46-45 FINCA BATADAN CALARCA QUINDIO  -BARRI', 'PEREIRA', 317471775, 'FEMENINO'),
(41912001, 'AMANDA', 'PATRICIA', 'OCAMPO', 'CARO', '1966-11-22', 'PEREIRA', 'PEREIRA', 'O+', 'MANZANA 25 CASA 3 PTO ESPEJO ARMENIA  -BARRIO- PUE', 'PEREIRA', 2147483647, 'FEMENINO'),
(42159210, 'SANDRA', 'MILENA', 'CALDERON', 'GIRALDO', '1984-07-06', 'PEREIRA', 'PEREIRA', 'O+', 'MZ 3 CS 32  -BARRIO- EL DORADO (CUBA)', 'PEREIRA', 2147483647, 'FEMENINO'),
(72252082, 'JADER', 'ANDRES', 'BOHORQUEZ', 'GALEANO', '1980-07-23', 'PEREIRA', 'PEREIRA', 'O+', 'MZ 10 CS 31 BR 2500 LOTES (COMUNIDAD LOS HEROES AL', 'PEREIRA', 2147483647, 'MASCULINO'),
(75033492, 'JUAN', 'CARLOS', 'PEREZ', '', '1971-06-11', 'PEREIRA', 'PEREIRA', 'O+', 'CALLE 61#32E-06 BR FATIMA  -BARRIO- FATIMA', 'PEREIRA', 2147483647, 'MASCULINO'),
(75050002, 'JOSE', 'HUMBERTO', 'DUQUE', 'AGUIRRE', '1977-10-06', 'PEREIRA', 'PEREIRA', 'O+', 'CRA 22  8   42  -BARRIO- EL JAPON', 'PEREIRA', 2147483647, 'MASCULINO'),
(75077610, 'RICARDO', '', 'GONZALEZ', 'PINEDA', '1975-06-15', 'PEREIRA', 'PEREIRA', 'O+', 'CALLE 69 CASA 31  -BARRIO- ZAFIRO', 'PEREIRA', 2147483647, 'MASCULINO'),
(75079795, 'CARLOS', 'IVAN', 'LOPEZ', 'MARULANDA', '1976-03-12', 'PEREIRA', 'PEREIRA', 'O+', 'CR 12B Nº 48-43 BR EL CARIBE, MANIZALES  -BARRIO- ', 'PEREIRA', 2147483647, 'MASCULINO'),
(75081513, 'JOSE ', 'ELKIN', 'HUIGITA ', 'CARDONA', '1976-09-16', 'PEREIRA', 'PEREIRA', 'O+', 'av 30 de agosto 42-15', 'PEREIRA', 3285628, 'MASCULINO'),
(75084858, 'HECTOR ', 'MAURICIO', 'ARANGO ', 'NARANJO', '1976-12-15', 'PEREIRA', 'PEREIRA', 'O+', 'av 30 de agosto 42-15', 'PEREIRA', 3236822, 'MASCULINO'),
(75085511, 'JHON', 'JAMES', 'RAMIREZ', '', '1977-10-26', 'PEREIRA', 'PEREIRA', 'O+', 'CRA 9A #50A-61 COMUNEROS MANIZALES', 'PEREIRA', 2147483647, 'MASCULINO'),
(75101610, 'JESUS', 'ASDRUBAL', 'SANCHEZ', 'MORALES', '1984-05-28', 'PEREIRA', 'PEREIRA', 'O+', 'av 30 de agosto 42-15', 'PEREIRA', 2147483647, 'MASCULINO'),
(75102420, 'HERMAN', 'DARIO', 'GARCIA', 'CASTAÃ?O', '1983-03-29', 'PEREIRA', 'PEREIRA', 'O+', 'CL 26 N° 10-30 BR EL JAZMÍN, MANIZALES  -BARRIO- E', 'PEREIRA', 2147483647, 'MASCULINO'),
(75143474, 'WILSON', '', 'FLOREZ', 'MONTES', '1972-04-08', 'PEREIRA', 'PEREIRA', 'O+', 'CALLE 51 # 51-05  -BARRIO- ', 'PEREIRA', 2147483647, 'MASCULINO'),
(75144459, 'JOSE', 'UBALDO', 'CARDENAS', 'ORREGO', '1974-01-21', 'PEREIRA', 'PEREIRA', 'O+', 'MZ 11 CS 27 PARQUE INDUSTRIAL SECTOR D  -BARRIO- P', 'PEREIRA', 2147483647, 'MASCULINO'),
(75146518, 'JORGE', 'HERNAN', 'ARBOLEDA', 'GRISALES', '1977-12-29', 'PEREIRA', 'PEREIRA', 'O+', 'MZ 11 CS 24 BR CAMPESTRE A, DOSQUEBRADAS  -BARRIO-', 'PEREIRA', 2147483647, 'MASCULINO'),
(83241316, 'YHON', 'FREDY', 'BURITICA', 'ROJAS', '1976-05-24', 'PEREIRA', 'PEREIRA', 'O+', '  -BARRIO- CUBA LA ACUARELA', 'PEREIRA', 2147483647, 'MASCULINO'),
(89004457, 'JOSE', 'HERIBERTO', 'MORA', 'ERAZO', '1976-01-20', 'PEREIRA', 'PEREIRA', 'O+', 'MZ 13 CS 8  BR LOS QUINDOS, ARMENIA  -BARRIO- LOS ', 'PEREIRA', 7485213, 'MASCULINO'),
(93383597, 'CARLOS', 'ALBERTO', 'MARTINEZ', 'ACOSTA', '1971-05-11', 'PEREIRA', 'PEREIRA', 'O+', 'av 30 de agosto 42-15', 'PEREIRA', 7423439, 'MASCULINO'),
(94288775, 'ROBINSON', '', 'ROMAN', 'QUINTERO', '1984-04-21', 'PEREIRA', 'PEREIRA', 'O+', 'MANZANA 18 CASA 22  -BARRIO- EL REMANSO', 'PEREIRA', 3123606, 'MASCULINO'),
(94310956, 'EDUAR', '', 'GIRALDO', 'OSORIO', '1971-06-03', 'PEREIRA', 'PEREIRA', 'O+', 'MZ 2 CS 3 BR LA GRACIELA, DOSQUEBRADAS  -BARRIO- L', 'PEREIRA', 2147483647, 'MASCULINO'),
(94393066, 'YERMAIN', '', 'MADRID', 'GIL', '1976-04-25', 'PEREIRA', 'PEREIRA', 'O+', 'CALLE 910  55  -BARRIO- BELEN', 'PEREIRA', 2147483647, 'MASCULINO'),
(94463013, 'DIEGO', 'ALBERTO', 'CORREA', '', '1981-12-02', 'PEREIRA', 'PEREIRA', 'O+', 'CRA 13  8  40  -BARRIO- LAS AMERICAS', 'PEREIRA', 3154495, 'MASCULINO'),
(94533834, 'JOHN', 'ALEXANDER', 'PRADA', 'MENDOZA', '1978-07-01', 'PEREIRA', 'PEREIRA', 'O+', 'MZ 7 CS 5 BR CIUDAD DORADA, ARMENIA  -BARRIO- CIUD', 'PEREIRA', 2147483647, 'MASCULINO'),
(1004211221, 'BALMIRO', 'DE JESUS', 'OROZCO', 'BOLAÑOS', '1992-04-04', 'PEREIRA', 'PEREIRA', 'O+', 'CRA 15 #9-42 BERDUM 1 ETAPA CHINCHINA', 'PEREIRA', 2147483647, 'MASCULINO'),
(1053791943, 'JOHN', 'FELIX', 'CUTA', 'CASTRO', '1988-08-12', 'PEREIRA', 'PEREIRA', 'O+', 'CALLE 65H# 41-53 LAS COLINAS MANIZALES  -BARRIO- L', 'PEREIRA', 7353912, 'MASCULINO'),
(1053794211, 'VICTOR', 'ALFONSO', 'OSORIO', 'VARGAS', '1989-04-13', 'PEREIRA', 'PEREIRA', 'O+', '  -BARRIO- VEREDA CUEVA SANTA', 'PEREIRA', 2147483647, 'MASCULINO'),
(1053800432, 'JULIAN', 'DAVID', 'GARCIA', 'ORTEGON', '1990-01-11', 'PEREIRA', 'PEREIRA', 'O+', 'CRA 25 # 11B EL BOSQUE MANIZALES', 'PEREIRA', 2147483647, 'MASCULINO'),
(1054916493, 'MONICA', 'MARIA', 'CARDONA', 'SALDARRIAGA', '1986-03-10', 'PEREIRA', 'PEREIRA', 'O+', 'CLL 32 N° 10-10 APTO 1 GUADALUPE DOSQUEBRADAS  -BA', 'PEREIRA', 2147483647, 'FEMENINO'),
(1054990354, 'JHON', 'FERNANDO', 'TORRES', 'LONDOÑO', '1989-10-24', 'PEREIRA', 'PEREIRA', 'O+', 'CLL 65 # 33-05 FATIMA MANIZALES', 'PEREIRA', 2147483647, 'MASCULINO'),
(1057757266, 'JHON', 'EDUARD', 'SANCHEZ', 'LONDOÑO', '1989-06-04', 'PEREIRA', 'PEREIRA', 'O+', 'MZ 15  C 10 B  -BARRIO- PRIMAVERA  AZUL', 'PEREIRA', 2147483647, 'MASCULINO'),
(1059785331, 'JOHAN', 'SEBASTIAN', 'VALENCIA', 'CARVAJAL', '1990-04-26', 'PEREIRA', 'PEREIRA', 'O+', 'CR 33B    99A 42  -BARRIO- LA ENEA, MANIZALES', 'PEREIRA', 2094974, 'MASCULINO'),
(1059812970, 'UBEIMAR', '', 'LOPEZ', 'AMAYA', '1992-07-23', 'PEREIRA', 'PEREIRA', 'O+', 'KR 10    54 22  -BARRIO- ALTO VILLA HERMOSA', 'PEREIRA', 2147483647, 'MASCULINO'),
(1060590364, 'MICHAEL', 'ANDERSON', 'SUAZA', 'REYES', '1990-06-01', 'PEREIRA', 'PEREIRA', 'O+', 'PUERTO NUEVO LA FELISA  -BARRIO- ', 'PEREIRA', 2147483647, 'MASCULINO'),
(1060646253, 'JORGE', 'ARMANDO', 'HURTADO', 'RENDON', '1986-07-20', 'PEREIRA', 'PEREIRA', 'O+', 'CALLE 3A#19-20  LOS CEREZOS VILLA MARIA CALDAS  -B', 'PEREIRA', 2147483647, 'MASCULINO'),
(1061624208, 'WILLIAM', 'ANDRES', 'GONZALEZ', 'RIOS', '1986-09-06', 'PEREIRA', 'PEREIRA', 'O+', 'MZ B CS 10 BR VILLA ASIS, PALESTINA, CALDAS  -BARR', 'PEREIRA', 2147483647, 'MASCULINO'),
(1061625000, 'JUAN', 'GABRIEL', 'MORALES', 'VALENCIA', '1989-11-27', 'PEREIRA', 'PEREIRA', 'O+', 'CL 17 N° 18-40 BR LOS AGUSTINOS, MANIZALES  -BARRI', 'PEREIRA', 2147483647, 'MASCULINO'),
(1086278089, 'ALVARO', 'DIEGO', 'ECHEVERRI', 'QUICENO', '1986-08-21', 'PEREIRA', 'PEREIRA', 'O+', 'CR 7° N° 6-63 BR VILLAVICENCIO, PEREIRA  -BARRIO- ', 'PEREIRA', 2147483647, 'MASCULINO'),
(1088002131, 'LEIDY', 'JOHANA', 'SANCHEZ', 'ORTIZ', '1990-02-22', 'PEREIRA', 'PEREIRA', 'O+', 'CALLE 23   19  81  -BARRIO- LA PRADERA', 'PEREIRA', 2147483647, 'FEMENINO'),
(1088003280, 'EVERARDO', 'ANTONIO', 'MORALES', 'CARDONA', '1990-06-20', 'PEREIRA', 'PEREIRA', 'O+', 'PLAN 3 ZONA 7 CASA 80  -BARRIO- CAMILO TORRES', 'PEREIRA', 7327605, 'MASCULINO'),
(1088021467, 'SARA', 'CAMILA', 'MONTOYA', 'MANRIQUE', '1995-02-14', 'PEREIRA', 'PEREIRA', 'O+', 'CRA 29  10  52  -BARRIO- OCARINA', 'PEREIRA', 2147483647, 'FEMENINO'),
(1088028024, 'ALBA', 'MARCELA', 'PINEDA', 'BEDOYA', '1996-08-12', 'PEREIRA', 'PEREIRA', 'O+', 'CASA 18 BARRIO VERACRUZ DOSQUEBRADAS', 'PEREIRA', 2147483647, 'FEMENINO'),
(1088238927, 'RONALD ', '', 'MACHADO', 'GOMEZ', '1984-10-30', 'PEREIRA', 'PEREIRA', 'O+', 'CRA 8  N° 78-75  -BARRIO- SALAMANGA', 'PEREIRA', 2147483647, 'MASCULINO'),
(1088245901, 'JESSICA ', '', 'GIRALDO', 'OROZCO', '1986-11-27', 'PEREIRA', 'PEREIRA', 'O+', 'M    1C 12  -BARRIO- BRISAS DEL CONSOTA', 'PEREIRA', 2147483647, 'FEMENINO'),
(1088248409, 'LEANDRO', 'ALEXANDER', 'RAMIREZ', 'SALAZAR', '1987-01-04', 'PEREIRA', 'PEREIRA', 'O+', 'KR 41A    63 06  -BARRIO- NORMANDIA', 'PEREIRA', 2147483647, 'MASCULINO'),
(1088273174, 'PAULA', 'ANDREA', 'JIMENEZ', 'MONTOYA', '1989-10-12', 'PEREIRA', 'PEREIRA', 'O+', 'CALLE 64B 1B-57 ETAPA C BLQ 16 APTO 1654 MIRADOR D', 'PEREIRA', 2147483647, 'FEMENINO'),
(1088292581, 'GUSTAVO', 'ADOLFO', 'LOPEZ', 'GAONA', '1991-09-15', 'PEREIRA', 'PEREIRA', 'O+', 'MZ 20 CS 50 LAS MERCEDES CUBA  -BARRIO- LAS MERCED', 'PEREIRA', 2147483647, 'MASCULINO'),
(1088300094, 'OSCAR', 'IVAN', 'CALLE', 'ORTIZ', '1992-07-02', 'PEREIRA', 'PEREIRA', 'O+', 'av 30 de agosto 42-15', 'PEREIRA', 2147483647, 'MASCULINO'),
(1088313813, 'YEISON', 'ALEXANDER', 'MORALES', 'GUARUMO', '1993-12-17', 'PEREIRA', 'PEREIRA', 'O+', 'MZ 9 CS 196 BR SAN MARCOS CUBA  -BARRIO- SAN MARCO', 'PEREIRA', 2147483647, 'MASCULINO'),
(1088321795, 'MARIO', 'ALEJANDRO', 'MARULANDA', 'SERNA', '1994-10-27', 'PEREIRA', 'PEREIRA', 'O+', 'MZ 10 CS 22 PARQUE INDUSTRIAL  -BARRIO- PARQUE IND', 'PEREIRA', 2147483647, 'MASCULINO'),
(1088327284, 'ERIK', 'SANTIAGO', 'ZAPATA', 'CANDELA', '1995-06-16', 'PEREIRA', 'PEREIRA', 'O+', 'CRA 31A # 71-34 LOS SAUCES', 'PEREIRA', 2147483647, 'MASCULINO'),
(1089746531, 'MISCIO', '', 'RODAS', 'SANCHEZ', '1992-06-30', 'PEREIRA', 'PEREIRA', 'O+', 'TRANSVERSAL 6 # 17-22 CENTRO LA VIRGINIA', 'PEREIRA', 2147483647, 'MASCULINO'),
(1090336662, 'JHON', 'FABER', 'MONCADA', 'BECERRA', '1994-01-08', 'PEREIRA', 'PEREIRA', 'O+', 'CUBA LA PLAYITA', 'PEREIRA', 2147483647, 'MASCULINO'),
(1093215267, 'JORGE', 'HERNAN', 'CARVAJAL', 'SERNA', '1988-02-03', 'PEREIRA', 'PEREIRA', 'O+', 'MZ 1 CS 74, EL ACUARIO,PEREIRA', 'PEREIRA', 2147483647, 'MASCULINO'),
(1094882530, 'LUIS', 'CARLOS', 'CARDENAS', 'DUQUE', '1986-04-10', 'PEREIRA', 'PEREIRA', 'O+', 'MZ 24 CS 5 BR LOS QUINDOS, ARMENIA  -BARRIO- LOS Q', 'PEREIRA', 2539298, 'MASCULINO'),
(1094902525, 'JUAN', 'DAVID', 'VILLABONA', 'HERNANDEZ', '1989-01-25', 'PEREIRA', 'PEREIRA', 'O+', 'MZ F CS 1 BR CENTENARIO, ARMENIA  -BARRIO- CENTENA', 'PEREIRA', 2147483647, 'MASCULINO'),
(1094911267, 'FABER', '', 'CHAMORRO', 'ACEVEDO', '1990-01-25', 'PEREIRA', 'PEREIRA', 'O+', 'MZ Ñ CS 18 ET 1 BR VILLA CAROLINA, ARMENIA  -BARRI', 'PEREIRA', 2147483647, 'MASCULINO'),
(1096032319, 'CAROLINA', '', 'DUQUE', 'TABARES', '1986-08-04', 'PEREIRA', 'PEREIRA', 'O+', 'MZ 42 CS 7 NUEVA TEBAIDA  -BARRIO- NUEVA TEBAIDA', 'PEREIRA', 2147483647, 'FEMENINO'),
(1096646154, 'JUAN', 'DAVID', 'BRIJALBA', 'GUERRERO', '1994-08-31', 'PEREIRA', 'PEREIRA', 'O+', 'CALLE 31  7  33  -BARRIO- LAS MERCEDES', 'PEREIRA', 2147483647, 'MASCULINO'),
(1097729714, 'CAROLINA', '', 'HINCAPIE', 'RIOS', '1997-06-30', 'PEREIRA', 'PEREIRA', 'O+', 'CALLE 13  5  12  -BARRIO- MONTENEGRO', 'PEREIRA', 2147483647, 'FEMENINO'),
(1104675026, 'JORGE', 'ULISES', 'AGUIRRE', 'GONZALEZ', '1991-09-17', 'PEREIRA', 'PEREIRA', 'O+', 'av 30 de agosto 42-15', 'PEREIRA', 2147483647, 'MASCULINO'),
(1109293858, 'CAMILO', 'ANDRES', 'LADINO', 'GIL', '1988-09-15', 'PEREIRA', 'PEREIRA', 'O+', 'CRA 13 #4-103 BR EL TOPACIO MANIZALES  -BARRIO- EL', 'PEREIRA', 2147483647, 'MASCULINO'),
(1109296032, 'OSCAR', 'ADOLFO', 'LONDOÑO', 'OSORIO', '1990-09-29', 'PEREIRA', 'PEREIRA', 'O+', 'CALLE 2 CON CARRERA 5  -BARRIO- FRESNO', 'PEREIRA', 2147483647, 'MASCULINO'),
(1109298865, 'JUAN', 'SEBASTIÁN', 'LONDOÑO', 'OSORIO', '1994-12-22', 'PEREIRA', 'PEREIRA', 'O+', 'VEREDA AGUADITA CASA 106 FRESNO TOLIMA  ', 'PEREIRA', 2147483647, 'MASCULINO'),
(1112302799, 'CESAR', 'AUGUSTO', 'SUAREZ', 'SERNA', '1996-02-09', 'PEREIRA', 'PEREIRA', 'O+', 'av 30 de agosto 42-15', 'PEREIRA', 8907989, 'MASCULINO'),
(1112761152, 'EDGAR', 'ANTONIO', 'ACEVEDO', 'DIAZ', '1987-01-26', 'PEREIRA', 'PEREIRA', 'O+', 'MANZANA C 5  -BARRIO- EL POBLADO', 'PEREIRA', 3307006, 'MASCULINO'),
(1112769004, 'YUDITH', 'ANDREA', 'ZAPATA', 'RIOS', '1990-01-07', 'PEREIRA', 'PEREIRA', 'O+', 'CALLE 66 BIS 27 BIS 19 CUBA', 'PEREIRA', 2147483647, 'FEMENINO'),
(1112770431, 'CRISTIAN', 'CAMILO', 'RENDON', 'RESTREPO', '1990-06-19', 'PEREIRA', 'PEREIRA', 'O+', 'CRA 16  15  15  -BARRIO- REPUBLICA', 'PEREIRA', 2147483647, 'MASCULINO'),
(1112780067, 'CAMILO', '', 'ECHEVERRY', 'RIOS', '1993-10-03', 'PEREIRA', 'PEREIRA', 'O+', 'av 30 de agosto 42-15', 'PEREIRA', 2147483647, 'MASCULINO'),
(1112784664, 'BRAYHAN', 'STEEVEN', 'VALDES', 'MEDINA', '1995-05-10', 'PEREIRA', 'PEREIRA', 'O+', 'CR 22    18 17  -BARRIO- TRUJILLO', 'PEREIRA', 2147483647, 'MASCULINO'),
(1113512846, 'HAROLD', 'AUGUSTO', 'HOYOS', 'CASTRO', '1986-01-28', 'PEREIRA', 'PEREIRA', 'O+', 'CRA 8 # 14A-19 PROGRESAR 1 CHINCHINA', 'PEREIRA', 2147483647, 'MASCULINO'),
(1113533829, 'KARINA', '', 'ORTIZ', 'RINCON', '1995-12-11', 'PEREIRA', 'PEREIRA', 'O+', 'MZ 43 CASA 12  2500 LOTES', 'PEREIRA', 8838175, 'FEMENINO'),
(1113779033, 'JULIETH', '', 'RODRIGUEZ', 'CORREA', '1986-07-12', 'PEREIRA', 'PEREIRA', 'O+', 'CARRERA 14  13 B  03  -BARRIO- ZARZALITO', 'PEREIRA', 2147483647, 'FEMENINO'),
(1114092888, 'JHOAN', 'STIVEN', 'GALVIS', 'ORREGO', '1993-01-14', 'PEREIRA', 'PEREIRA', 'O+', 'CRA 17C#7-20 EL ROSARIO CARTAGO  -BARRIO- EL ROSAR', 'PEREIRA', 2147483647, 'MASCULINO'),
(1114120754, 'JHONATAN', '', 'GORDILLO', 'CASTAÑEDA', '1992-08-06', 'PEREIRA', 'PEREIRA', 'O+', 'CORREGIMIENTO DE ROBLEDO  -BARRIO- SILOE', 'PEREIRA', 2147483647, 'MASCULINO'),
(1116264342, 'CARLOS', 'ANDRES', 'RODAS', 'MARIN', '1994-05-15', 'PEREIRA', 'PEREIRA', 'O+', 'HUASANO  -BARRIO- HUASANO', 'PEREIRA', 2147483647, 'MASCULINO'),
(1116437684, 'ANDRES', 'ADOLFO', 'TORRES', 'GARCIA', '1989-12-04', 'PEREIRA', 'PEREIRA', 'O+', 'CRA 8#2-27 BELLAVISTA CARTAGO  -BARRIO- BELLAVISTA', 'PEREIRA', 2147483647, 'MASCULINO'),
(1116726252, 'FRANCISCO', 'JAVIER ', 'GRISALES', '', '1993-02-17', 'PEREIRA', 'PEREIRA', 'O+', 'FINCA BUENOS AIRES/ ROCIO  -BARRIO- ROCIO', 'PEREIRA', 2147483647, 'MASCULINO'),
(1143946915, 'ANDRES', 'MAURICIO', 'RESTREPO', 'IDARRAGA', '1992-04-24', 'PEREIRA', 'PEREIRA', 'O+', 'CALLE 31  0  94  -BARRIO- MANIZALES', 'PEREIRA', 7452558, 'MASCULINO');

-- --------------------------------------------------------

--
-- Estructura de tabla para la tabla `entidad`
--

CREATE TABLE `entidad` (
  `id_entidad` int(100) NOT NULL,
  `tipo_entidad` varchar(100) NOT NULL,
  `nombre_entidad` varchar(100) NOT NULL
) ENGINE=InnoDB DEFAULT CHARSET=utf8;

--
-- Volcado de datos para la tabla `entidad`
--

INSERT INTO `entidad` (`id_entidad`, `tipo_entidad`, `nombre_entidad`) VALUES
(1, '1', '1'),
(11, 'EPS', 'EPS SALUD TOTAL S.A. EPS ARS'),
(17, 'CCF', 'CCF COMFAMA'),
(22, 'EPS', 'EPS COMPAÑIA SURAMERICANA DE SERVICIOS D'),
(26, 'AFP', 'PROTECCION FONDO DE PENSIONES OBLIGATORI'),
(37, 'AFP', 'COLFONDOS'),
(46, 'CCF', 'CCF RISARALDA'),
(47, 'AFP', 'PORVENIR'),
(53, 'BAN', 'BANCOLOMBIA S.A.'),
(58, 'BAN', 'RED MULTIBANCA COLPATRIA S.A.'),
(73, 'BAN', 'CITIBANK COLOMBIA (ACH)'),
(74, 'AFP', 'Colpensiones'),
(75, 'EPS', 'Nueva EPS'),
(84, 'ARP', 'SEGUROS DE VIDA COLPATRIA S.A.'),
(86, 'EPS', 'EPS CAFESALUD EPS'),
(89, 'EPS', 'EPS FAMISANAR LTDA. CAFAM COLSUBSIDIO'),
(90, 'CCF', 'CCF COLSUBSIDIO'),
(96, 'CCF', 'CCF COMFENALCO DEL TOLIMA'),
(99, 'CCF', 'CCF CONFAMILIARES'),
(107, 'EPS', 'EPS SANITAS S.A.'),
(112, 'EPS', 'EPS SERVICIO OCCIDENTAL DE SALUD S.A. S.'),
(115, 'CCF', 'CCF COMFENALCO QUINDIO'),
(120, 'CCF', 'CCF VALLE DEL CAUCA'),
(123, 'EPS', 'EPS COOMEVA EPS S.A.'),
(129, 'EPS', 'EPS SSS NUEVA EPS'),
(130, 'EPS', 'Fosyga'),
(135, 'EPS', 'ASMET SALUD'),
(136, 'AFC', ' PROTECCION'),
(137, 'AFC', 'PORVENIR'),
(138, 'AFP', 'COLFONDOS'),
(139, 'AFC', 'FONDO NACIONAL DEL AHORRO'),
(140, 'AFC', 'OLD MUTUAL PENSIONES Y CESANTIAS'),
(141, 'AFC', 'COLFONDOS'),
(463, 'EPS', 'Medimás EPS S.A.S.');

-- --------------------------------------------------------

--
-- Estructura de tabla para la tabla `modalidad`
--

CREATE TABLE `modalidad` (
  `id_modalidad` int(50) NOT NULL,
  `descripcion` varchar(50) NOT NULL
) ENGINE=InnoDB DEFAULT CHARSET=utf8;

--
-- Volcado de datos para la tabla `modalidad`
--

INSERT INTO `modalidad` (`id_modalidad`, `descripcion`) VALUES
(1000, '24HP 6A18 18A6 (6X1)'),
(1001, '24HP 6A18 18A6 (5X5)'),
(1004, '24HP 6A18 18A6 (2X2)(FISCALIA-COCA COLA)'),
(1005, '24H 06:00A18:00  - 18:00A06:00 LAV'),
(1006, '24HP 6A18 18A6 (5X5) FLEXIBILIZADO'),
(1007, '24HP 6A18 18A6 (5X5) EPM (FLEXIB.)'),
(1009, '24HP 6A18 18A6 (5X5X2)'),
(1012, '24HP 6A18 18A6 (5X2)'),
(1014, '24HP 6A14 14A22 22A06(TRIPLETA)'),
(1015, '24HP 6A14 14A22 22A06'),
(1017, '24HP 6A18 18A6 (3X3X3)(ANTIGUA CONTRATA)'),
(1018, '24HP 6A14 14A22 22A06'),
(1022, '24HP 6A18 18A6 (7X3 CERREJON)'),
(1027, '24HP 7A19 19A7 (7X5X2)'),
(1031, '24HP 5A13 13A21 21A5 (3R)'),
(1033, '24HM 7A19 19A7DV - 22HM 7A17 19A7S'),
(1035, '24HM 6A18 18A6 LS'),
(1036, '24HM 6A18-18A6 SDYF-12H18A 6 V BANCO POP'),
(1038, '24HM 6A18 - 18A6 LAV  8HD 6:00 A 14:00 S'),
(1041, '24HM 06:00A18:00 - 18:00A06:00 LAS,F'),
(1042, '24HM 6A18-18A06 S,D,F CDA AUTOMAS'),
(1043, '24H V-S-D-F'),
(1044, '24H 06A14 - 14A22 -22A6 LS'),
(1045, '24HP 06A14 - 14A22 -22A6 LS (ROTA)'),
(1050, '24HP 6A18 18A6 (6X6X3)'),
(1052, '24HP 6A18 18A6 (6X1X6X1)'),
(1055, '24HP 6A18 18A6 5X5X2'),
(1056, '24HP 6A14 - 14A22 -22A6(TRIPLETA)'),
(1058, '24HP 6A18 18A6 4X1-4X2'),
(1059, '24HP 6A18 18A6 (6X2-6X2)'),
(1061, '24HP 6A18 18A6 3X3X1'),
(1062, '24HP 6A14 - 14A22 -22A6(TRIPLETA 2)'),
(1065, '24HP 6A14 14A22 22A06(TRIPLETA3G)'),
(1066, '24HP 6A18 18A6 (5X1X7X1) PLANA'),
(1068, '24HP 06:00 A 18:00 - 18:00 A 06:00'),
(1073, '24HP 6A18 18A06(7X5X2)'),
(1074, '24HP 6A18 18A6 (7X6x1)'),
(1076, '24HP 6A18-18A6 5x2 OPAIN PLAN'),
(1077, '24HP 5A13-13A21-21A5 OPAIN PLANA DIA'),
(1078, '24HP 6A18 18A6 (2X2) OPAIN PLANA'),
(1079, '24HP 5A13-13A21-21A5 OPAIN PLANA TARDE'),
(1080, '24HP 5A13-13A21-21A5 OPAIN PLANA NOCHE'),
(1081, '24HP 6A14  14A22  22A06 (ECOPETROL)'),
(1083, '24HP 6A18 18A6 (3X3X3) CERREJON'),
(1084, '24HP 6A18 -18A6 (2X2) PROMIGAS - NUEVA E'),
(1086, '24HP 6A14 14A22 22A06 (2X2X2X1) OCENSA'),
(1087, '24HP 14A22 6A14 22A6 (2X2X2X1) OCENSA'),
(1088, '24HP 6A14 14A22 22A06 (TRIPLETA ASOBANC)'),
(1090, '24HP 6A18 18A6 (6X1)SUPER M GARANTIZADOS'),
(1092, '24HP 6A18 18A6 (6X1) (NÓMINA PLANA)'),
(1102, '24HP 6A18 18A6 4X4X2 SUPERVISORES MOTO'),
(1103, '24HP 6A18 18A6 3X3X1 GARANTIZADO MOTO'),
(1104, '24HP 6A18 18A6 (7X6) SUPERVISORES MOTO'),
(1105, '24HP 6A18 18A6 6X2X6X2'),
(1111, '24HP 6A18 18A6 (2X2) PLANA BLUETOWER'),
(1113, '24HP 6A14 14A22 22A06'),
(1114, '24HP 6A14-14A22-22A6 BANCO POPULAR PLANA'),
(1115, '24HP 6A18-18A6 PLANA COOMEVA'),
(1117, '24HP 06A14-14A22-22A06 (EXXONMOBIL)'),
(1120, '24 HP 6A18  18A6 (5x5x5) EXXONMOBIL'),
(1122, '24HP 6A18 18A6 (5X2) EXXON'),
(1130, '24HP 6A18 18A6 (12x24)PLANA LA SALLE'),
(1133, '24HP 6A14  14A22  22A06 (2X2X2)'),
(1134, '24HP 6A18 18A6 (5X5X2) SPV TAMPA GARANT'),
(1135, '24HP 6A18 18A6  (6X1)BANCO POPULAR'),
(1137, '24HP 6A18 18A6 (3X3X3)(EXXON EXPLRATI)'),
(1138, '24HP 6A18 18A6 (5X5X3)CLARO'),
(1139, '24HP 6A18-18A6 (2X2) (NÓMINA PLANA)'),
(1140, '24HP 6A18-18A6 (2X2)'),
(1141, '24HP 6A14 14A22 22A06(PLANA PACIFIC)'),
(1144, '24HP 6A18 18A6 (5X1-5X2)'),
(1148, '24HP 22A06 14A22 6A14(LEWIS)'),
(1150, '24HP 6A14  14A22  22A06 (2X2X2X1) LEWIS'),
(1151, '24HP 6A18 18A6 5X5X2(GARANTIZADA)'),
(1152, '24HP 6A14 14A22 22A06 (6X1)'),
(1153, '24HP 06A14-14A22-22A06 (ROTADA LEWIS)'),
(1154, '24HP 6A18 18A6 (7X6x1) (SUP. CHÍA)'),
(1155, '24HP 6A18 18A6 (7X6x1) (SUP. D.C.)'),
(1163, '24HP 6A18 18A6 (7X5X2)UDEA'),
(1164, '24HP 6A14-14A22-22A06(LEWIS)'),
(1166, '24HP 6A18 - 18A06 PLANA CENCOSUD'),
(1168, '24HP 06A18-18A06 (GARANTIZADO ESCOLTA)'),
(1172, '24HP 06 A 18 - 18 A 06 4*2 CERREJON'),
(1176, '24H 06A18 - 18A06  LAV - 06A18 S'),
(1178, '24HP 06:00A18:00 - 18:00A06:00 (4*2)'),
(1179, '24HP 07:00A18:00 - 18:00A07:00'),
(1184, '24HP 06A14-14A22-22A06 SUPER ECOPETROL'),
(1185, '24HP 06A18-18A06 7X7X7 SUPER ECOPETROL'),
(2006, '19 HP 4A14 14A23 (6X1)'),
(2007, '19HMP 6A14 14A01 (6X1)'),
(2008, '13HMP 21A6- 6A10 (6X1)'),
(2009, '19HMP 4A13.30 13.30A23 (6X1)'),
(2010, '19HMP 5A14.30 14.30A24 (6X1)'),
(2011, '19HMP 4A13 13 A23 (6X1)'),
(2015, '19:30HDP 06:00A16:00 - 14:00A23:30'),
(2020, '22HMP 03:00 A 15:00 - 15:00 A 01:00'),
(2021, '21HMP 04:00 A 14:30 - 14:30 A 01:00'),
(2022, '20HM 05A15- 15A01LAS- 06A15-15A01D,F'),
(2024, '19HMP 4.00 A 13:30 - 13:30 A 23.00'),
(2025, '19HMP 5A14 - 14A24'),
(2027, '20HMP 05:00 A15:00 - 19:00 A 05:00'),
(2031, '22HMP 8:00 A 18:00 -18:00 A 6:00'),
(2033, '20HM 6:00 A 02:00 LAS'),
(2037, '20HP 02:00 A 12:00-12 A 22:00'),
(3000, '18HMP 04:00A13:00 - 13:00A22:00'),
(3001, '18HMP 05:00A14:00 - 14:00A23:00 (6X1)'),
(3002, '18HMP 05:00A13:00 - 13:00A23:00 (6X1)'),
(3004, '17HDP 5A13 13A22 (1RD 1RN)'),
(3005, '17HDP 05:00A14:00 - 14:00A22:00 (6X1)'),
(3006, '17HDP 5A13.30 13:30A22 (6X1)'),
(3007, '17HDP 5A13 13A22 (6X1)'),
(3008, '17HDP 06:00A14:00 - 14:00A23:00 (6X1)'),
(3011, '16HD 06:00A14:00 - 14:00A22:00 LV'),
(3012, '16HDP 06:00A14:00 - 14:00A22:00(6X1)'),
(3013, '16HDP 05:00A13:00 - 13:00A21:00'),
(3014, '16HDP 06:00A14:00 - 14:00A22:00'),
(3015, '16HD 06:00A14:00 - 14:00A22:00 LS,F'),
(3016, '16HDP  06:00A22:00'),
(3019, '16HDP 7:00A15:00 - 15:00A23:00'),
(3020, '16HDP  6A14 14A22 LV - 8HD 6A14 S'),
(3022, '16HD  6A14 14A22 L,M,MI,F -12HD 6A18 J,V'),
(3023, '16HD  06:00A14:00 - 14:00A22:00LS'),
(3025, '16HDP 12:00A04:00 (6X1)'),
(3026, '16HDP 13:00A21:00 - 21:00A05:00 (5X5X2)'),
(3028, '16HDP 06:00A22:00 LV (ESC)'),
(3036, '14HMP 8A14 14A22 PLANA LIDER SPV TAM'),
(3039, '16HMP 6A18 18A22 LS,F - 9HD 9A18 D'),
(3041, '16HP 14A22 22A6'),
(3045, '16HM 6.30A14.30 14.30A22.30 LAS'),
(3051, '16HM 10:00A18:00 - 21:00A05:00 TAMPA'),
(3062, '17HMP 5:30 A 13:30 - 13:30 A 22:30'),
(3063, '17HM 5:30 A 13:30 - 13:30 A 22:00 LS'),
(3074, '18HMP 05:00A14:00 - 14:00A23:00 (6X1)'),
(3076, '16HDP 06:00A14:00-14:00A22:00 TAMPA 6*1'),
(3077, '16HP 06:00A16:00-16:00A22:00'),
(3078, '16HD 10:00A18:00-12:00A20:00 TAMPA'),
(3080, '16HDP 05:00A13:00-13:00A21:00 OPAIN PL D'),
(3082, '16HDP 06:00A14:00-14:00A22:00 OPAIN PL D'),
(3083, '16HDP 06:00A14:00-14:00A22:00 OPAIN PL T'),
(3084, '16HMP 04:00A12:00-12:00A20:00 OPAIN PL D'),
(3086, '16HDP 05:00A13:00 - 13:00A21:00 TAMPA BG'),
(3087, '16HD 06:00A14:00 - 14:00A22:00 LV UNISAL'),
(3092, '17HDP 05:00A14:00 - 14:00A22:00 (6X1)'),
(3093, '17HDP 05:00A14:00 - 14:00A22:00 (6X1)'),
(3094, '16HDP 06:00A14:00 - 14:00A22:00'),
(3095, '16HDP 6A14 - 14A22'),
(3097, '16HDP 06:00A14:00-14:00A22:00 (PLANA)'),
(3100, '18HMP 05:00A14:00 - 14:00A23:00 AVA'),
(3102, '16HDP 06:00A14:00 - 14:00A22:00 AVA'),
(3104, '16HD 06:00A14:00 - 14:00A22:00 LS,F PLAN'),
(3107, '17HMP 06:00 A 14:00 - 14:00 A 23:00'),
(3108, '18HMP 05:00 A 14:00 - 14:00 A 23:00'),
(3110, '16HD 06:00 A 14:00 - 14:00 A 22:00 LAV'),
(3113, '16HD  06:00A14:00 - 14:00A22:00LS'),
(3115, '16HDP 06:00A14:00-14:00A22:00(2x2)OCENSA'),
(3122, '17.30HD 04:30A12:30-12:30A22:00'),
(3123, '18HMP 06:00 A 15:00 - 15:00 A 24:00'),
(3126, '18HM 6:00A15:00-15:00 A 24:00LASF'),
(3127, '16HD 6A22LV - 11HD 7A18S - 10HD 7A17D'),
(3128, '16HMP 21:00 A 5:00 -5:00 A 13:00'),
(3131, '17.5HDP 06 A 15 23.30'),
(3132, '16HD 6A14-14A22 LV 07HD 07 A 14 DOS FINE'),
(3133, '16HMP 04 A 12 - 12 A 20'),
(3134, '18HMP 04:00A22:00'),
(3136, '16.5HD 5:30A22LAV - 5:30A20S 8A16 D'),
(3138, '16HDP 06A14 16A00'),
(3141, '16HM 06A22 LV 12HD 06A18 SDF'),
(3144, '16HD 06 A 22 D A J 16HM 07A23 VS'),
(3145, '16HDP 08:00A16:00 - 16:00A00:00'),
(3146, '18HD 5A14-14A23 L,M,M,V,F'),
(3147, '18HDP 04:30 A 22:30'),
(3148, '16HD 6A14 14A22 LAV  12HD 6A18 SD'),
(3149, '16HDP  06:30A14:30 - 14:30A22:30(PLANA)'),
(3155, '16HD 06:00A22:00LAV -24H06A18-18A06SDF'),
(3156, '17HDP 05:00A14:00 - 14:00A22:00 (5X1)'),
(3157, '3HD 10:30 A 13:30 LMIV'),
(4000, '15HD 06:00A21:00 LV'),
(4001, '15HDP 07A13 - 14A22 (PLANA CENCOSUD)'),
(4002, '15HDP 06:00A21:00'),
(4003, '15HMP 08:00A15:30 - 15:30A23:00'),
(4004, '15HMP 15:00A22:00 - 22:00A06:00'),
(4008, '15HDP 07:00A14:30 - 14:30A22:00'),
(4012, '15HMP 07:30A22:30'),
(4014, '15HMP 06:00A21:00 LV - 13HD 7A20 S'),
(4020, '14HD 06:00A20:00 LV'),
(4021, '14HDP 07:00 A 21:00'),
(4024, '14HDP 08:00A22:00'),
(4026, '14HMP 16:00A22:00 - 22:00A06:00'),
(4028, '14HM 17A7 LV - 24H 6A18 18A6 SDF'),
(4032, '14HDP 06:00A20:00 LV'),
(4033, '14HDP 06A20 LV - 06A13 S'),
(4041, '14HD 6A20 LAS 08A18DF (ESPECIAL)'),
(4054, '13HMP 18:00A07:00'),
(4058, '13HP 05:00A18:00'),
(4062, '13HDP 7A20'),
(4066, '13HD 5.30A15.30 18A21 LAV 10H SDF'),
(4073, '13HMP 17:00 A 06:00'),
(4086, '13HD 08:00A21:00 LV - 6:00A20:00 S'),
(4091, '13HMP 18:00A07:00(5X2)'),
(4093, '13HP 05:00A18:00 SIN RELEVO'),
(4094, '14HD 6A14 14A20 LV'),
(4116, '14HDP 08A22 (PLANA CENCOSUD)'),
(4121, '13HM 18A07LAV-12:30A18-18A06S-24H06A18-1'),
(4123, '14HMP 16:00 A 06:00'),
(4124, ' 13HD 6A19 LV - 8HD 6A14 S'),
(4126, '13HN 18A7LV-17HM 14A7S-24H 7A19-19A7DF'),
(4135, '14HMP 17A7'),
(4136, '15HDP 7A22'),
(4138, '13HD 6A19LS'),
(4140, '13HN 18 A 07 S 24 HORAS DF'),
(4143, '14HDP 05A19'),
(4144, '13HN 18A07 LV 19HM 12A07SDF'),
(4145, '13HN 18A07 LV 14A06 06A18 S'),
(4147, '13HD 06A12 14A21 LV, 13HD 06A12 13A20 S'),
(4148, '15HD 06A21 LV 14HD 06A20 S'),
(4149, '14HD 06A20 LV 10HD 06A16 S'),
(4150, '13HD 06A19 L,V 8HD 07A15 S'),
(4151, '13HNM LAV 24H S,D,F'),
(4154, '14HM 17A7 LV  -  24H 6A18-18A6 SDF'),
(4156, '15.5HDP 06:00A14:00-14:00A21:30(PLANA)'),
(4158, '13HD 7:00A20:00 LAS'),
(4159, '13HN 18A7LAV- 13A07S - 07A19-19A07D,F'),
(4160, '14.30HD 7A14-14A21.30LAV- 07A14-14A22S'),
(4162, ' 14HM 8A22 LV - 13HD 7A20 S'),
(4165, '15HM 17A08LAV -24H 6A18-18A6 SDF'),
(4166, '15HM 05:30 A 13:30 - 13:00 A 21:00'),
(4167, '13HM LAS 08A21 - 12HD 08A20 D'),
(4168, '13HD 06A13-15A21LAV-08A13-15A21 S,D'),
(4169, '13HD 6A13-14:3A20:3LAV-08A13-14:3A20:3SD'),
(5003, '12HD 07:00A19:00 LV - 08:00A13:00 S'),
(5004, '12HD  06:00A13:00 - 17:00A22:00 LS'),
(5007, '12HD 11A23D,L,M,MI  24H 11A23 23A11J,V,S'),
(5009, '12H 06:30A18:30 LV  08:00A14:00S'),
(5010, '12HD 07:00A19:00 LV(FISCALIA-COCA COLA)'),
(5014, '12HD 06:30A18:30 LV 6A14S'),
(5015, '12HD 06:00A18:00 LS'),
(5020, '12HD 06:00A18:00 LV - 06:00A14:00 S'),
(5022, '12HD 10A22 V - 09A21 S - 7A19 D,F'),
(5026, '12HNP 19:00A07:00'),
(5029, '12HD 06:00A18:00 LV - 07:00A13:00 S'),
(5033, '12HD 07:00A19:00 S,D,F'),
(5034, '12HD 06:00A18:00 DV,F'),
(5035, '12HD 07:00A19:00 DV,F'),
(5041, '12HD 07:00A19:00 LV - 07:00A15:00 S'),
(5043, '12HD 5:00A17:00 LASF'),
(5046, '12:30HD 07:00A19:30 LV - 09:00A15:30 S'),
(5050, '12HNP 18:00 A 06:00'),
(5051, '12HD 07:00A19:00 LAS'),
(5052, '12HDP 06:00A18:00 (6X1)'),
(5053, '12HD 06:00A18:00 LAV'),
(5054, '12HDP 07:00A19:00'),
(5055, '12HDP 08:00A20:00'),
(5056, '12HD 08:00 A 20:00 LS'),
(5057, '12HN 18:00A06:00 S,D,F'),
(5058, '12HD 06:00A18:00 S,D,F'),
(5060, '12HDP 10:00A22:00'),
(5061, '12HD 07:00A19:00 LV - 07:00A13:00 S'),
(5062, '12HD 06:00A18:00 D,F'),
(5063, '12HMP 05:00A17:00'),
(5064, '12HD 06:00A18:00 LS - F'),
(5066, '12HN 18:00A06:00 LS - F'),
(5069, '12HD 08:00A20:00 D,F'),
(5072, '12HMP 20:00A08:00'),
(5073, '12HD 10:00A22:00 V,S,D,F'),
(5074, '12HN 08:00A20:00 LS - F'),
(5075, '12HD 07:00A19:00 LS, F'),
(5076, '12HD 06:00A18:00 LV - 07:00A17:00 S'),
(5077, '12HD 07:00A19:00 LV - 07:00A17:00 S,F'),
(5079, '12HD 08:00A20:00 LV - 08:30A15:00 S'),
(5084, '12HD 06:00A18:00 LV - 07:00A15:00 S'),
(5087, '12HD 08:00A20:00 S,D,F'),
(5088, '12HN 08:00A20:00 LS PLANA LIDER TAMPA'),
(5089, '12HD 10:00A22:00 LS - F'),
(5090, '12HD 10:00A22:00 LS'),
(5091, '12HD 07:00A19:00 LV - 08:00A15:00 S'),
(5093, '12HMP 11:00A23:00'),
(5094, '12H 06:30A18:30 LV'),
(5095, '12HD 09:00A21:00 LS,F'),
(5097, '12HDP 06:30A18:30'),
(5098, '12HD 07:00A19:00 LV - 07:00A18:00 F'),
(5099, '12HDP 07:30A19:30'),
(5100, '12HD 05:00A17:00 LS'),
(5108, '12HDP 08:30 A 20:30'),
(5109, '12HN 18:00A06:00 LV - 6A18-18A6 SDF'),
(5114, '12HD 7A19LV -  8A13:30S (NÓMINA PLANA)'),
(5116, '12HM 10:30 A 22:30 LAS'),
(5117, '12HD 08:30A20:30 LS,F - 09:00A18:00 D'),
(5123, '12HD 06:00A18:00 D'),
(5124, '12HD 9A21V,F- 11:30A23:30S,D'),
(5130, '12HNP 18:00A06:00(2X2)'),
(5132, '12HNP 18:00A06:00(5X2)'),
(5134, '12HDP 10:00A22:00(5X2)'),
(5142, '12HNP 18:00A06:00 (7X3) CERREJON'),
(5144, '12HNP 18:00A06:00 SIN RELEVO'),
(5147, '12HDP 06:00A18:00(5X2)'),
(5159, '12HDP 06:00A18:00 OPAIN PLANA'),
(5165, '12HDP 06:00A18:00 SUPER M GARANTIZADO'),
(5166, '12HD 07:00A19:00 LV (PLANA NUEVA EPS)'),
(5167, '12HDP 06 A18 (15X15)GARANTIZADO LEWIS'),
(5169, '12HDP 06:00A18:00 MOTORIZADO'),
(5171, '12HMP 12 A 24'),
(5173, '12HD 06:00A18:00 LS PLANA UNSALLE'),
(5174, '12HDP 06:00A18:00 PLANA SPV'),
(5175, '12HNP 18:00 A 06:00 SOCHAGOTA'),
(5176, '12HD 07A19 L AV-08 A13 S NUEVA EPS PLANA'),
(5179, '12HD 06:00A18:00 LS GARANTIZADO'),
(5183, '12HD 06:00 A 18:00LAS(SUPER GARAN TAMPA)'),
(5184, '12HD 06:00 A 18:00 LAS'),
(5193, '12HNP 18:00 A 06:00'),
(5194, '12HD 08:00A20:00 LV - 08:00A16:00 S'),
(5195, '12HD 06:00A18:00 LS (NOMINA PLANA)'),
(5203, '12HD 07:00A19:00LAV'),
(5204, '12HD 06:00A14:00-14:00A18:00 LAS(OCENSA)'),
(5206, '12HD 06:00A18:00 LV -06:00A14:00 S(UDEA)'),
(5219, '12HD 7A19LV- 6HD 16A22 S (PLANA CENCOSU)'),
(5220, '12HDP 10:00A22:00 (PLANA CENCOSUD)'),
(5223, '12HDP 08:00A20:00 (PLANA CENCOSUD)'),
(5224, '12HDP 09:30 A 21:30 (PLANA CENCOSUD)'),
(5225, '12HDP 09:00 A 21:00 (PLANA CENCOSUD)'),
(5229, '12HNP 18A06 (PLANA CENCOSUD)'),
(5231, '12HDP 06:00 A 18:00 (GARANTIZADO ESCOLTA'),
(5232, '12HD 7:00A19:00LAS (NOMINA PLANA)'),
(5237, '12HN 18:00A06:00LS- 24H 6A18-18A6DF'),
(5239, '12HD 6:00A18:00LAV - 9HD 7:00A16:00S'),
(5243, '12HD 06A18 LV 5HD 07:30A12:30 S'),
(5245, '12HD 6A18LV'),
(5247, '12HN 19A7LV'),
(5248, '12HD 10A22VSDF'),
(5252, '12HD 7A19 LAV- 8HD 8A16 S'),
(5255, '16HD 6A14-14A 22 LV 12HD 6 A 18S'),
(5256, '12HD 07:00 A 17:00 LM J V - 13HD 06'),
(5263, '12HD 09 A 21 LSF 9HD 09 A 18 D'),
(5265, '12HM 16:00 A 05:00 L,S F'),
(5266, '12HD 07.30 A 19.30 LV 7.5HD 07.30 A 15 S'),
(5270, '12HD 06A18 LS 12HD 07:30A19:30 DF'),
(5271, '12HD 09A21 LS 9.30 HD 08:30A18 D'),
(5275, '12HD 06A18 LV 9HD 06A15 S'),
(5282, '12HD 08A20 LV 7.5HD 07:30A15 S'),
(5283, '12HD 07:00A12:30 13:30A20 LAV'),
(5284, '12HD 09A21 S 12HD 08A20 DF'),
(5285, '12HD 06A18 LV 8HD S 6HD D'),
(5287, '12HD 07:30 A 19:30 LAS'),
(5288, '12HD 8A20 LV 6HD 08A14 S'),
(5289, '12HN 18A06 12HD 06A18 S,D'),
(5293, '12HD 08:30A20:30 LAV'),
(5294, '12HD 08:00 A 20:00 LSF'),
(5296, '12HD 8A20LAV - 7A11:30 - 15A20:30 SDF'),
(5298, '12HMP 03:00 A 15:00'),
(5303, '12HD 06:00A18:00LAS-18:00A06:00 D,F'),
(5305, '12HN 18:00 A 06:00 MI A S'),
(5307, '12HD 06:30A18:30 LV - 4:30 HD 7:30 A12 S'),
(5308, '22HM 05A16-16A24LAV - 13HM 05A18S'),
(5309, '22HMP 06:00 A 17:00 -19:00 A 06:00'),
(5310, '12HN 18A06LAV- 12A22-22A6 S -6A18-18A6DF'),
(6021, '11HD 7A18 LV - 5HD 7A12 S'),
(6022, '11:30HDP 06:00 A17.30'),
(6024, '11.15HDP 05:30 A10:45 -13:00A19:00'),
(6025, '11HD 7:00A18:00LV - 6HD 7:00 A 13:00S'),
(6026, '11HDP 10:30A21:30'),
(6038, '11HD 8 A19 LV - 5HD 8 A13 S'),
(6039, '11.30HD  6:30A18 LV - 6.30HD  8:30A'),
(6044, '11HD 07:00A18:00 LAS(UDEA)'),
(6048, '11HD 07:30 A 18:30LAV'),
(6050, '11HMP 12A23'),
(6051, '11.5HD 06:30A18:00 LV'),
(6052, '11HD06A17 LV, 6HD 07A13 S'),
(6054, '11.5HD 7:30A19 LV - 5HD 8:30A13:30S'),
(6055, '11.5HD 7:30A19 LV - 6HD 7:30A13:30 S'),
(6056, '11.5HD 7:30A19 LV - 6HD 8A14S'),
(6057, '11.5HD 7:30A19LV  -  6.5HD 8A14:30S'),
(6058, '11HD 08A19 LV 8HD 08A12 -13A17 S'),
(6059, '11HD 07 A 18:00LV - 5.30HD 8:30 A 14:00S'),
(6060, '11HD 7:30A18:30 LAV- 7HD 7:30A14:30S'),
(6061, ' 11HD 7:30A18:30LV  -  6HD 7:30A13:30S'),
(6062, '11HD 8A19LV - 6.5HD 8A14:30S'),
(6063, '11HD 8:00 A 19:00LAV - 4HD 09A13:00S'),
(6066, '11HD 5:3A11:3-15A 20LAV-9A11:3-15A18:3SD'),
(7000, '10HD 7:00A17:00 LV'),
(7001, '10HD 7:30A17:30 LV'),
(7002, '10HDP 6:00A16:00'),
(7003, '10HD 7:00A17:00 LS ESCOLTA'),
(7004, '10HDP 7:30A17:30'),
(7007, '10HD 8:00A18:00 LAS'),
(7009, '10:30HD 7:30A18:00 LV'),
(7010, '10HDP 10:00A20:00'),
(7011, '10HDP 8:00A18:00'),
(7015, '10HD 07:00A17:00 LS'),
(7018, '10HD 09:00A19:00 LS'),
(7021, '10HD 08:00A18:00 LV - 4HD 09:00A13:00 S'),
(7022, '9HD 08:00A17:00 LV'),
(7026, '10HDP 12:00A22:00'),
(7037, '10HD 07:00A17:00 LV - 5HD 07:00A12:00 S'),
(7040, '10HD 06:30A16:30 LS'),
(7045, '10:30HD 07:00A17:30 LV PLANA'),
(7048, '10HD 7:00A17:00 LS'),
(7059, '14.5HD 17:30A8LV  12HN 18A06 SDF'),
(7061, '1OHDP 08:00 A 16:00'),
(7065, '10HD 7:00A17:00 LV PLANA BLUET Y NUEVA E'),
(7069, '10HDP 06:00 A 16:00'),
(7072, '10HD 7:00A17:00 LV - 6HD 07:00A13:00 S'),
(7081, '10HD 08:00 A 18:00 LAV'),
(7082, '10HD 08 A 12 - 14 A 20LAV 4HD 09 A 13 S'),
(7083, '10HDP 06:30 A 16:30 (PLANA CENCOSUD)'),
(7094, '10.5HD 7A17:30 LS'),
(7095, '10HD 08A18 LV 3HD 09A12 S'),
(7097, '10HD 09A19 LV 8HD 11A19 S'),
(7098, '10.5HD 08 A 18:30 LASF'),
(7099, '10.5HD 7:30A18LV- 7:30A14:30S-09A13:30D'),
(7100, '10.5HD 8A18:30 LAV - 6HD 8A14S'),
(7101, '10.5HD 8A18:30 LAV - 6.5HD 07:30A14S'),
(7102, '10.75HD 7:45A18:30LAV-7:45A13:30 S'),
(7103, '10HD 07A12-14A19LAV- 08:30A13:30 S'),
(7104, '10HD 07A12-14A19LAV- 09:00A13:00 S'),
(7106, '10HD 9A19 LAS,F'),
(9008, '9HD 8A17LV- 5HD 8A13S'),
(9009, '9HD 7:30A16:30LV - 5HD 8:00A13:00S'),
(9010, '9HD 08:00A17:00 LS'),
(9012, '9HD 8:00 A 17:00 LAV'),
(9013, '9HD 07:30A12:00 - 13:30A18:00 LV'),
(9014, '9HD 8A17 LV 5HD 8A13 S(ULTIMO DEL M)'),
(9017, '9HD 8A17LV - 4HD 9A13S'),
(9020, '9HDP 08:00 A 17:00'),
(9021, '9HD 09:00A18:00 SDF'),
(9028, '9HD 07:30A16:30 LV - 07:30 A 12:00 S'),
(9034, '9HD 07:30A16:30 LV'),
(9035, '9:30HD 08:00A17:30 LV'),
(9038, '9:30HD 08:00A17:30 LV - 08:00A13:00 S'),
(9039, '9:30HD 6:30A8:30-12A19:30LV 12A19S,D,F'),
(9049, '9MP 21:00 A 06:00'),
(9094, '9.30HD 08A12-14A19:30 LV 4HD 9A13 S'),
(9097, ' 9.30HD 8A12-14:00A19:30LV - 6HD 9A15S'),
(9101, '9HD 11A20 DAJ 12HD 11A23 V.S'),
(9102, '9HDP 06A15'),
(9103, '9HDP 04A13'),
(9104, '9HDP 11A20'),
(9105, '9HD 8:30A17:30 LAV'),
(9106, '9.5HD 7:30A17LV  - 4HD 8A12S'),
(9108, '9HD 07:30A12-14A:16:30 LAV-4HD 09A13 S'),
(10003, ' 7HD 7:00 A 14:00LAJ-4HD 07:00A11:00V'),
(10004, '7HD 10A17 S (ESPECIAL)'),
(10005, '7:30HD 08:00A12:30 - 14:00A17:00 LV'),
(10007, '7HNP 22:00A05:00'),
(10008, '7HD 08:00A15:00 LS'),
(10009, '7HD 09:00A16:00 LS, F(ESPECIAL)'),
(10011, '13HD 6:30 A 19:30 LAV (ESPECIAL)'),
(10015, '6:30HD 08:30A15:00 S-2:30HD 17:30A20 LV'),
(10018, '1HD 10:00A10:30 - 18:30A19:00 LV'),
(10019, '5HD 09:00A14:00 S'),
(10020, '5HMP 18:00A23:00'),
(10021, '5HDP 14:00A19:00'),
(10025, '4HD 8A12 S (ESPECIAL)'),
(10026, '4HD 9A13 S (ESPECIAL)'),
(10027, '4HDP 10A14'),
(10032, '3HDP 11A14'),
(10035, '3HD 17A20 LAV S(ESPECIAL)'),
(10036, '2.30HD 11.30A14 LMIVF (ESPECIAL)'),
(10037, '2.30HD 17A19.30 LAV S(ESPECIAL)'),
(10038, '2HD 17:30A19:30 LV - 6HD 10:00 A 16:00 S'),
(10039, '8HNP 22A6'),
(10040, '9HD 7:30A12 - 14A17:30 LV ADMINISTRATIVO'),
(10041, '8HD 09:00A17:00 LS'),
(10042, '8HD 06:00A14:00 LS'),
(10043, '8HD 08:00A16:00 LV'),
(10045, '8HDP 06:00A14:00'),
(10046, '8HDP 06:00A14:00 LV'),
(10047, '8HDP 09:00A17:00'),
(10048, '8HDP 08:00A16:00'),
(10049, '8HDP 07:00A15:00'),
(10050, '8HD 08:00A16:00 LS'),
(10052, '8HDP 10:00A18:00'),
(10053, '8HDP 14A22'),
(10054, '8HD 8:00 A16:00 S,D'),
(10056, '8HDP 11A19'),
(10057, '8HD 08:30A16:30 LV'),
(10058, '8HD 06:00A14:00 LS,F'),
(10059, '8HD 8A12-14A18LAV - 09:00 A 13:00 S'),
(10060, '8HD 09:00A17:00 LV'),
(10061, '8HDMP 5A13'),
(10063, '8HD 7.30A12 13.30A17 LAV (ESPECIAL)'),
(10064, '8HD 07:00A15:00 LS'),
(10065, '8HD 8:00A12:00 - 14:00A18:00 LV'),
(10066, '8HD 07:00A15:00 LV'),
(10067, '8:30HD 7:30A12:00 - 14:00 A 18:00 LV'),
(10069, '8HD 8A16 LASF'),
(10071, '8HD 8A12 14A18 LV 4HD 8A12S'),
(10073, '8HDP 08:00A12:00 - 14:00A18:00'),
(10075, '8HD 10:00A18:00 LS,F'),
(10077, '8HD 10:00A18:00 LS (PLANA CENCOSUD)'),
(10078, '8HMP 15A23'),
(10079, '8HD 13:00A21:00 LV'),
(10081, '8HDP 12A20'),
(10082, '8HM 15A23 LASF'),
(10083, '8HD 8A12 14A18 LV  S(ESPECIAL)'),
(10084, '8HD 8A16 SDF'),
(10085, '8HD 8A16 LAV'),
(10092, '8HD 8.30A12 14.30A19 LAV - 08:30 A13:30S'),
(10093, '8HNP 22A6'),
(10095, '8HDP 09:00A17:00'),
(10097, '8HD 11A19 LASF'),
(10098, '8HD 07:00A15:00 LS,F'),
(10101, '8.5HD 7.30A12.30 13.30A17 LAV'),
(10103, '8.30HMP 05:30A09:30 - 14:30A18:00'),
(10108, '8HD 12A20 LSF'),
(10109, '8:30HM 18:30A03:00 JVS'),
(10115, '8HD 7A12 14A17 LAV (ESPECIAL)'),
(10116, '8HD 14A22 LASF'),
(10117, '8HMP 16A24 OPAIN PLANA'),
(10118, '8HMP 4A12 OPAIN PLANA'),
(10119, 'RONDAS'),
(10120, '8HD 14A22 LAS'),
(10124, '8HD 13:00A21:00 SDF'),
(10126, '8HDP 14A22'),
(10127, '8HDP 09:00A15:00 - 18:00A20:00 ESPECIAL'),
(10130, '6HD 10:00A16:00 D,F'),
(10133, '6HD 6A12 D'),
(10134, '6HDP 6A12'),
(10136, '6HD 6.30A12.30 LAS'),
(10138, '3HD 17:00A20:00 LAV 5HD 8:00A13:00 S'),
(10139, '2HD 18A20 LAV'),
(10141, '3HD 11:00A14:00 LS - F'),
(10143, '6HDP 17.30A23.30'),
(10144, '6HD 08:30A14:30 S'),
(10146, '4HMP 19A23'),
(10150, '2HD 17.30A19.30 LAV 7HD 10A17 S'),
(10152, '7HDP 11:00A14:00 - 18:00A22:00'),
(10157, '5.30HD 8.30A14S'),
(10159, '8HD 8A12 14A18VIERNES'),
(10160, '7.30HDP 10A14 14.30A18 SINREL'),
(10162, '8HD 7.30A12 14A17.30 LAV ADMIN OPAIN'),
(10165, '8HD 7.30A12-14A17.30 ADMIN OPAIN'),
(10174, '9HD 7:30A12 - 14A17:30 LV ADMINISTRATIVO'),
(10177, '6,5HD 07:30 A 14:00 L,M,V'),
(10179, 'CANINO ANTINARCOTICO'),
(10186, '4HDP 05:00 A 09:00'),
(10188, '8HDP 13:00 A 21:00 (PLANA CENCOSUD)'),
(10192, '4HD 17A21 LAV - 5.30HD 08:30A14S'),
(10195, '8.5HDLAV 07:30 A 12:00 - 14:00 A 18:00'),
(10196, ' 8HDP 8A12-13A17 (ESCOL GARANTIZADO)'),
(10197, '8HD 6:00 A14:00 SABADOS'),
(10200, '8HD 7:45 A 12:15 - 13:45 A 17:15 L AV'),
(10201, '8HD 8A12-14A18LV - 13HD 7A20SDF'),
(10202, '8HD 10:00 A 18:00 LAS'),
(10203, '8HD 7:00 A 15:00 D'),
(10204, '4HDP 11:00 A 15:00'),
(10207, '8 HM L-V'),
(10209, '8HD 10A18LASF'),
(10210, '8HD 7.30A12 - 13.30A17LV'),
(10211, '8HN 22:00 A 06:00 DV'),
(10212, '2HD 17:30A19:30 LV - 6HD 09 A 13 S'),
(10215, '8HD 12:00 A 20:00 LASF'),
(10216, '8.5HD 18.30 A 03.00 JVS'),
(10221, '3H 04A07 MARTES'),
(10222, '8HD 13A21 LAV 09A17 S'),
(10223, '12HD 6A18LV'),
(10448, '8HD 8A12-14A18LV- 5HD 9A14S'),
(10985, '8HMP 20:00 A 04:00'),
(10986, '8.5HD 10:00 A 12:00 - 13:00 A  19.30 S'),
(10987, '4HD 12:00 A 16:00 VSD'),
(10988, '7HD 07:00 A 10:00 - 16:00 A 20:00 LAV'),
(10989, '8HD 8:00 A16:00 D'),
(10990, '2:30HD 17:30A20 LAV 08:30A15:00 S'),
(10992, '8HD 11:00A19:00 SDF'),
(10993, '4.30HD 8:30A13S'),
(10995, '8.5HD 18.30 A 03.00 JVS'),
(10997, '8HD 08:00A16:00LAV 4HD 08:00 A 12:00 S'),
(10998, '8HD 8A12-14A18LAV - 09:00 A 13:00 S'),
(10999, '8HN 18:00 A 02:00 LASF'),
(11853, '12HD 6A18 LVF - 4HD 8A12 S'),
(12855, '9HDP 09.00 A 18.00 (CARREFOUR)'),
(12944, '19HMP 04:00A13:30-13.30A13:30A23:00OPAIN'),
(13011, '12HD 08.30 A 20.30 LSF 9HD 09 A 18 D'),
(13119, '8HMP 16 A 00'),
(13251, '4HD 06 A 09 - 14 A 15 LS'),
(13397, '12HD 7A19LV - 6.5HD 7:30A14 - 7HD 8:30A1'),
(13621, '12HN 18A06 LAV 24H S,D'),
(13634, '18HM 6:00A18:00- 18:00A24:00 LAS');

-- --------------------------------------------------------

--
-- Estructura de tabla para la tabla `puesto`
--

CREATE TABLE `puesto` (
  `id_puesto` int(50) NOT NULL,
  `nombre_puesto` varchar(50) NOT NULL,
  `cliente_id` int(50) NOT NULL,
  `direccion_puesto` varchar(50) NOT NULL,
  `ciudad` varchar(45) NOT NULL,
  `modalidad_id` int(50) NOT NULL
) ENGINE=InnoDB DEFAULT CHARSET=utf8;

--
-- Volcado de datos para la tabla `puesto`
--

INSERT INTO `puesto` (`id_puesto`, `nombre_puesto`, `cliente_id`, `direccion_puesto`, `ciudad`, `modalidad_id`) VALUES
(4076, 'LIDER - REVISION', 3773, 'SERVICIO NO ARMADO-SERVICIO NO ARMADO', 'SERVICIO NO ARMADO', 1000),
(4086, 'AREONAVES', 3773, 'SERVICIO NO ARMADO-SERVICIO NO ARMADO', 'SERVICIO NO ARMADO', 3002),
(4087, 'SELECCION', 3773, 'SERVICIO NO ARMADO-SERVICIO NO ARMADO', 'SERVICIO NO ARMADO', 3000),
(4088, 'CONTROL LLEGADA AJE  ARMERILLO', 3773, 'SERVICIO NO ARMADO-SERVICIO NO ARMADO', 'SERVICIO NO ARMADO', 3123),
(4097, 'INSPECTOR - CUSTODIA CARGA Y CORREO ATO BGA', 3773, 'SERVICIO ARMADO-SERVICIO ARMADO', 'SERVICIO ARMADO', 2022),
(4100, 'SUPERVISOR DE VIGILANCIA', 3800, 'BUCARAMANGA-BUCARAMANGA', 'BUCARAMANGA', 1014),
(4101, 'SALIDA VEHICULAR PORTERIA SUR', 3800, 'BUCARAMANGA-BUCARAMANGA', 'BUCARAMANGA', 1009),
(4102, 'SEDE SOCIAL BUCARAMANGA', 3800, 'BUCARAMANGA-BUCARAMANGA', 'BUCARAMANGA', 1009),
(4105, 'BARRANCA RECORREDOR CD', 3800, 'BUCARAMANGA-BARRANCABERMEJA', 'BUCARAMANGA', 1006),
(4106, 'ACUEDUCTO PTAR', 3800, 'BUCARAMANGA-BUCARAMANGA', 'BUCARAMANGA', 1009),
(4108, 'ACCESO PEATONAL PORTERIA NORTE', 3800, 'BUCARAMANGA-BUCARAMANGA', 'BUCARAMANGA', 1009),
(4109, 'CALLE 16 VENTAS', 3800, 'BUCARAMANGA-BUCARAMANGA', 'BUCARAMANGA', 1009),
(4110, 'SALA DE CONTROL OPERADORAS', 3800, 'BUCARAMANGA-BUCARAMANGA', 'BUCARAMANGA', 1014),
(4113, 'CUCUTA PORTERIA PEATONAL', 3800, 'BUCARAMANGA-CÚCUTA', 'BUCARAMANGA', 1006),
(4116, 'BODEGA SAN GIL', 3800, 'BUCARAMANGA-SAN GIL', 'BUCARAMANGA', 1006),
(4119, 'BODEGA AGUACHICA', 3800, 'BUCARAMANGA-AGUACHICA', 'BUCARAMANGA', 1006),
(4120, 'BARRANCA PORTERIA CD', 3800, 'BUCARAMANGA-BARRANCABERMEJA', 'BUCARAMANGA', 1006),
(4121, 'PARQUEADERO INGESER LA ISLA', 3800, 'BUCARAMANGA-BUCARAMANGA', 'BUCARAMANGA', 1009),
(4122, 'CUCUTA PARQUEADERO VISITANTES', 3800, 'BUCARAMANGA-CÚCUTA', 'BUCARAMANGA', 1006),
(4123, 'BODEGA FORJANDES', 3800, 'BUCARAMANGA-BUCARAMANGA', 'BUCARAMANGA', 1006),
(4126, 'SUPERVISOR PATRULLA', 3833, 'BUCARAMANGA-BUCARAMANGA', 'BUCARAMANGA', 1009),
(4129, 'SUPERVISOR / SUPERVISOR (E)', 3833, 'BUCARAMANGA-CÚCUTA', 'BUCARAMANGA', 5159),
(4130, 'COORDINADOR OPERATIVO', 3833, 'BUCARAMANGA-BUCARAMANGA', 'BUCARAMANGA', 10040),
(4131, 'RADIOPERADOR', 3833, 'BUCARAMANGA-BUCARAMANGA', 'BUCARAMANGA', 1004),
(4132, 'COORDINADORA ADMINISTRATIVA', 3833, 'BUCARAMANGA-BUCARAMANGA', 'BUCARAMANGA', 10040),
(4133, 'RADIO OPERADOR CUCUTA', 3833, 'BUCARAMANGA-CÚCUTA', 'BUCARAMANGA', 10042),
(4134, 'AUXILIAR ADMINISTRATIVO', 3833, 'BUCARAMANGA-BUCARAMANGA', 'BUCARAMANGA', 10040),
(4135, 'DIRECTORA SUCURSAL', 3833, 'BUCARAMANGA-BUCARAMANGA', 'BUCARAMANGA', 10040),
(4139, 'SUPERVISOR BARRANCA', 3833, 'BUCARAMANGA-BARRANCABERMEJA', 'BUCARAMANGA', 1090),
(4142, 'SUPERVISOR SAN ALBERTO', 3833, 'BUCARAMANGA-SAN ALBERTO', 'BUCARAMANGA', 5064),
(4143, 'AUXILIAR ADMINISTRATIVA', 3833, 'BUCARAMANGA-BUCARAMANGA', 'BUCARAMANGA', 10040),
(4144, 'RELEVANTE ALMUERZO(Bavaria)', 3833, 'BUCARAMANGA-BUCARAMANGA', 'BUCARAMANGA', 10009),
(4145, 'SUPERVISORES MOTORIZADOS', 3833, 'BUCARAMANGA-BUCARAMANGA', 'BUCARAMANGA', 1009),
(4146, 'SUPERVISOR MOTORIZADO', 3833, 'BUCARAMANGA-BUCARAMANGA', 'BUCARAMANGA', 5165),
(4147, 'SUPERVISOR SAN GIL', 3833, 'BUCARAMANGA-BUCARAMANGA', 'BUCARAMANGA', 5179),
(4148, 'APRENDIZ SENA B/MANGA', 3833, 'BUCARAMANGA-BUCARAMANGA', 'BUCARAMANGA', 10040),
(4149, 'DISPONIBLE BUCARAMANGA', 3833, 'BUCARAMANGA-BUCARAMANGA', 'BUCARAMANGA', 10040),
(4153, 'PRINCIPAL BUCARAMANGA', 3871, 'BUCARAMANGA-BUCARAMANGA', 'BUCARAMANGA', 10065),
(4156, 'ADICIONAL OFICINA PROVENZA', 3871, 'BUCARAMANGA-BUCARAMANGA', 'BUCARAMANGA', 10195),
(4157, 'BBVA CARRERA 27', 3871, 'BUCARAMANGA-BUCARAMANGA', 'BUCARAMANGA', 10065),
(4160, 'AVENIDA SEXTA CUCUTA', 3871, 'BUCARAMANGA-CÚCUTA', 'BUCARAMANGA', 7082),
(4163, 'PORTERIA CENTRO', 3884, 'BUCARAMANGA-BUCARAMANGA', 'BUCARAMANGA', 1006),
(4166, 'OFICINA BARRANCA', 3884, 'BUCARAMANGA-BARRANCABERMEJA', 'BUCARAMANGA', 7081),
(4169, 'DIAGONAL SANTANDER', 3892, 'BUCARAMANGA-CÚCUTA', 'BUCARAMANGA', 6048),
(4172, 'CENABASTOS (Cucuta)', 3900, 'BUCARAMANGA-CÚCUTA', 'BUCARAMANGA', 9009),
(4173, 'AVENIDA CERO (Cucuta)', 3900, 'BUCARAMANGA-CÚCUTA', 'BUCARAMANGA', 9009),
(4176, 'BANCOMPARTIR SAN GIL', 3900, 'BUCARAMANGA-SAN GIL', 'BUCARAMANGA', 9009),
(4179, 'BANCOMPARTIR  BUCARAMANGA', 3900, 'BUCARAMANGA-BUCARAMANGA', 'BUCARAMANGA', 9009),
(4182, 'BANCOMPARTIR BARRANCA', 3900, 'BUCARAMANGA-BARRANCABERMEJA', 'BUCARAMANGA', 9009),
(4185, 'OFICINA ARAUCA', 3900, 'BUCARAMANGA-ARAUCA', 'BUCARAMANGA', 9008),
(4188, 'BANCOMPARTIR FLORIDABLANCA', 3900, 'BUCARAMANGA-FLORIDABLANCA', 'BUCARAMANGA', 9008),
(4191, 'COORDINADOR AGUACHICA', 3925, 'BUCARAMANGA-AGUACHICA', 'BUCARAMANGA', 5052),
(4192, 'TGI', 3925, 'BUCARAMANGA-AGUACHICA', 'BUCARAMANGA', 1164),
(4193, 'LA ESTANCIA', 3925, 'BUCARAMANGA-AGUACHICA', 'BUCARAMANGA', 1164),
(4194, 'TOPOSY', 3925, 'BUCARAMANGA-AGUACHICA', 'BUCARAMANGA', 1164),
(4195, 'CONDUCTOR 15X15', 3925, 'BUCARAMANGA-AGUACHICA', 'BUCARAMANGA', 5167),
(4196, 'CARAMELO', 3925, 'BUCARAMANGA-AGUACHICA', 'BUCARAMANGA', 1164),
(4199, 'BODEGA INGESER', 3934, 'BUCARAMANGA-BUCARAMANGA', 'BUCARAMANGA', 1009),
(4202, 'PORTERIA EXXONMOBIL', 3938, 'BUCARAMANGA-BUCARAMANGA', 'BUCARAMANGA', 1006),
(4203, 'RONDA', 3938, 'BUCARAMANGA-BUCARAMANGA', 'BUCARAMANGA', 1006),
(4206, 'HOLCIM PORTERIA', 3943, 'BUCARAMANGA-FLORIDABLANCA', 'BUCARAMANGA', 1006),
(4209, 'CAV AGUACHICA', 3947, 'BUCARAMANGA-AGUACHICA', 'BUCARAMANGA', 5046),
(4212, 'ENTRADA PRINCIPAL MANATI BLANCO', 3966, 'BUCARAMANGA-PUERTO WILCHES', 'BUCARAMANGA', 1137),
(4213, 'RECORREDOR INTERNO MANATI BLANCO', 3966, 'BUCARAMANGA-PUERTO WILCHES', 'BUCARAMANGA', 1137),
(4216, 'REGIONAL ARAUCA', 3971, 'BUCARAMANGA-ARAUCA', 'BUCARAMANGA', 5166),
(4219, 'REGIONAL BARRANCABERMEJA', 3971, 'BUCARAMANGA-BARRANCABERMEJA', 'BUCARAMANGA', 5166),
(4222, 'REGIONAL CUCUTA', 3971, 'BUCARAMANGA-CÚCUTA', 'BUCARAMANGA', 5166),
(4225, 'REGIONAL OCAÑA', 3971, 'BUCARAMANGA-OCAÑA', 'BUCARAMANGA', 5166),
(4228, 'REGIONAL BUCARAMANGA', 3971, 'BUCARAMANGA-BUCARAMANGA', 'BUCARAMANGA', 5166),
(4231, 'PLANTA PALENQUE', 3991, 'BUCARAMANGA-BUCARAMANGA', 'BUCARAMANGA', 1139),
(4233, 'SERVICIO ESCOLTA', 3991, 'BUCARAMANGA-BUCARAMANGA', 'BUCARAMANGA', 5231),
(4234, 'SERVCIO ESCOLTA TEAM', 3991, 'BUCARAMANGA-BUCARAMANGA', 'BUCARAMANGA', 5231),
(4237, 'PORTERIA', 3998, 'BUCARAMANGA-BUCARAMANGA', 'BUCARAMANGA', 5051),
(4240, 'PORTERIA CHARALA', 4002, 'BUCARAMANGA-SAN GIL', 'BUCARAMANGA', 1006),
(4243, 'MOVIL 4', 4002, 'BUCARAMANGA-SAN GIL', 'BUCARAMANGA', 5193),
(4244, 'MOVIL 5', 4002, 'BUCARAMANGA-SAN GIL', 'BUCARAMANGA', 5193),
(4245, 'MOVIL 6', 4002, 'BUCARAMANGA-SAN GIL', 'BUCARAMANGA', 5193),
(4259, 'PAMPLONA RN 122', 4012, 'BUCARAMANGA-BUCARAMANGA', 'BUCARAMANGA', 4121),
(4262, 'RECEPCION CIMITARRA', 4027, 'BUCARAMANGA-CIMITARRA', 'BUCARAMANGA', 1004),
(4265, 'RECEPCION BARRANCA', 4027, 'BUCARAMANGA-BARRANCABERMEJA', 'BUCARAMANGA', 5053),
(4266, 'PARQUEADERO BARRANCA', 4027, 'BUCARAMANGA-BARRANCABERMEJA', 'BUCARAMANGA', 1004),
(4267, 'CALLEJON BARRANCA', 4027, 'BUCARAMANGA-BARRANCABERMEJA', 'BUCARAMANGA', 1004),
(4268, 'ENTRADA PRINCIPAL BARRANCA', 4027, 'BUCARAMANGA-BARRANCABERMEJA', 'BUCARAMANGA', 1004),
(4271, 'RECEPCION PUERTO BERRIO', 4027, 'BUCARAMANGA-PUERTO BERRÍO', 'BUCARAMANGA', 1004),
(4272, 'RECORREDOR PUERTO BERRIO', 4027, 'BUCARAMANGA-PUERTO BERRÍO', 'BUCARAMANGA', 1004),
(4275, 'RECEPCION SAN PABLO', 4027, 'BUCARAMANGA-SAN PABLO', 'BUCARAMANGA', 1004),
(4278, 'RECEPCION SIMITI', 4027, 'BUCARAMANGA-SIMITÍ', 'BUCARAMANGA', 1004),
(4281, 'PORTERIA SAN ALBERTO', 4027, 'BUCARAMANGA-SAN ALBERTO', 'BUCARAMANGA', 1004),
(4284, 'URI JUSTICIA Y PAZ AGUACHICA', 4027, 'BUCARAMANGA-AGUACHICA', 'BUCARAMANGA', 1004),
(4285, 'PARQUEADERO AGUACHICA', 4027, 'BUCARAMANGA-AGUACHICA', 'BUCARAMANGA', 1004),
(4286, 'URI MOBIL AGUACHICA', 4027, 'BUCARAMANGA-AGUACHICA', 'BUCARAMANGA', 1004),
(4289, 'PORTERIA SABANA TORRES', 4027, 'BUCARAMANGA-SABANA DE TORRES', 'BUCARAMANGA', 1004),
(4293, 'AUXILIAR DE TECNOLOGIA', 3833, 'BUCARAMANGA-BUCARAMANGA', 'BUCARAMANGA', 10040),
(4298, 'AEROPUERTO PERNOCTA 1 BAQ.', 3773, 'BARRANQUILLA-BARRANQUILLA', 'BARRANQUILLA', 5144),
(4314, 'AEROPUERTO SUPERVISOR BAQ.', 3773, 'BARRANQUILLA-BARRANQUILLA', 'BARRANQUILLA', 5052),
(4315, 'AEROPUERTO FILTRO AVION BAQ.', 3773, 'BARRANQUILLA-BARRANQUILLA', 'BARRANQUILLA', 4093),
(4316, 'AEROPUERTO ARMAS BAQ.', 3773, 'BARRANQUILLA-BARRANQUILLA', 'BARRANQUILLA', 4058),
(4317, 'SUPERVISOR CARGA Y CORREO ATO BAQ', 3773, 'BARRANQUILLA-BARRANQUILLA', 'BARRANQUILLA', 1058),
(4318, 'INSPECTOR - CUSTODIA CARGA Y CORREO ATO BAQ 1', 3773, 'BARRANQUILLA-BARRANQUILLA', 'BARRANQUILLA', 1058),
(4319, 'INSPECTOR - CUSTODIA CARGA Y CORREO ATO BAQ 2', 3773, 'BARRANQUILLA-BARRANQUILLA', 'BARRANQUILLA', 1058),
(4320, 'INSPECTOR - CUSTODIA CARGA Y CORREO EST BAQ 1', 3773, 'BARRANQUILLA-BARRANQUILLA', 'BARRANQUILLA', 1058),
(4321, 'AEROPUERTO RAMPA BAQ.', 3773, 'BARRANQUILLA-BARRANQUILLA', 'BARRANQUILLA', 10049),
(4322, 'PERNOCTA AEROPUERTO 2 BAQ.', 3773, 'BARRANQUILLA-BARRANQUILLA', 'BARRANQUILLA', 4073),
(4324, 'ESTACION DEPRISA GALAPA', 3773, 'BARRANQUILLA-BARRANQUILLA', 'BARRANQUILLA', 5064),
(4328, 'RECEPCION FABRICA', 3800, 'BARRANQUILLA-BARRANQUILLA', 'BARRANQUILLA', 1055),
(4331, 'PORTERIA BODEGA 38', 3800, 'BARRANQUILLA-BARRANQUILLA', 'BARRANQUILLA', 1055),
(4333, 'COMISARIATO', 3800, 'BARRANQUILLA-BARRANQUILLA', 'BARRANQUILLA', 1055),
(4334, 'SUPERVISOR MOTORIZADO', 3800, 'BARRANQUILLA-BARRANQUILLA', 'BARRANQUILLA', 1058),
(4335, 'BOCATOMA', 3800, 'BARRANQUILLA-BARRANQUILLA', 'BARRANQUILLA', 1055),
(4336, 'NAVE CALLE 10', 3800, 'BARRANQUILLA-BARRANQUILLA', 'BARRANQUILLA', 1055),
(4337, 'MERCADEO', 3800, 'BARRANQUILLA-BARRANQUILLA', 'BARRANQUILLA', 1055),
(4340, 'SALA DE CONTROL', 3800, 'BARRANQUILLA-BARRANQUILLA', 'BARRANQUILLA', 1058),
(4342, 'REFUERZO BODEGA 38', 3800, 'BARRANQUILLA-BARRANQUILLA', 'BARRANQUILLA', 1055),
(4343, 'LOTE ABUCHAIBE', 3800, 'BARRANQUILLA-BARRANQUILLA', 'BARRANQUILLA', 1055),
(4344, 'ANALISTA ADMINISTRATIVO (SA)', 3800, 'BARRANQUILLA-BARRANQUILLA', 'BARRANQUILLA', 10071),
(4345, 'BAVARIA/DIST/DISTR/LURUACO', 3800, 'BARRANQUILLA-BARRANQUILLA', 'BARRANQUILLA', 10045),
(4351, 'ALMACEN BARRANQUILLA', 3833, 'BARRANQUILLA-BARRANQUILLA', 'BARRANQUILLA', 10065),
(4352, 'SUPERVISOR PATRULLA', 3833, 'BARRANQUILLA-BARRANQUILLA', 'BARRANQUILLA', 1058),
(4353, 'AUX.PROGRAMACION Y SISTEMAS', 3833, 'BARRANQUILLA-BARRANQUILLA', 'BARRANQUILLA', 10065),
(4354, 'COORDINADOR SEDE B/QUILLA', 3833, 'BARRANQUILLA-BARRANQUILLA', 'BARRANQUILLA', 10042),
(4355, 'JEFE ADMINISTRATIVA', 3833, 'BARRANQUILLA-BARRANQUILLA', 'BARRANQUILLA', 10065),
(4356, 'AUXILIAR TECNOLOGIA', 3833, 'BARRANQUILLA-BARRANQUILLA', 'BARRANQUILLA', 10065),
(4357, 'RADIOPERADOR SEDE', 3833, 'BARRANQUILLA-BARRANQUILLA', 'BARRANQUILLA', 1000),
(4358, 'MOTORIZADO BCSC  ZONA SUR', 3833, 'BARRANQUILLA-BARRANQUILLA', 'BARRANQUILLA', 1102),
(4359, 'AUXILIAR ADMINISTRATIVA', 3833, 'BARRANQUILLA-BARRANQUILLA', 'BARRANQUILLA', 10065),
(4362, 'ANALISTA ADMINISTRATIVO', 3833, 'BARRANQUILLA-BARRANQUILLA', 'BARRANQUILLA', 10065),
(4364, 'DISPONIBLE BAVARIA FABRICA', 3833, 'BARRANQUILLA-BARRANQUILLA', 'BARRANQUILLA', 10042),
(4365, 'AUXILIAR ADMINISTRATIVA G.A.', 3833, 'BARRANQUILLA-BARRANQUILLA', 'BARRANQUILLA', 10065),
(4366, 'ESCOLTA UNP INCAPACIDAD', 3833, 'BARRANQUILLA-BARRANQUILLA', 'BARRANQUILLA', 10065),
(4370, 'APRENDIZ SENA', 3833, 'BARRANQUILLA-BARRANQUILLA', 'BARRANQUILLA', 10174),
(4371, 'SUPERVISOR MOVIL CAJEROS ZONA CENTRO', 3833, 'BARRANQUILLA-BARRANQUILLA', 'BARRANQUILLA', 1102),
(4372, 'MOTORIZADO ZONA NORTE BAQ.', 3833, 'BARRANQUILLA-BARRANQUILLA', 'BARRANQUILLA', 1102),
(4378, 'AUXILIAR TECNOLOGIA', 3833, 'BARRANQUILLA-BARRANQUILLA', 'BARRANQUILLA', 10065),
(4386, 'OF. BBVA CALLE 84 BAQ.', 3871, 'BARRANQUILLA-BARRANQUILLA', 'BARRANQUILLA', 7081),
(4387, 'SMART OFFICE BAQ.', 3871, 'BARRANQUILLA-BARRANQUILLA', 'BARRANQUILLA', 5283),
(4388, 'OFICINA BBVA GRAN BOULEVARD BAQ.', 3871, 'BARRANQUILLA-BARRANQUILLA', 'BARRANQUILLA', 10065),
(4389, 'OFICINA SOLEDAD BAQ.', 3871, 'BARRANQUILLA-BARRANQUILLA', 'BARRANQUILLA', 10065),
(4391, 'RZO. OF. SAN FRANCISCO BAQ.', 3871, 'BARRANQUILLA-BARRANQUILLA', 'BARRANQUILLA', 10067),
(4392, 'OF. PASEO BOLIVAR BAQ.', 3871, 'BARRANQUILLA-BARRANQUILLA', 'BARRANQUILLA', 10997),
(4393, 'OF. BBVA CALLE 93 BAQ.', 3871, 'BARRANQUILLA-BARRANQUILLA', 'BARRANQUILLA', 6048),
(4394, 'BBVA CARRERA 43 BARRANQUILLA', 3871, 'BARRANQUILLA-BARRANQUILLA', 'BARRANQUILLA', 9013),
(4399, 'COLEGIO CRA 8 CALLE 72A', 4395, 'BARRANQUILLA-BARRANQUILLA', 'BARRANQUILLA', 5132),
(4401, 'COLEGIO REFUERZO', 4395, 'BARRANQUILLA-BARRANQUILLA', 'BARRANQUILLA', 5064),
(4405, 'SEDE ADMINISTRATIVA', 4402, 'BARRANQUILLA-BARRANQUILLA', 'BARRANQUILLA', 7009),
(4406, 'SOLINILLA BALNEARIO', 4402, 'BARRANQUILLA-BARRANQUILLA', 'BARRANQUILLA', 1001),
(4407, 'SOLINILLA PARQUEADERO', 4402, 'BARRANQUILLA-BARRANQUILLA', 'BARRANQUILLA', 1001),
(4425, 'CRA 54 NRO 56-112 VILLA HERALDO', 4422, 'BARRANQUILLA-BARRANQUILLA', 'BARRANQUILLA', 1058),
(4430, 'GUARDA NOCTURNO', 4427, 'BARRANQUILLA-BARRANQUILLA', 'BARRANQUILLA', 5193),
(4431, 'CONTROL ACCESO', 4427, 'BARRANQUILLA-BARRANQUILLA', 'BARRANQUILLA', 7007),
(4432, 'RECEPCION CARGA', 4427, 'BARRANQUILLA-BARRANQUILLA', 'BARRANQUILLA', 6044),
(4433, 'PLATAFORMA', 4427, 'BARRANQUILLA-BARRANQUILLA', 'BARRANQUILLA', 6044),
(4440, 'OFICINA BARRANQUILLA', 3900, 'BARRANQUILLA-BARRANQUILLA', 'BARRANQUILLA', 9008),
(4447, 'POZOS BULLERENGUE 3', 3925, 'BARRANQUILLA-BARRANQUILLA', 'BARRANQUILLA', 1153),
(4448, 'POZOS BULLERENGUE 4', 3925, 'BARRANQUILLA-BARRANQUILLA', 'BARRANQUILLA', 1153),
(4453, 'PORTERIA PLANTA GALAPA', 3938, 'BARRANQUILLA-BARRANQUILLA', 'BARRANQUILLA', 1012),
(4454, 'ACCESO PARQUEADERO EXTERNO', 3938, 'BARRANQUILLA-BARRANQUILLA', 'BARRANQUILLA', 1035),
(4455, 'RONDERO', 3938, 'BARRANQUILLA-BARRANQUILLA', 'BARRANQUILLA', 5052),
(4459, 'CCM CUMBRE BAQ', 3947, 'BARRANQUILLA-BARRANQUILLA', 'BARRANQUILLA', 1140),
(4460, 'CCM ALKARAWI BAQ', 3947, 'BARRANQUILLA-BARRANQUILLA', 'BARRANQUILLA', 1140),
(4461, 'SEDE ADMINISTRATIVA BAQ', 3947, 'BARRANQUILLA-BARRANQUILLA', 'BARRANQUILLA', 1140),
(4462, 'CAV MILLENIUM BAQ.', 3947, 'BARRANQUILLA-BARRANQUILLA', 'BARRANQUILLA', 7100),
(4463, 'CAV  SUR BAQ.', 3947, 'BARRANQUILLA-BARRANQUILLA', 'BARRANQUILLA', 6062),
(4464, 'CAV PRADO BAQ.', 3947, 'BARRANQUILLA-BARRANQUILLA', 'BARRANQUILLA', 6054),
(4465, 'CAV EXP AQUA BAQ', 3947, 'BARRANQUILLA-BARRANQUILLA', 'BARRANQUILLA', 7102),
(4466, 'CAV CENTRO BAQ.', 3947, 'BARRANQUILLA-BARRANQUILLA', 'BARRANQUILLA', 7099),
(4470, 'BARRANQUILLA REGIONAL', 3971, 'BARRANQUILLA-BARRANQUILLA', 'BARRANQUILLA', 5114),
(4471, 'BARRANQUILLA ATENCION AL USUARIO', 3971, 'BARRANQUILLA-BARRANQUILLA', 'BARRANQUILLA', 5114),
(4475, 'ALMACEN BARRANQUILLA', 4472, 'BARRANQUILLA-BARRANQUILLA', 'BARRANQUILLA', 6060),
(4476, 'CTO DE SERV. SUZUKI AVE.CIRCUNVALAR BAQ.', 4472, 'BARRANQUILLA-BARRANQUILLA', 'BARRANQUILLA', 6060),
(4494, 'OFICINA BARRANQUILLA', 4491, 'BARRANQUILLA-BARRANQUILLA', 'BARRANQUILLA', 4121),
(4497, 'SUPERVISOR CANINO COSTA NORTE', 3833, 'BARRANQUILLA-BARRANQUILLA', 'BARRANQUILLA', 5179),
(4520, 'ARMAS CART.', 3773, 'CARTAGENA-CARTAGENA', 'CARTAGENA', 3005),
(4521, 'SUPERVISOR CARGA Y CORREO ATO CTG', 3773, 'CARTAGENA-CARTAGENA', 'CARTAGENA', 1061),
(4522, 'INSPECTOR - CUSTODIA CARGA Y CORREO ATO CTG 1', 3773, 'CARTAGENA-CARTAGENA', 'CARTAGENA', 1061),
(4523, 'INSPECTOR - CUSTODIA CARGA Y CORREO ATO CTG 2', 3773, 'CARTAGENA-CARTAGENA', 'CARTAGENA', 2007),
(4524, 'AEROPUERTO RAMPA 1 CART.', 3773, 'CARTAGENA-CARTAGENA', 'CARTAGENA', 1061),
(4525, 'AEROPUERTO RAMPA 2 CART.', 3773, 'CARTAGENA-CARTAGENA', 'CARTAGENA', 3100),
(4526, 'AEROPUERTO RAMPA 3 CART.', 3773, 'CARTAGENA-CARTAGENA', 'CARTAGENA', 3100),
(4534, 'PORTERIA CARTAGENA', 3800, 'CARTAGENA-CARTAGENA', 'CARTAGENA', 1061),
(4535, 'PORTERIA VEHICULAR', 3800, 'CARTAGENA-CARTAGENA', 'CARTAGENA', 1055),
(4536, 'MOVIL', 3800, 'CARTAGENA-CARTAGENA', 'CARTAGENA', 5050),
(4540, 'SERVICIO MOTO SUPERVISOR', 3833, 'CARTAGENA-CARTAGENA', 'CARTAGENA', 1000),
(4541, 'SUPERVISOR NORTE', 3833, 'CARTAGENA-CARTAGENA', 'CARTAGENA', 1103),
(4543, 'ALMACEN CARTAGENA', 3833, 'CARTAGENA-CARTAGENA', 'CARTAGENA', 10065),
(4544, 'SUPERVISOR SUR', 3833, 'CARTAGENA-CARTAGENA', 'CARTAGENA', 1103),
(4546, 'COORDINADOR DE OPERACIONES', 3833, 'CARTAGENA-CARTAGENA', 'CARTAGENA', 10065),
(4547, 'RADIOPERADOR CARTAGENA', 3833, 'CARTAGENA-CARTAGENA', 'CARTAGENA', 1000),
(4549, 'ANALISTA ADMINISTRATIVO', 3833, 'CARTAGENA-CARTAGENA', 'CARTAGENA', 10065),
(4551, 'SUPERVISOR BANCARIO CART.', 3833, 'CARTAGENA-CARTAGENA', 'CARTAGENA', 1061),
(4564, 'PLANTA RESIDUALES', 4561, 'CARTAGENA-CARTAGENA', 'CARTAGENA', 1055),
(4565, 'PLATAFORMA', 4561, 'CARTAGENA-CARTAGENA', 'CARTAGENA', 1055),
(4566, 'GARITA SUR', 4561, 'CARTAGENA-CARTAGENA', 'CARTAGENA', 1055),
(4567, 'PORTERIA MUELLE', 4561, 'CARTAGENA-CARTAGENA', 'CARTAGENA', 1055),
(4568, 'GARITA TOSTADORA', 4561, 'CARTAGENA-CARTAGENA', 'CARTAGENA', 1055),
(4570, 'CENTRO DE CONTROL CCTV.  (SA)', 4561, 'CARTAGENA-CARTAGENA', 'CARTAGENA', 1055),
(4571, 'PORTERIA PRINCIPAL', 4561, 'CARTAGENA-CARTAGENA', 'CARTAGENA', 1055),
(4572, 'ANALISTA ADMINISTRATIVO (SA)', 4561, 'CARTAGENA-CARTAGENA', 'CARTAGENA', 10071),
(4580, 'OFICINA CARTAGENA', 3900, 'CARTAGENA-CARTAGENA', 'CARTAGENA', 9008),
(4584, 'PARQUEADERO MALTERIAS CART.', 3934, 'CARTAGENA-CARTAGENA', 'CARTAGENA', 1001),
(4588, 'COMBUSTIBLE PUERTA 1', 3938, 'CARTAGENA-CARTAGENA', 'CARTAGENA', 1122),
(4589, 'COMBUSTIBLE PUERTA 2', 3938, 'CARTAGENA-CARTAGENA', 'CARTAGENA', 1122),
(4590, 'COMBUSTIBLE MUELLE', 3938, 'CARTAGENA-CARTAGENA', 'CARTAGENA', 1122),
(4591, 'LUBRICANTE PORTERIA', 3938, 'CARTAGENA-CARTAGENA', 'CARTAGENA', 1122),
(4592, 'LUBRICANTE PLATAFORMA', 3938, 'CARTAGENA-CARTAGENA', 'CARTAGENA', 1122),
(4593, 'LUBRICANTE MOVIL', 3938, 'CARTAGENA-CARTAGENA', 'CARTAGENA', 1122),
(4594, 'LOTE MAMONAL', 3938, 'CARTAGENA-CARTAGENA', 'CARTAGENA', 1122),
(4597, 'RECEPCION LUBRICANTES', 3938, 'CARTAGENA-CARTAGENA', 'CARTAGENA', 7000),
(4600, 'MUELLE - FRENTE BOD. OILL', 3938, 'CARTAGENA-CARTAGENA', 'CARTAGENA', 1122),
(4604, 'CAV BOCAGRANDE CART', 3947, 'CARTAGENA-CARTAGENA', 'CARTAGENA', 6054),
(4605, 'CAV LOS EJECUTIVOS CART.', 3947, 'CARTAGENA-CARTAGENA', 'CARTAGENA', 13397),
(4606, 'CCM TURBACO CART.', 3947, 'CARTAGENA-CARTAGENA', 'CARTAGENA', 1004),
(4610, 'OFICINA CARTAGENA', 3971, 'CARTAGENA-CARTAGENA', 'CARTAGENA', 5166),
(4614, 'SUPERVISOR', 4481, 'CARTAGENA-CARTAGENA', 'CARTAGENA', 1140),
(4615, 'PORTERIA PRINCIPAL SUR', 4481, 'CARTAGENA-CARTAGENA', 'CARTAGENA', 1140),
(4616, 'PORTERIA TRAFICO', 4481, 'CARTAGENA-CARTAGENA', 'CARTAGENA', 1140),
(4618, 'ESCOLTA MOTORIZADO CARGA CRITICA', 4481, 'CARTAGENA-CARTAGENA', 'CARTAGENA', 5184),
(4619, 'PORTERIA PLANTA NORTE', 4481, 'CARTAGENA-CARTAGENA', 'CARTAGENA', 1140),
(4621, 'RECORREDOR PLANTA NORTE', 4481, 'CARTAGENA-CARTAGENA', 'CARTAGENA', 1140),
(4623, 'PUERTA ELECTRICA CART.', 4481, 'CARTAGENA-CARTAGENA', 'CARTAGENA', 5052),
(4624, 'PORTERIA PROYECTOS CART.', 4481, 'CARTAGENA-CARTAGENA', 'CARTAGENA', 1140),
(4626, 'RECORREDOR PLANTA SUR', 4481, 'CARTAGENA-CARTAGENA', 'CARTAGENA', 5052),
(4631, 'SURTIGAS CASA CABRERO CART.', 4628, 'CARTAGENA-CARTAGENA', 'CARTAGENA', 1000),
(4632, 'ESCOLTA #1 CART.', 4628, 'CARTAGENA-CARTAGENA', 'CARTAGENA', 5054),
(4633, 'TECNICO SEG. ELECTRONICA CART.', 4628, 'CARTAGENA-CARTAGENA', 'CARTAGENA', 9106),
(4637, 'OFICINA RECEPCION CART.', 4628, 'CARTAGENA-CARTAGENA', 'CARTAGENA', 5203),
(4638, 'OFICINA MONITOREO CART.', 4628, 'CARTAGENA-CARTAGENA', 'CARTAGENA', 1005),
(4640, 'OPERADOR DE MEDIOS TECNOLOGICOS', 4628, 'CARTAGENA-CARTAGENA', 'CARTAGENA', 5184),
(4641, 'CONDUCTOR SURTIGAS CART.', 4628, 'CARTAGENA-CARTAGENA', 'CARTAGENA', 5184),
(4645, 'GUIA CANINO PERRO ANTINARCOTICO', 4481, 'CARTAGENA-CARTAGENA', 'CARTAGENA', 1140),
(4646, 'GUIA CANINO PERRO ANTINARCOTICO', 4481, 'CARTAGENA-CARTAGENA', 'CARTAGENA', 3095),
(4647, 'GUIA CANINO PERRO ANTINARCOTICO', 4481, 'CARTAGENA-CARTAGENA', 'CARTAGENA', 5052),
(4692, 'AEROPUERTO COUNTER VALLED.', 3773, 'SANTA MARTA-VALLEDUPAR', 'SANTA MARTA', 10127),
(4693, 'AEROPUERTO SELECCION VALLED.', 3773, 'SANTA MARTA-VALLEDUPAR', 'SANTA MARTA', 10127),
(4694, 'AEROPUERTO FILTRO VALLED.', 3773, 'SANTA MARTA-VALLEDUPAR', 'SANTA MARTA', 10127),
(4698, 'AEROPUERTO PILOTO UNO RIOHACHA', 3773, 'SANTA MARTA-RIOHACHA', 'SANTA MARTA', 10160),
(4704, 'PLATAFORMA 2 STA MARTA', 3773, 'SANTA MARTA-SANTA MARTA', 'SANTA MARTA', 6026),
(4705, 'AVION PERNOCTA STA MARTA', 3773, 'SANTA MARTA-SANTA MARTA', 'SANTA MARTA', 10039),
(4713, 'AEROPUERTO RAMPLA MONTERIA', 3773, 'SANTA MARTA-MONTERÍA', 'SANTA MARTA', 5099),
(4714, 'AEROPUERTO HALL MONTERIA', 3773, 'SANTA MARTA-MONTERÍA', 'SANTA MARTA', 5099),
(4715, 'AEROPUERTO SCANNER VALLED.', 3773, 'SANTA MARTA-VALLEDUPAR', 'SANTA MARTA', 5054),
(4717, 'INSPECTOR - CUSTODIA CARGA Y CORREO ATO MTR', 3773, 'SANTA MARTA-SANTA MARTA', 'SANTA MARTA', 5296),
(4718, 'INSPECTOR - CUSTODIA CARGA Y CORREO EST SMR', 3773, 'SANTA MARTA-SANTA MARTA', 'SANTA MARTA', 5194),
(4722, 'PORTERIA SANTA MARTA', 3800, 'SANTA MARTA-SANTA MARTA', 'SANTA MARTA', 1001),
(4726, 'PORTERIA VALLEDUPAR', 3800, 'SANTA MARTA-VALLEDUPAR', 'SANTA MARTA', 1001),
(4727, 'MOVIL VALLEDUPAR', 3800, 'SANTA MARTA-VALLEDUPAR', 'SANTA MARTA', 1001),
(4728, 'BODEGA SANTA MARTA', 3800, 'SANTA MARTA-SANTA MARTA', 'SANTA MARTA', 1001),
(4729, 'PORTERIA BOSCONIA', 3800, 'SANTA MARTA-VALLEDUPAR', 'SANTA MARTA', 1001),
(4733, 'PORTERIA MAGANGUE', 3800, 'SANTA MARTA-SINCELEJO', 'SANTA MARTA', 1001),
(4737, 'PORTERIA FONSECA', 3800, 'SANTA MARTA-RIOHACHA', 'SANTA MARTA', 1001),
(4738, 'PORTERIA CURUMANI', 3800, 'SANTA MARTA-VALLEDUPAR', 'SANTA MARTA', 1001),
(4739, 'MUELLE FLUVIAL MAGANGUE', 3800, 'SANTA MARTA-SINCELEJO', 'SANTA MARTA', 5054),
(4740, 'BAVARIA NUEVO CD 2', 3800, 'SANTA MARTA-SINCELEJO', 'SANTA MARTA', 1001),
(4742, 'CONCERJE ANTIGUO CD COROZAL', 3800, 'SANTA MARTA-SINCELEJO', 'SANTA MARTA', 10066),
(4743, 'BAVARIA NUEVO CD', 3800, 'SANTA MARTA-SINCELEJO', 'SANTA MARTA', 1001),
(4745, 'BAVARIA COROZAL NOCTURNO', 3800, 'SANTA MARTA-SINCELEJO', 'SANTA MARTA', 5132),
(4749, 'ALMACEN SANTA MARTA', 3833, 'SANTA MARTA-SANTA MARTA', 'SANTA MARTA', 10065),
(4751, 'SUPERVISOR MOTORIZADO(SERVICIO MOTO)', 3833, 'SANTA MARTA-SANTA MARTA', 'SANTA MARTA', 1000),
(4755, 'SUPERVISOR SINCELEJO', 3833, 'SANTA MARTA-SINCELEJO', 'SANTA MARTA', 5169),
(4759, 'SUPERVISOR RIOHACHA', 3833, 'SANTA MARTA-RIOHACHA', 'SANTA MARTA', 5169),
(4760, 'SUPERVISOR MONTERIA', 3833, 'SANTA MARTA-SINCELEJO', 'SANTA MARTA', 1090),
(4764, 'SUPERVISOR VALLEDUPAR', 3833, 'SANTA MARTA-VALLEDUPAR', 'SANTA MARTA', 1104),
(4765, 'SUPERVISOR STA MARTA', 3833, 'SANTA MARTA-SANTA MARTA', 'SANTA MARTA', 1102),
(4766, 'RADIOPERADOR SEDE VISE STA MARTA', 3833, 'SANTA MARTA-SANTA MARTA', 'SANTA MARTA', 1017),
(4768, 'SUPERVISOR PROMIGAS', 3833, 'SANTA MARTA-SANTA MARTA', 'SANTA MARTA', 10065),
(4769, 'MOTORIZADO REACCIONES', 3833, 'SANTA MARTA-SINCELEJO', 'SANTA MARTA', 10039),
(4770, 'SUPERVISOR REACCIONES NOCTURNAS', 3833, 'SANTA MARTA-SINCELEJO', 'SANTA MARTA', 10039),
(4776, 'REAACIONES MAGANGUE', 3833, 'SANTA MARTA-SINCELEJO', 'SANTA MARTA', 10039),
(4780, 'OFICINA P/PAL MONTERIA', 3871, 'SANTA MARTA-MONTERÍA', 'SANTA MARTA', 10065),
(4781, 'OFICINA MONTERIA', 3871, 'SANTA MARTA-MONTERÍA', 'SANTA MARTA', 10065),
(4785, 'OFICINA VALLEDUPAR', 3871, 'SANTA MARTA-VALLEDUPAR', 'SANTA MARTA', 10065),
(4789, 'OF. BBVA P/PAL STA MARTA', 3871, 'SANTA MARTA-SANTA MARTA', 'SANTA MARTA', 10159),
(4790, 'OF. BBVA CALLE 30 MONTERIA', 3871, 'SANTA MARTA-MONTERÍA', 'SANTA MARTA', 10157),
(4795, 'OFICINA FONSECA', 3871, 'SANTA MARTA-SINCELEJO', 'SANTA MARTA', 10065),
(4796, 'BBVA EL RECREO MONTERIA', 3871, 'SANTA MARTA-MONTERÍA', 'SANTA MARTA', 10043),
(4797, 'CALLE 30 Monteria', 3871, 'SANTA MARTA-MONTERÍA', 'SANTA MARTA', 10043),
(4798, 'CCO. VALLEDUPAR', 3871, 'SANTA MARTA-VALLEDUPAR', 'SANTA MARTA', 10043),
(4799, 'OFICINA RIO PARQUE MONTERIA', 3871, 'SANTA MARTA-MONTERÍA', 'SANTA MARTA', 10057),
(4800, 'LORICA', 3871, 'SANTA MARTA-MONTERÍA', 'SANTA MARTA', 10057),
(4804, 'OFICINA PLANTA BAVARIA', 4801, 'SANTA MARTA-MONTERÍA', 'SANTA MARTA', 1001),
(4809, 'PUERTA PRINCIPAL', 3896, 'SANTA MARTA-COVEÑAS', 'SANTA MARTA', 1086),
(4810, 'MOVIL', 3896, 'SANTA MARTA-COVEÑAS', 'SANTA MARTA', 1086),
(4811, 'MOVIL 2', 3896, 'SANTA MARTA-COVEÑAS', 'SANTA MARTA', 1086),
(4812, 'PORTERIA P/PAL OCENSA', 3896, 'SANTA MARTA-COVEÑAS', 'SANTA MARTA', 1148),
(4813, 'APOYO PORTERIA P/PAL OCENSA', 3896, 'SANTA MARTA-COVEÑAS', 'SANTA MARTA', 3115),
(4814, 'MOVIL BODEGA MALLA VIA PEÑON', 3896, 'SANTA MARTA-COVEÑAS', 'SANTA MARTA', 1148),
(4815, 'PUESTO 7 ZONA IND TK20', 3896, 'SANTA MARTA-COVEÑAS', 'SANTA MARTA', 1148),
(4816, 'MOVIL ZONA IND TK 73S', 3896, 'SANTA MARTA-COVEÑAS', 'SANTA MARTA', 1148),
(4817, 'MOVIL LOTE PLAYA', 3896, 'SANTA MARTA-COVEÑAS', 'SANTA MARTA', 1148),
(4818, 'SUPERVISOR', 3896, 'SANTA MARTA-COVEÑAS', 'SANTA MARTA', 5184),
(4819, 'SUPERVISOR OCENSA COVEÑAS', 3896, 'SANTA MARTA-COVEÑAS', 'SANTA MARTA', 1148),
(4823, 'PUERTAS ALTERNAS TKS 73 OCENSA', 3896, 'SANTA MARTA-COVEÑAS', 'SANTA MARTA', 5204),
(4829, 'OFICINA SANTA MARTA', 3900, 'SANTA MARTA-SANTA MARTA', 'SANTA MARTA', 9008),
(4833, 'OFICINA RIOHACHA', 3900, 'SANTA MARTA-RIOHACHA', 'SANTA MARTA', 9008),
(4837, 'OFICINA VALLEDUPAR', 3900, 'SANTA MARTA-VALLEDUPAR', 'SANTA MARTA', 9008),
(4841, 'OFICINA SINCELEJO', 3900, 'SANTA MARTA-SINCELEJO', 'SANTA MARTA', 9008),
(4845, 'OFICINA MONTERIA', 3900, 'SANTA MARTA-MONTERÍA', 'SANTA MARTA', 9008),
(4846, 'OFICINA LORICA', 3900, 'SANTA MARTA-MONTERÍA', 'SANTA MARTA', 9008),
(4847, 'OFICINA MAGANGUE', 3900, 'SANTA MARTA-SINCELEJO', 'SANTA MARTA', 9008),
(4848, 'SERVICIO MONTELIBANO', 3900, 'SANTA MARTA-SANTA MARTA', 'SANTA MARTA', 9008),
(4849, 'SERVICIO CARMEN DE BOLIBAR', 3900, 'SANTA MARTA-SANTA MARTA', 'SANTA MARTA', 9008),
(4853, 'CAV. MONTERIA', 3947, 'SANTA MARTA-MONTERÍA', 'SANTA MARTA', 6055),
(4857, 'CAV BUENAVISTA SANTA MARTA', 3947, 'SANTA MARTA-SANTA MARTA', 'SANTA MARTA', 6057),
(4861, 'CAV SINCELEJO', 3947, 'SANTA MARTA-SINCELEJO', 'SANTA MARTA', 6056),
(4862, 'CCM SINCELEJO', 3947, 'SANTA MARTA-SINCELEJO', 'SANTA MARTA', 1004),
(4863, 'CAV EXPRESS SANTA MARTA', 3947, 'SANTA MARTA-SANTA MARTA', 'SANTA MARTA', 6061),
(4867, 'CAV RIOHACHA', 3947, 'SANTA MARTA-RIOHACHA', 'SANTA MARTA', 7101),
(4871, 'CAV. GUATAPURI VALLEDUPAR', 3947, 'SANTA MARTA-VALLEDUPAR', 'SANTA MARTA', 6056),
(4875, 'OFICINA RIOHACHA', 3971, 'SANTA MARTA-RIOHACHA', 'SANTA MARTA', 5166),
(4879, 'OFICINA VALLEDUPAR', 3971, 'SANTA MARTA-VALLEDUPAR', 'SANTA MARTA', 5166),
(4883, 'OFICINA SANTA MARTA', 3971, 'SANTA MARTA-SANTA MARTA', 'SANTA MARTA', 5166),
(4887, 'MOTO BALLENAS-KM20-EL PATRON RIOHACHA M1', 4884, 'SANTA MARTA-SANTA MARTA', 'SANTA MARTA', 1084),
(4889, 'MOTO CAMARONES - PUENTE BOMBA M3', 4884, 'SANTA MARTA-SANTA MARTA', 'SANTA MARTA', 1084),
(4890, 'MOTO PUENTE BOMBA - CAMPANA NUEVO M4', 4884, 'SANTA MARTA-SANTA MARTA', 'SANTA MARTA', 1084),
(4891, 'MOTO CAMPANA NUEVO - DIBULLA M5', 4884, 'SANTA MARTA-SANTA MARTA', 'SANTA MARTA', 1084),
(4892, 'MOTO DIBULLA - MINGUEO M6', 4884, 'SANTA MARTA-SANTA MARTA', 'SANTA MARTA', 1084),
(4894, 'MOTO ESTACION PALOMINO - LOS MUCHACHITOS M8', 4884, 'SANTA MARTA-SANTA MARTA', 'SANTA MARTA', 1084),
(4895, 'MOTO LOS MUCHACHITOS-LA MAMI-LOS CABALLOS M9', 4884, 'SANTA MARTA-SANTA MARTA', 'SANTA MARTA', 1084),
(4896, 'MOTO LOS CABALLOS-LOS COCOS-CALABAZOS-NUEVO MEXICO', 4884, 'SANTA MARTA-SANTA MARTA', 'SANTA MARTA', 1084),
(4897, 'MOTO NUEVO MEXICO-NEGUANJE-BURECHE M11', 4884, 'SANTA MARTA-SANTA MARTA', 'SANTA MARTA', 1084),
(4898, 'MOTO BONDA-BURECHE-DON JACA M12', 4884, 'SANTA MARTA-SANTA MARTA', 'SANTA MARTA', 1084),
(4899, 'MOTO DON JACA-COSTA VERDE-PUENTE LA BARRA M13', 4884, 'SANTA MARTA-SANTA MARTA', 'SANTA MARTA', 1084),
(4900, 'MOTO PUENTE LA BARRA-TASAJERA KM30 M14', 4884, 'SANTA MARTA-SANTA MARTA', 'SANTA MARTA', 1084),
(4901, 'MOTO TASAJERA KM 30 - PALERMO M15', 4884, 'SANTA MARTA-SANTA MARTA', 'SANTA MARTA', 1084),
(4902, 'ESTACION PALOMINO MOVIL (A) E3', 4884, 'SANTA MARTA-SANTA MARTA', 'SANTA MARTA', 1084),
(4903, 'ESTACION HEROICA (A) E4', 4884, 'SANTA MARTA-SANTA MARTA', 'SANTA MARTA', 1084),
(4904, 'ESTACION HEROICA SUR (A) E4', 4884, 'SANTA MARTA-SANTA MARTA', 'SANTA MARTA', 1084),
(4905, 'ESTACION SAHAGUN (A)', 4884, 'SANTA MARTA-SANTA MARTA', 'SANTA MARTA', 1084),
(4906, 'MOTO BAYUNCA-PAIVA-VARIANTE-MAMONAL-TURBACO-HEROIC', 4884, 'SANTA MARTA-SANTA MARTA', 'SANTA MARTA', 1084),
(4912, 'ESTACION BALLENA (A) E1', 4909, 'SANTA MARTA-SANTA MARTA', 'SANTA MARTA', 1084),
(4920, 'OFICINA RECAUDOS MONTERIA', 4628, 'SANTA MARTA-MONTERÍA', 'SANTA MARTA', 5053),
(4921, 'BODEGA GARITA MONTERIA', 4628, 'SANTA MARTA-MONTERÍA', 'SANTA MARTA', 1005),
(4925, 'OFICINA RECEPCION MONTERIA', 4628, 'SANTA MARTA-SINCELEJO', 'SANTA MARTA', 5053),
(4926, 'OF. PARQ. VEHICULAR SINCELEJO', 4628, 'SANTA MARTA-SINCELEJO', 'SANTA MARTA', 1005),
(4927, 'OFICINA RECAUDOS SINCELEJO', 4628, 'SANTA MARTA-SINCELEJO', 'SANTA MARTA', 5053),
(4932, 'MOTO TARAZA-CACERES', 4628, 'SANTA MARTA-TARAZÁ', 'SANTA MARTA', 1005),
(4937, 'PLATAFORMA 1', 3773, 'PEREIRA-MANIZALES', 'PEREIRA', 5052),
(4938, 'PLATAFORMA 3', 3773, 'PEREIRA-MANIZALES', 'PEREIRA', 5052),
(4939, 'PLATAFORMA 1', 3773, 'PEREIRA-MANIZALES', 'PEREIRA', 5052),
(4944, 'OFICINA AVIANCA  CENTRO C. A.', 3773, 'PEREIRA-PEREIRA', 'PEREIRA', 6038),
(4946, 'ENTRADA/ SALIDA DE EQUIPAJES', 3773, 'PEREIRA-PEREIRA', 'PEREIRA', 3000),
(4947, 'PLATAFORMA', 3773, 'PEREIRA-PEREIRA', 'PEREIRA', 1000),
(4948, 'CONTROL - CUSTODIA CARGA Y CORREO HUB PEI', 3773, 'PEREIRA-PEREIRA', 'PEREIRA', 3126),
(4949, 'CONTROL ACCESO HUB PEI', 3773, 'PEREIRA-PEREIRA', 'PEREIRA', 1068),
(4950, 'INSPECTOR - CUSTODIA CARGA Y CORREO ATO PEI', 3773, 'PEREIRA-PEREIRA', 'PEREIRA', 1062),
(4955, 'PLATAFORMA 2', 3773, 'PEREIRA-ARMENIA', 'PEREIRA', 3006),
(4956, 'REFUERZO DE PLATAFORMA', 3773, 'PEREIRA-PEREIRA', 'PEREIRA', 2010),
(4958, 'RAYOS X ARMENIA', 3773, 'PEREIRA-ARMENIA', 'PEREIRA', 3122),
(4963, 'CD PEREIRA RECEPCION', 3800, 'PEREIRA-PEREIRA', 'PEREIRA', 1062),
(4967, 'CD ARMENIA PORTERIA PEATONAL', 3800, 'PEREIRA-ARMENIA', 'PEREIRA', 1062),
(4971, 'BAVARIA NUEVA SEDE MANIZALES', 3800, 'PEREIRA-MANIZALES', 'PEREIRA', 1062),
(4976, 'CONSERGE CALARCA', 3800, 'PEREIRA-CALARCA', 'PEREIRA', 10045),
(4980, 'Supervisor Motorizado(C.A)', 3833, 'PEREIRA-PEREIRA', 'PEREIRA', 1090),
(4981, 'Radio Operador  VISE (C.A)', 3833, 'PEREIRA-PEREIRA', 'PEREIRA', 1000),
(4983, 'COORDINADOR(A) ADMINISTRATIVA', 3833, 'PEREIRA-PEREIRA', 'PEREIRA', 10998),
(4987, 'RECORREDOR ARMENIA', 3833, 'PEREIRA-ARMENIA', 'PEREIRA', 1090),
(4988, 'SECRETARIA OFICINA', 3833, 'PEREIRA-PEREIRA', 'PEREIRA', 10998),
(4993, 'RECORREDOR', 3833, 'PEREIRA-CARTAGO', 'PEREIRA', 10069),
(4994, 'TECNICO GERENCIA TECNOLOGICA', 3833, 'PEREIRA-PEREIRA', 'PEREIRA', 10042),
(4995, 'AUXILIAR DE PROGRAMACION', 3833, 'PEREIRA-PEREIRA', 'PEREIRA', 10998),
(4996, 'JEFE DE OPERACIONES', 3833, 'PEREIRA-PEREIRA', 'PEREIRA', 10998),
(4997, 'SEVICIOS GENERALES PEREIRA', 3833, 'PEREIRA-PEREIRA', 'PEREIRA', 10003),
(4998, 'SUPERVISOR MOTORIZADO', 3833, 'PEREIRA-PEREIRA', 'PEREIRA', 1090),
(5002, 'SUPERVISOR MOTORIZADO', 3833, 'PEREIRA-MANIZALES', 'PEREIRA', 1090),
(5003, 'PORTERIA OFICINAS VISE PEREIRA', 3833, 'PEREIRA-PEREIRA', 'PEREIRA', 5015),
(5054, 'BBVA CENTRO ARMENIA', 3871, 'PEREIRA-ARMENIA', 'PEREIRA', 3077),
(5058, 'BBVA LOS ROSALES', 3871, 'PEREIRA-MANIZALES', 'PEREIRA', 10065),
(5066, 'BBVA OFICINA PRINCIPAL PEREIRA', 3871, 'PEREIRA-PEREIRA', 'PEREIRA', 9094),
(5067, 'BBVA PPAL PLAZA DE BOLIVAR MANIZALES', 3871, 'PEREIRA-MANIZALES', 'PEREIRA', 9094),
(5068, 'BBVA CENTRO TECNOLOGICO LAGO URIBE', 3871, 'PEREIRA-PEREIRA', 'PEREIRA', 10067),
(5069, 'BBVA PINARES (LA REBECA) PEREIRA', 3871, 'PEREIRA-PEREIRA', 'PEREIRA', 10065),
(5073, 'E-PAGO PEREIRA', 5070, 'PEREIRA-PEREIRA', 'PEREIRA', 6039),
(5077, 'BANCOMPARTIR OFICINA ARMENIA', 3900, 'PEREIRA-ARMENIA', 'PEREIRA', 9008),
(5081, 'BANCOMPARTIR OFICINA PEREIRA 2', 3900, 'PEREIRA-PEREIRA', 'PEREIRA', 9008),
(5085, 'EXXON MOBIL CARTAGO RESIDENTE', 3938, 'PEREIRA-CARTAGO', 'PEREIRA', 10045),
(5086, 'EXXON MOBIL CARTAGO PLANTA', 3938, 'PEREIRA-CARTAGO', 'PEREIRA', 1113),
(5088, 'EXXON MOBIL CARTAGO RONDA INTERNA', 3938, 'PEREIRA-CARTAGO', 'PEREIRA', 5052),
(5092, 'OFICINA(C.A)', 5089, 'PEREIRA-PEREIRA', 'PEREIRA', 5064),
(5136, 'OFICINA NUEVA EPS PEREIRA', 3971, 'PEREIRA-PEREIRA', 'PEREIRA', 5166),
(5140, 'OFICINA NUEVA EPS ARMENIA', 3971, 'PEREIRA-ARMENIA', 'PEREIRA', 5166),
(5144, 'OFICINA NUEVA EPS MANIZALES', 3971, 'PEREIRA-MANIZALES', 'PEREIRA', 5166),
(5149, 'OFICINA NUEVA EPS ZARZAL', 3971, 'PEREIRA-ZARZAL', 'PEREIRA', 5166),
(5153, 'AUTOGERMANA PEREIRA', 3998, 'PEREIRA-PEREIRA', 'PEREIRA', 5056),
(5158, 'CSS RIO FRIO RONDA', 5155, 'PEREIRA-RIOFRÍO', 'PEREIRA', 5193),
(5159, 'CSS RIO FRIO  RONDA 2', 5155, 'PEREIRA-RIOFRÍO', 'PEREIRA', 5193),
(5160, 'CSS RIO FRIO PORTERIA', 5155, 'PEREIRA-RIOFRÍO', 'PEREIRA', 5052),
(5166, 'ADICIONAL CSS LOS SURTIPIELES', 5155, 'PEREIRA-MANIZALES', 'PEREIRA', 1062),
(5186, 'OFICINA NEIVA', 3773, 'GIRARDOT-NEIVA', 'GIRARDOT', 6024),
(5190, 'RAMPA', 3773, 'GIRARDOT-NEIVA', 'GIRARDOT', 10021),
(5198, 'CD NEIVA PORTERIA VENTAS', 3800, 'GIRARDOT-GIRARDOT', 'GIRARDOT', 1056),
(5199, 'CD NEIVA PORTERIA DISTRIBUCCION', 3800, 'GIRARDOT-GIRARDOT', 'GIRARDOT', 1056),
(5200, 'STAND AGUA BRISA - (GIRARDOT)', 3800, 'GIRARDOT-GIRARDOT', 'GIRARDOT', 1006),
(5201, 'PORTERIA PRINCIPAL - (GIRARDOT)', 3800, 'GIRARDOT-GIRARDOT', 'GIRARDOT', 1006),
(5205, 'LOTE BERLIN (C.A) - (IBAGUE)', 3800, 'GIRARDOT-IBAGUÉ', 'GIRARDOT', 1065),
(5206, 'REFUERZO LOTE BERLIN - (IBAGUE)', 3800, 'GIRARDOT-IBAGUÉ', 'GIRARDOT', 1065),
(5208, 'CENTRO RECREATIVO - GIRARDOT', 3800, 'GIRARDOT-GIRARDOT', 'GIRARDOT', 10045),
(5212, 'ANALISTA RECURSOS HUMANOS', 3833, 'GIRARDOT-GIRARDOT', 'GIRARDOT', 1000),
(5213, 'SECRETARIA', 3833, 'GIRARDOT-GIRARDOT', 'GIRARDOT', 1000),
(5214, 'SUPERVISOR MOTORIZADO', 3833, 'GIRARDOT-GIRARDOT', 'GIRARDOT', 1066),
(5216, 'SUPERVISOR PISCILAGO', 3833, 'GIRARDOT-GIRARDOT', 'GIRARDOT', 1066),
(5217, 'AUXILIAR RECURSOS HUMANOS', 3833, 'GIRARDOT-GIRARDOT', 'GIRARDOT', 10040),
(5218, 'AUXILIAR DE PROGRAMACION', 3833, 'GIRARDOT-GIRARDOT', 'GIRARDOT', 10040),
(5219, 'COORDINADOR DE OPERACIONES', 3833, 'GIRARDOT-GIRARDOT', 'GIRARDOT', 10040),
(5221, 'SUPERVISOR MOTORIZADO 2', 3833, 'GIRARDOT-GIRARDOT', 'GIRARDOT', 1066),
(5222, 'OFICINA GIRARDOT', 3833, 'GIRARDOT-GIRARDOT', 'GIRARDOT', 1073),
(5224, 'SUPERVISOR MOTORIZADO DIURNO', 3833, 'GIRARDOT-GIRARDOT', 'GIRARDOT', 1066),
(5225, 'OFICINA - CENTRAL', 3833, 'GIRARDOT-GIRARDOT', 'GIRARDOT', 1073),
(5229, 'CENTRAL IBAGUE', 3833, 'GIRARDOT-IBAGUÉ', 'GIRARDOT', 3095),
(5230, 'RELEVO ALMUERZO - PISCILAGO', 3833, 'GIRARDOT-GIRARDOT', 'GIRARDOT', 10049),
(5234, 'VIGILANTE - RECOMENDACIONES MEDICAS', 3833, 'GIRARDOT-GIRARDOT', 'GIRARDOT', 10058),
(5239, 'SUPERVISOR FLORENCIA', 3833, 'GIRARDOT-FLORENCIA', 'GIRARDOT', 5165),
(5244, 'LIDER PITALITO', 3833, 'GIRARDOT-PITALITO', 'GIRARDOT', 10048),
(5245, 'SUPERVISOR REACCION', 3833, 'GIRARDOT-GIRARDOT', 'GIRARDOT', 1090),
(5250, 'SUPERVISOR CENTRO', 3833, 'GIRARDOT-IBAGUÉ', 'GIRARDOT', 1004),
(5251, 'SUPERVISOR SUR', 3833, 'GIRARDOT-IBAGUÉ', 'GIRARDOT', 5052),
(5252, 'SUPERVISOR SUR ORIENTE', 3833, 'GIRARDOT-IBAGUÉ', 'GIRARDOT', 5052),
(5253, 'SUPERVISOR NORTE', 3833, 'GIRARDOT-IBAGUÉ', 'GIRARDOT', 5052),
(5259, 'PORTERIA HUESPEDES', 5256, 'GIRARDOT-GIRARDOT', 'GIRARDOT', 1006),
(5260, 'PORTERIA EMPLEADOS', 5256, 'GIRARDOT-GIRARDOT', 'GIRARDOT', 1006),
(5261, 'FINCA', 5256, 'GIRARDOT-GIRARDOT', 'GIRARDOT', 1006),
(5262, 'CLINICA', 5256, 'GIRARDOT-GIRARDOT', 'GIRARDOT', 1006),
(5263, 'PORTERIA PRINCIPAL', 5256, 'GIRARDOT-GIRARDOT', 'GIRARDOT', 1006),
(5265, 'PORTERIA HUESPEDES', 5256, 'GIRARDOT-GIRARDOT', 'GIRARDOT', 1006),
(5266, 'ZONA ALPINA', 5256, 'GIRARDOT-GIRARDOT', 'GIRARDOT', 1006),
(5267, 'PORTERIA PRINCIPAL', 5256, 'GIRARDOT-GIRARDOT', 'GIRARDOT', 4160),
(5268, 'ZONA ANDINA NOCTURNO', 5256, 'GIRARDOT-GIRARDOT', 'GIRARDOT', 5193),
(5269, 'VIVIENDA (DIURNO)', 5256, 'GIRARDOT-GIRARDOT', 'GIRARDOT', 5054),
(5271, 'MIRADOR (DIURNA)', 5256, 'GIRARDOT-GIRARDOT', 'GIRARDOT', 5054),
(5273, 'MANTENIMIENTO (DIURNO)', 5256, 'GIRARDOT-GIRARDOT', 'GIRARDOT', 5054),
(5275, 'INFORMACION (DIURNO)', 5256, 'GIRARDOT-GIRARDOT', 'GIRARDOT', 5054),
(5277, 'GRAN VIA PEÑALISA', 5256, 'GIRARDOT-GIRARDOT', 'GIRARDOT', 1000),
(5279, 'BOCATOMA (NOCTURNO', 5256, 'GIRARDOT-GIRARDOT', 'GIRARDOT', 5026),
(5280, 'BODEGA', 5256, 'GIRARDOT-GIRARDOT', 'GIRARDOT', 10045),
(5281, 'PORTERIA', 5256, 'GIRARDOT-GIRARDOT', 'GIRARDOT', 4156),
(5283, 'PORTERIA', 5256, 'GIRARDOT-GIRARDOT', 'GIRARDOT', 10188),
(5284, 'SALA DE VENTAS', 5256, 'GIRARDOT-GIRARDOT', 'GIRARDOT', 1006),
(5285, 'CENTRO DE SERVICIOS GIRARDOT', 5256, 'GIRARDOT-GIRARDOT', 'GIRARDOT', 4158),
(5288, 'OBRA PISCILAGO', 5256, 'GIRARDOT-GIRARDOT', 'GIRARDOT', 1006),
(5293, 'OF. PRINCIPAL IBAGUE', 3871, 'GIRARDOT-IBAGUÉ', 'GIRARDOT', 10059),
(5298, 'URBANIZACION ALTOS DE GUATAPURI ETAPA 1', 3871, 'GIRARDOT-NEIVA', 'GIRARDOT', 1006),
(5299, 'URBANIZACION ALTOS DE GUATAPUIR ETAPA 2', 3871, 'GIRARDOT-NEIVA', 'GIRARDOT', 1006),
(5300, 'OFICINA LA TOMA', 3871, 'GIRARDOT-NEIVA', 'GIRARDOT', 10065),
(5304, 'OFICINA GIRARDOT', 3871, 'GIRARDOT-GIRARDOT', 'GIRARDOT', 10192),
(5309, 'RECORREDOR INTERNO', 5306, 'GIRARDOT-GIRARDOT', 'GIRARDOT', 5050),
(5313, 'FINCA EL ANTOJO', 5310, 'GIRARDOT-GIRARDOT', 'GIRARDOT', 10045),
(5317, 'OFICINA GIRARDOT - CENTRO DE SERVICIOS', 5070, 'GIRARDOT-GIRARDOT', 'GIRARDOT', 5009),
(5321, 'WOOD GROUP PITALITO', 5318, 'SERVICIO ARMADO-SERVICIO ARMADO', 'SERVICIO ARMADO', 1006),
(5325, 'OFICINA 1088  -   LA MESA', 3900, 'GIRARDOT-GIRARDOT', 'GIRARDOT', 9008),
(5329, 'OFICINA PITALITO', 3900, 'GIRARDOT-PITALITO', 'GIRARDOT', 9008),
(5333, 'OFICINA IBAGUE', 3900, 'GIRARDOT-IBAGUÉ', 'GIRARDOT', 9008),
(5337, 'OFICINA NEIVA', 3900, 'GIRARDOT-NEIVA', 'GIRARDOT', 9008),
(5341, 'OFICINA FLORENCIA', 3900, 'GIRARDOT-FLORENCIA', 'GIRARDOT', 9008),
(5342, 'OFICINA GIRARDOT', 3900, 'GIRARDOT-GIRARDOT', 'GIRARDOT', 9008),
(5346, 'SEDE NUEVA', 5343, 'GIRARDOT-GIRARDOT', 'GIRARDOT', 1006),
(5347, 'UNIVERSIDAD PILOTO', 5343, 'GIRARDOT-GIRARDOT', 'GIRARDOT', 1006),
(5348, 'OBRA - FRENTE SEDE PRINCIPAL', 5343, 'GIRARDOT-GIRARDOT', 'GIRARDOT', 5109),
(5352, 'PARQUEADERO', 3938, 'GIRARDOT-IBAGUÉ', 'GIRARDOT', 1006),
(5353, 'PORTERIA', 3938, 'GIRARDOT-IBAGUÉ', 'GIRARDOT', 1006),
(5363, 'SERVICIO RICAUTE', 3943, 'GIRARDOT-GIRARDOT', 'GIRARDOT', 1006),
(5375, 'OFICINA IBAGUE', 3971, 'GIRARDOT-IBAGUÉ', 'GIRARDOT', 5166),
(5379, 'OFICINA NEIVA', 3971, 'GIRARDOT-NEIVA', 'GIRARDOT', 5166),
(5387, 'OFICINA FLORENCIA', 3971, 'GIRARDOT-FLORENCIA', 'GIRARDOT', 5166),
(5391, 'CONTRALOR', 5388, 'GIRARDOT-GIRARDOT', 'GIRARDOT', 3149),
(5395, 'BODEGA / PORTON RECIBO', 5388, 'GIRARDOT-IBAGUÉ', 'GIRARDOT', 3095),
(5396, 'PARQUEADERO', 5388, 'GIRARDOT-IBAGUÉ', 'GIRARDOT', 3095),
(5397, 'PISO ELECTRO', 5388, 'GIRARDOT-IBAGUÉ', 'GIRARDOT', 4008),
(5398, 'BODEGA', 5388, 'GIRARDOT-IBAGUÉ', 'GIRARDOT', 3095),
(5399, 'ANTENA 2', 5388, 'GIRARDOT-IBAGUÉ', 'GIRARDOT', 4008),
(5400, 'PORTON RECIBO', 5388, 'GIRARDOT-GIRARDOT', 'GIRARDOT', 5097),
(5401, 'SALIDA VEHICULAR', 5388, 'GIRARDOT-GIRARDOT', 'GIRARDOT', 5124),
(5403, 'PARQUEADERO', 5388, 'GIRARDOT-GIRARDOT', 'GIRARDOT', 3095),
(5405, 'ROTADOR CENTRO COMERCIAL PREMIER', 5388, 'GIRARDOT-GIRARDOT', 'GIRARDOT', 5093),
(5408, 'ANTENA 1', 5388, 'GIRARDOT-GIRARDOT', 'GIRARDOT', 4003),
(5413, 'PORTERIA PRINCIPAL', 5410, 'GIRARDOT-GIRARDOT', 'GIRARDOT', 5052),
(5419, 'CAICE PAPAYO', 5416, 'GIRARDOT-IBAGUÉ', 'GIRARDOT', 1004),
(5420, 'CAICE CENTRO CALLE 14', 5416, 'GIRARDOT-IBAGUÉ', 'GIRARDOT', 5061),
(5421, 'EDICIO CENTRAL', 5416, 'GIRARDOT-IBAGUÉ', 'GIRARDOT', 1004),
(5422, 'PORTERIA PARQUEADERO SUBESTACION PAPAYO', 5416, 'GIRARDOT-IBAGUÉ', 'GIRARDOT', 1004),
(5423, 'SUBESTACION EL SALADO', 5416, 'GIRARDOT-IBAGUÉ', 'GIRARDOT', 1004),
(5424, 'BODEGA SUBESTACION PAPAYO', 5416, 'GIRARDOT-IBAGUÉ', 'GIRARDOT', 1004),
(5425, 'SUBESTACION SAN JORGE', 5416, 'GIRARDOT-IBAGUÉ', 'GIRARDOT', 1004),
(5426, 'POLIDEPORTIVO SAN JORGE', 5416, 'GIRARDOT-IBAGUÉ', 'GIRARDOT', 1004),
(5427, 'SUBESTACION MIROLINDO', 5416, 'GIRARDOT-IBAGUÉ', 'GIRARDOT', 1004),
(5428, 'SUBESTACION CAJAMARCA', 5416, 'GIRARDOT-IBAGUÉ', 'GIRARDOT', 5130),
(5429, 'SUBESTACION VERGEL', 5416, 'GIRARDOT-IBAGUÉ', 'GIRARDOT', 1004),
(5430, 'SUBESTACION BRISAS', 5416, 'GIRARDOT-IBAGUÉ', 'GIRARDOT', 1004),
(5431, 'CENTRO DE GESTION', 5416, 'GIRARDOT-IBAGUÉ', 'GIRARDOT', 1004),
(5437, 'SUBESTACION ESPINAL', 5416, 'GIRARDOT-ESPINAL', 'GIRARDOT', 1004),
(5438, 'CAICE ESPINAL', 5416, 'GIRARDOT-ESPINAL', 'GIRARDOT', 5061),
(5443, 'SUBESTACION EL GUAMO', 5416, 'GIRARDOT-GUAMO', 'GIRARDOT', 5193),
(5447, 'SUBESTACION SALDAÑA', 5416, 'GIRARDOT-SALDAÑA', 'GIRARDOT', 1004),
(5452, 'SUBESTACION PURIFICACION', 5416, 'GIRARDOT-PURIFICACIÓN', 'GIRARDOT', 5193),
(5457, 'SUBESTACION COYAIMA', 5416, 'GIRARDOT-COYAIMA', 'GIRARDOT', 5130),
(5462, 'SUBESTACION NATAGAIMA', 5416, 'GIRARDOT-NATAGAIMA', 'GIRARDOT', 1004),
(5467, 'SUBESTACION CHAPARRAL', 5416, 'GIRARDOT-CHAPARRAL', 'GIRARDOT', 1004),
(5472, 'CAICE CHAPARRAL', 5416, 'GIRARDOT-SUÁREZ', 'GIRARDOT', 5061),
(5477, 'SUBESTACION SUAREZ', 5416, 'GIRARDOT-FLANDES', 'GIRARDOT', 5130),
(5478, 'SUBESTACION FLANDES PORTERIA', 5416, 'GIRARDOT-FLANDES', 'GIRARDOT', 1004),
(5479, 'SUBESTACION FLANDES RECORREDOR', 5416, 'GIRARDOT-FLANDES', 'GIRARDOT', 1004),
(5484, 'SUBESTACION MELGAR', 5416, 'GIRARDOT-MELGAR', 'GIRARDOT', 1004),
(5485, 'CAICE MELGAR', 5416, 'GIRARDOT-MELGAR', 'GIRARDOT', 5061),
(5490, 'SUBESTACION EL CARMEN DE APICALA', 5416, 'GIRARDOT-CARMEN DE APICALÁ', 'GIRARDOT', 1004),
(5491, 'SUBESTACION LANCEROS', 5416, 'GIRARDOT-IBAGUÉ', 'GIRARDOT', 1004),
(5492, 'SUBESTACION CUNDAY', 5416, 'GIRARDOT-IBAGUÉ', 'GIRARDOT', 1004),
(5493, 'SUBESTACION PACOLI', 5416, 'GIRARDOT-IBAGUÉ', 'GIRARDOT', 5305),
(5494, 'SUBESTACION COELLO', 5416, 'GIRARDOT-IBAGUÉ', 'GIRARDOT', 5130),
(5495, 'SUBESTACION LERIDA', 5416, 'GIRARDOT-ESPINAL', 'GIRARDOT', 5130),
(5496, 'SUBESTACION LIBANO', 5416, 'GIRARDOT-IBAGUÉ', 'GIRARDOT', 5130),
(5501, 'CAICE LIBANO', 5416, 'GIRARDOT-LÍBANO', 'GIRARDOT', 5061),
(5506, 'SUBESTACION ARMERO GUAYABAL', 5416, 'GIRARDOT-ARMERO GUAYABAL', 'GIRARDOT', 1004),
(5507, 'SUBESTACION SAN FELIPE', 5416, 'GIRARDOT-IBAGUÉ', 'GIRARDOT', 1004),
(5512, 'SUBESTACION MARIQUITA', 5416, 'GIRARDOT-SAN SEBASTIÁN DE MARIQUITA', 'GIRARDOT', 5130),
(5513, 'CAICE MARIQUITA', 5416, 'GIRARDOT-SAN SEBASTIÁN DE MARIQUITA', 'GIRARDOT', 5061),
(5519, 'SUBESTACION HONDA GUALI', 5416, 'GIRARDOT-HONDA', 'GIRARDOT', 5130),
(5520, 'SUBESTACION AMBALEMA', 5416, 'GIRARDOT-HONDA', 'GIRARDOT', 1004),
(5533, 'CAICE CRA 5', 5416, 'GIRARDOT-IBAGUÉ', 'GIRARDOT', 5003),
(5534, 'SUBESTACION GUALANDAY', 5416, 'GIRARDOT-IBAGUÉ', 'GIRARDOT', 1004),
(5539, 'CONTRA OBSERVADORES E INSTALACIONES DE PREDIOA ROJ', 5536, 'GIRARDOT-GIRARDOT', 'GIRARDOT', 10041),
(5540, 'SERVICIO DE SUPERVISOR SENIOR ZONA ROJA - GIGANTE ', 5536, 'GIRARDOT-GIRARDOT', 'GIRARDOT', 5053),
(5542, 'CONTRA OBSERVADORES E INSTALACIONES DE PREDIOS -MO', 5536, 'GIRARDOT-GIRARDOT', 'GIRARDOT', 7007),
(5543, 'CONTRA OBSERVADORES E INSTALACIONES DE PREDIOS -MO', 5536, 'GIRARDOT-GIRARDOT', 'GIRARDOT', 7007),
(5545, 'CONTRA OBSERVADORES E INSTALACIONES DE PREDIOS -MO', 5536, 'GIRARDOT-GIRARDOT', 'GIRARDOT', 7007),
(5549, 'CONTRA OBSERVADORES E INSTALACIONES DE PREDIOS SEN', 5536, 'GIRARDOT-GIRARDOT', 'GIRARDOT', 10041),
(5553, 'RESIDENTES DE PREDIOS 4', 5536, 'GIRARDOT-GIRARDOT', 'GIRARDOT', 5052),
(5566, 'CENTRASA PLANTA DE TRITURADOS', 5563, 'GIRARDOT-GIRARDOT', 'GIRARDOT', 1000),
(5585, 'HOMBRE SEGURIDAD EQUIPAJE', 3773, 'VILLAVICENCIO-VILLAVICENCIO', 'VILLAVICENCIO', 10045),
(5588, 'HOMBRE SEGURIDAD JURIDICO Y ARMAS', 3773, 'VILLAVICENCIO-VILLAVICENCIO', 'VILLAVICENCIO', 10045),
(5592, 'PORTERIA BAVARIA CD NUEVO', 3800, 'VILLAVICENCIO-VILLAVICENCIO', 'VILLAVICENCIO', 1006),
(5593, 'RECORREDOR CD NUEVO', 3800, 'VILLAVICENCIO-VILLAVICENCIO', 'VILLAVICENCIO', 1006),
(5599, 'SUPERVISOR ZONA', 3833, 'VILLAVICENCIO-VILLAVICENCIO', 'VILLAVICENCIO', 1000),
(5600, 'DIRECTOR SUCURSAL', 3833, 'VILLAVICENCIO-VILLAVICENCIO', 'VILLAVICENCIO', 10040),
(5601, 'SUPERVISOR MOTORIZADO', 3833, 'VILLAVICENCIO-VILLAVICENCIO', 'VILLAVICENCIO', 1000),
(5602, 'AUXILIAR ADMINISTRATIVO VILLAO', 3833, 'VILLAVICENCIO-VILLAVICENCIO', 'VILLAVICENCIO', 10040),
(5603, 'RELEVANTE ALMUERZOS', 3833, 'VILLAVICENCIO-VILLAVICENCIO', 'VILLAVICENCIO', 10052),
(5604, 'RADIOPERADOR', 3833, 'VILLAVICENCIO-VILLAVICENCIO', 'VILLAVICENCIO', 1000),
(5610, 'COLSUBSIDIO PORTERIA PRINCIPAL', 5256, 'VILLAVICENCIO-VILLAVICENCIO', 'VILLAVICENCIO', 1006),
(5611, 'COLSUBSIDIO RECORREDOR PLANTAS', 5256, 'VILLAVICENCIO-VILLAVICENCIO', 'VILLAVICENCIO', 1006),
(5614, 'MUELLE', 5256, 'VILLAVICENCIO-VILLAVICENCIO', 'VILLAVICENCIO', 3095),
(5615, 'ANTENA', 5256, 'VILLAVICENCIO-VILLAVICENCIO', 'VILLAVICENCIO', 3095),
(5620, 'BBVA OFICINA PRINCIPAL', 3871, 'VILLAVICENCIO-VILLAVICENCIO', 'VILLAVICENCIO', 7103),
(5622, 'BBVA ACACIAS', 3871, 'VILLAVICENCIO-VILLAVICENCIO', 'VILLAVICENCIO', 10115),
(5631, 'ROJAS HERMANOS  PRINCIPAL', 5628, 'VILLAVICENCIO-VILLAVICENCIO', 'VILLAVICENCIO', 1006),
(5632, 'ROJAS HERMANOS ACACIAS', 5628, 'VILLAVICENCIO-VILLAVICENCIO', 'VILLAVICENCIO', 1006),
(5638, 'PORTERIA 1', 3896, 'VILLAVICENCIO-MONTERREY', 'VILLAVICENCIO', 1086),
(5639, 'RECORREDOR', 3896, 'VILLAVICENCIO-MONTERREY', 'VILLAVICENCIO', 1086),
(5644, 'SUPERVISOR', 3896, 'VILLAVICENCIO-TAURAMENA', 'VILLAVICENCIO', 1005),
(5645, 'VIGILANTE 1', 3896, 'VILLAVICENCIO-TAURAMENA', 'VILLAVICENCIO', 1005),
(5646, 'VIGILANTE  2', 3896, 'VILLAVICENCIO-TAURAMENA', 'VILLAVICENCIO', 1005),
(5648, 'VIGILANTE 4', 3896, 'VILLAVICENCIO-TAURAMENA', 'VILLAVICENCIO', 1005),
(5649, 'VIGILANTE  5', 3896, 'VILLAVICENCIO-TAURAMENA', 'VILLAVICENCIO', 1005),
(5654, 'BANCO FINAMERICA', 3900, 'VILLAVICENCIO-VILLAVICENCIO', 'VILLAVICENCIO', 9008),
(5658, 'VIGILANTE PORTERIA 1', 3943, 'VILLAVICENCIO-VILLAVICENCIO', 'VILLAVICENCIO', 1006),
(5662, 'LA NUEVA EPS VILLAVICENCIO', 3971, 'VILLAVICENCIO-VILLAVICENCIO', 'VILLAVICENCIO', 5166),
(5666, 'CONTROLADOR', 5388, 'VILLAVICENCIO-VILLAVICENCIO', 'VILLAVICENCIO', 3095),
(5667, 'BODEGA EXTENDIDA', 5388, 'VILLAVICENCIO-VILLAVICENCIO', 'VILLAVICENCIO', 10077),
(5668, 'JAULAS BODEGAS', 5388, 'VILLAVICENCIO-VILLAVICENCIO', 'VILLAVICENCIO', 3097),
(5673, 'SERVICIO VIGILANCIA', 5670, 'VILLAVICENCIO-CASTILLA LA NUEVA', 'VILLAVICENCIO', 1006),
(5678, 'ZONA DE BODEGA', 3773, 'TUNJA-YOPAL', 'TUNJA', 10048),
(5680, 'ZONA DE EQUIPAJE', 3773, 'TUNJA-YOPAL', 'TUNJA', 10048),
(5689, 'INGRESO RECEPCION', 3800, 'TUNJA-TIBASOSA', 'TUNJA', 1014),
(5691, 'ESPEJO DE AGUAS', 3800, 'TUNJA-TIBASOSA', 'TUNJA', 1014),
(5693, 'GUIA CANINO PUENTE ENTRADA VIA DUITAMA', 3800, 'TUNJA-TIBASOSA', 'TUNJA', 1000),
(5696, 'GUIA CANINO ENTRADA VIA SOGAMOSO', 3800, 'TUNJA-TIBASOSA', 'TUNJA', 1000),
(5697, 'PORTERIA VEHICULAR SALIDA 1', 3800, 'TUNJA-TIBASOSA', 'TUNJA', 1014),
(5700, 'SUPERVISOR OPERATIVO', 3800, 'TUNJA-TIBASOSA', 'TUNJA', 1000),
(5701, 'CCTV', 3800, 'TUNJA-TIBASOSA', 'TUNJA', 1014),
(5712, 'CD BARBOSA', 3800, 'TUNJA-PUENTE NACIONAL', 'TUNJA', 1014),
(5716, 'CENTRO DE DISTRIBUCION YOPAL', 3800, 'TUNJA-YOPAL', 'TUNJA', 1014),
(5717, 'ANALISTA DE SEGURIDAD', 3800, 'TUNJA-TIBASOSA', 'TUNJA', 10071),
(5718, 'CONTROL  PEATONAL YOPAL', 3800, 'TUNJA-YOPAL', 'TUNJA', 1014),
(5722, 'SUPERVISOR PATRULLA', 3833, 'TUNJA-TUNJA', 'TUNJA', 1000),
(5724, 'AUXILIAR DE PROGRAMACION', 3833, 'TUNJA-TUNJA', 'TUNJA', 10065),
(5725, 'SUPERVISOR', 3833, 'TUNJA-YOPAL', 'TUNJA', 1000),
(5726, 'DIRECTOR SUCURSAL VISE BOYACA', 3833, 'TUNJA-TUNJA', 'TUNJA', 10065),
(5764, 'PORTERIA COLONIAL COLONIAL', 5256, 'TUNJA-PAIPA', 'TUNJA', 5050),
(5765, 'CLUB NAUTICO', 5256, 'TUNJA-PAIPA', 'TUNJA', 5050),
(5767, 'PORTERIA HOTEL LANCEROS', 5256, 'TUNJA-PAIPA', 'TUNJA', 1006),
(5769, 'PORTERIA HOTEL COLONIAL', 5256, 'TUNJA-PAIPA', 'TUNJA', 5052),
(5771, 'RECORREDOR LANCEROS', 5256, 'TUNJA-PAIPA', 'TUNJA', 10039),
(5786, 'BBVA YOPAL', 3871, 'TUNJA-YOPAL', 'TUNJA', 7100),
(5790, 'OFICINA OCENSA', 3896, 'TUNJA-TUNJA', 'TUNJA', 1045),
(5795, 'PORTERIA CAMPAMENTO OCENSA', 3896, 'TUNJA-SORACÁ', 'TUNJA', 1045),
(5800, 'ENTACIÓN LA BELLEZA', 3896, 'TUNJA-LA BELLEZA', 'TUNJA', 1045),
(5805, 'PORTERIA INGRESO  PAEZ', 3896, 'TUNJA-PÁEZ', 'TUNJA', 1045),
(5806, 'ADMINISTRACION OFICINAS PAEZ', 3896, 'TUNJA-PÁEZ', 'TUNJA', 1086),
(5807, 'RECORREDOR INTERNO PAEZ', 3896, 'TUNJA-PÁEZ', 'TUNJA', 1045),
(5808, 'SUPERVISOR  OCENSA PAEZ', 3896, 'TUNJA-PÁEZ', 'TUNJA', 5099),
(5813, 'PORTERIA OCENSA MIRAFLOREZ', 3896, 'TUNJA-MIRAFLORES', 'TUNJA', 1086),
(5814, 'RECORREDOR OCENSA MIRAFLOREZ', 3896, 'TUNJA-MIRAFLORES', 'TUNJA', 1086),
(5818, 'PORTERIA PRINCIPAL', 5815, 'TUNJA-YOPAL', 'TUNJA', 1130),
(5819, 'RECORREDOR INTERNO UNO', 5815, 'TUNJA-YOPAL', 'TUNJA', 1130),
(5820, 'RECORREDOR DE ALOJAMIENTOS', 5815, 'TUNJA-YOPAL', 'TUNJA', 1130),
(5825, 'BANCOMPARTIR  TUNJA', 3900, 'TUNJA-TUNJA', 'TUNJA', 9008),
(5829, 'BANCOMPARTIR DUITAMA', 3900, 'TUNJA-DUITAMA', 'TUNJA', 9008),
(5833, 'BANCOMPARTIR SOGAMOSO', 3900, 'TUNJA-SOGAMOSO', 'TUNJA', 9008),
(5837, 'YOPAL', 3900, 'TUNJA-YOPAL', 'TUNJA', 9008),
(5842, 'BANCOMPARTIR MONIQUIRA', 3900, 'TUNJA-MONIQUIRÁ', 'TUNJA', 9014),
(5847, 'BAN COMPARTIR CHIQUINQUIRA', 3900, 'TUNJA-CHIQUINQUIRÁ', 'TUNJA', 9008),
(5856, 'PRIMAVERA UNO', 3925, 'TUNJA-TRINIDAD', 'TUNJA', 1164),
(5858, 'ACEITES UNO', 3925, 'TUNJA-TRINIDAD', 'TUNJA', 1164),
(5860, 'COORDINADORES DE VIGILANCIA', 3925, 'TUNJA-TRINIDAD', 'TUNJA', 1164),
(5864, 'PREMEZCLADOS HOLCIM TUNJA', 3943, 'TUNJA-TUNJA', 'TUNJA', 1006),
(5874, 'PREMEZCLADOS HOLCIM NOBSA', 3943, 'TUNJA-NOBSA', 'TUNJA', 1006),
(5902, 'NUEVA EPS YOPAL', 3971, 'TUNJA-YOPAL', 'TUNJA', 5203),
(5914, 'CAJA', 3773, 'CALI-PALMIRA', 'CALI', 1000),
(5916, 'PLATAFORMA 1', 3773, 'CALI-PALMIRA', 'CALI', 1000),
(5917, 'PLATAFORMA 2', 3773, 'CALI-PALMIRA', 'CALI', 1000),
(5918, 'PLATAFORMA 3', 3773, 'CALI-PALMIRA', 'CALI', 2008),
(5919, 'PLATAFORMA 4', 3773, 'CALI-PALMIRA', 'CALI', 2008),
(5920, 'PLATAFORMA 5', 3773, 'CALI-PALMIRA', 'CALI', 4004),
(5922, 'SUPERVISOR', 3773, 'CALI-PALMIRA', 'CALI', 1000),
(5925, 'COUNTER 1', 3773, 'CALI-PALMIRA', 'CALI', 9039),
(5926, 'COUNTER 2', 3773, 'CALI-PALMIRA', 'CALI', 9039),
(5928, 'SUPERVISOR CARGA Y CORREO ATO CLO', 3773, 'CALI-PALMIRA', 'CALI', 1000),
(5929, 'INSPECTOR - CUSTODIA CARGA Y CORREO ATO CLO 1', 3773, 'CALI-PALMIRA', 'CALI', 1000),
(5930, 'INSPECTOR - CUSTODIA CARGA Y CORREO ATO CLO 2', 3773, 'CALI-PALMIRA', 'CALI', 1000),
(5931, 'INSPECTOR - CUSTODIA CARGA Y CORREO EST CLO 1', 3773, 'CALI-PALMIRA', 'CALI', 1000),
(5933, 'SELECCION', 3773, 'CALI-PALMIRA', 'CALI', 3007),
(5934, 'BASE No 1', 3773, 'CALI-PALMIRA', 'CALI', 10103),
(5935, 'BASE No. 2', 3773, 'CALI-PALMIRA', 'CALI', 10103),
(5936, 'REFUERZO BASE No 1', 3773, 'CALI-PALMIRA', 'CALI', 10103);
INSERT INTO `puesto` (`id_puesto`, `nombre_puesto`, `cliente_id`, `direccion_puesto`, `ciudad`, `modalidad_id`) VALUES
(5937, 'REFUERZO BASE No 2', 3773, 'CALI-PALMIRA', 'CALI', 10103),
(5938, 'PERNOCTA VUELO AV 9744- AV 9745', 3773, 'CALI-PALMIRA', 'CALI', 9049),
(5942, 'BIOSENSOR ANTIEXPLOSIVOS ATO PSO', 3773, 'CALI-PALMIRA', 'CALI', 5052),
(5943, 'INSPECTOR - CUSTODIA CARGA Y CORREO EST PSO', 3773, 'CALI-PALMIRA', 'CALI', 5090),
(5945, 'BODEGA # 2', 3773, 'CALI-PALMIRA', 'CALI', 6022),
(5946, 'CONTROL CUSTODIA CARGA Y CORREO EST CLO', 3773, 'CALI-PALMIRA', 'CALI', 3147),
(5950, 'CD POPAYAN PORTERIA', 3800, 'CALI-PALMIRA', 'CALI', 1056),
(5951, 'VENTAS CALI PORTERIA VEHICULAR', 3800, 'CALI-PALMIRA', 'CALI', 1056),
(5953, 'VENTAS CALI OPERADOR DE MEDIOS CCTV', 3800, 'CALI-PALMIRA', 'CALI', 1056),
(5955, 'CD PASTO CATAMBUCO PEATONAL', 3800, 'CALI-PALMIRA', 'CALI', 1056),
(5956, 'CD PASTO CATAMBUCO RECORREDOR', 3800, 'CALI-PALMIRA', 'CALI', 1056),
(5968, 'AUX. PROGRAMACION & SISTEMAS', 3833, 'CALI-CALI', 'CALI', 10040),
(5969, 'SUPERVISOR MOTORIZADO CENTRO ORIENTE', 3833, 'CALI-CALI', 'CALI', 1090),
(5978, 'SUPERVISOR BUENAVENTURA', 3833, 'CALI-BUENAVENTURA', 'CALI', 1090),
(5983, 'SUPERVISOR PASTO', 3833, 'CALI-PASTO', 'CALI', 5165),
(5985, 'GERENTE REGIONAL OCCIDENTE', 3833, 'CALI-CALI', 'CALI', 10040),
(5988, 'ALMACEN BUGA', 3833, 'CALI-CALI', 'CALI', 10046),
(5989, 'ALMACEN PASTO', 3833, 'CALI-CALI', 'CALI', 10046),
(5990, 'ALMACEN TULUA', 3833, 'CALI-CALI', 'CALI', 10046),
(5993, 'SUPERVISOR BBVA', 3833, 'CALI-CALI', 'CALI', 10083),
(5998, 'SUPERVISOR IPIALES', 3833, 'CALI-IPIALES', 'CALI', 5054),
(5999, 'COORDINADOR 2', 3833, 'CALI-CALI', 'CALI', 10040),
(6004, 'REACCION Y REVISTA ZONA PUTUMAYO', 3833, 'CALI-ORITO', 'CALI', 5193),
(6005, 'COORDINADORA ADMINISTRATIVA', 3833, 'CALI-CALI', 'CALI', 10040),
(6007, 'SUPERVISOR MOTORIZADO SUR', 3833, 'CALI-CALI', 'CALI', 1090),
(6008, 'SUPERVISOR MOTORIZADO NORTE', 3833, 'CALI-CALI', 'CALI', 1090),
(6009, 'COORDINADOR ZONA BANCOS', 3833, 'CALI-CALI', 'CALI', 10040),
(6020, 'ANALISTA ADMINISTRATIVA', 3833, 'CALI-CALI', 'CALI', 10040),
(6025, 'SUPERVISOR MEDIA CANOA - LOBOGUERRERO', 3833, 'CALI-GUADALAJARA DE BUGA', 'CALI', 5193),
(6029, 'OFICINA JARDIN PLAZA', 3871, 'CALI-CALI', 'CALI', 10038),
(6031, 'SAN FERNANDO', 3871, 'CALI-CALI', 'CALI', 10065),
(6032, 'OFICINA PLAZA CAICEDO', 3871, 'CALI-CALI', 'CALI', 10065),
(6037, 'OFICINA PANAMERICA', 3871, 'CALI-POPAYÁN', 'CALI', 10065),
(6038, 'OFICINA CALLE 34', 3871, 'CALI-CALI', 'CALI', 10065),
(6044, 'PORTERIA', 6041, 'CALI-CALI', 'CALI', 5310),
(6049, 'PARQUEADERO RECORREDOR', 6045, 'CALI-CALI', 'CALI', 1056),
(6054, 'OPERADOR DE MEDIOS TECNOLOGICOS', 6051, 'CALI-YUMBO', 'CALI', 1056),
(6063, 'OF, NUEVA REGIONAL OCCIDENTE', 4422, 'CALI-CALI', 'CALI', 5010),
(6067, 'PORTERIA PARQUEADERO ADMINISTRATIVO', 6064, 'CALI-YUMBO', 'CALI', 1056),
(6068, 'PORTERIA SALIDA DEPOSITO', 6064, 'CALI-YUMBO', 'CALI', 1056),
(6070, 'ENTRADA PEATONAL FACTURACION', 6064, 'CALI-YUMBO', 'CALI', 1056),
(6071, 'SUPERVISOR OPERATIVO', 6064, 'CALI-YUMBO', 'CALI', 1056),
(6073, 'OPERADOR DE MEDIOS TECNOLOGICOS', 6064, 'CALI-YUMBO', 'CALI', 1056),
(6079, 'WOOD GROUP  PASTO', 5318, 'SERVICIO ARMADO-SERVICIO ARMADO', 'SERVICIO ARMADO', 1006),
(6088, 'OFICINAS DE VENTAS CALI', 6085, 'CALI-CALI', 'CALI', 6058),
(6092, 'ESCOLTA ACOMPAÑANTE', 6089, 'CALI-CALI', 'CALI', 5203),
(6096, 'SUPERVISOR CARGA', 4427, 'CALI-PALMIRA', 'CALI', 1134),
(6097, 'PORTERIA CARGA', 4427, 'CALI-PALMIRA', 'CALI', 1068),
(6099, 'LINEA 1 CARGA SECA 1', 4427, 'CALI-PALMIRA', 'CALI', 5051),
(6100, 'INSPECCION CARGA', 4427, 'CALI-PALMIRA', 'CALI', 7007),
(6101, 'IMPORTACIONES', 4427, 'CALI-PALMIRA', 'CALI', 10202),
(6103, 'BODEGA DE IMPORTACIONES', 4427, 'CALI-PALMIRA', 'CALI', 7007),
(6106, 'TRASLADO BODEGA IMPORTACIONES', 4427, 'CALI-PALMIRA', 'CALI', 10120),
(6111, 'ALFONSO LOPEZ', 3900, 'CALI-CALI', 'CALI', 9008),
(6112, 'EL POBLADO', 3900, 'CALI-CALI', 'CALI', 9008),
(6116, 'BUGA', 3900, 'CALI-GUADALAJARA DE BUGA', 'CALI', 9038),
(6120, 'PASTO', 3900, 'CALI-PASTO', 'CALI', 9008),
(6121, 'VERSALLES', 3900, 'CALI-CALI', 'CALI', 9008),
(6126, 'TULUA', 3900, 'CALI-TULUÁ', 'CALI', 9038),
(6130, 'IPIALES', 3900, 'CALI-IPIALES', 'CALI', 9008),
(6135, 'LOCAL TUQUERRES', 3900, 'CALI-TÚQUERRES', 'CALI', 9008),
(6139, 'OFICINA POPAYAN', 3900, 'CALI-POPAYÁN', 'CALI', 9008),
(6140, 'VIA SAN LUIS', 3900, 'CALI-IPIALES', 'CALI', 9008),
(6141, 'PLAZA CAICEDO', 3900, 'CALI-CALI', 'CALI', 9008),
(6142, 'OFICINA LA UNION', 3900, 'CALI-PASTO', 'CALI', 9008),
(6147, 'OFICINA MOCOA', 3900, 'CALI-MOCOA', 'CALI', 9008),
(6152, 'OFICINA TUMACO', 3900, 'CALI-SAN ANDRES DE TUMACO', 'CALI', 9008),
(6156, 'HIPODROMO DE VALLE', 6153, 'CALI-PALMIRA', 'CALI', 1006),
(6171, 'PORTERIA PRINCIPAL', 3938, 'CALI-YUMBO', 'CALI', 1120),
(6172, 'FIRMA', 3938, 'CALI-YUMBO', 'CALI', 1120),
(6173, 'BODEGA', 3938, 'CALI-YUMBO', 'CALI', 1120),
(6175, 'PARQUEADERO', 3938, 'CALI-YUMBO', 'CALI', 5051),
(6179, 'BUENAVENTURA', 3938, 'CALI-BUENAVENTURA', 'CALI', 1120),
(6180, 'ANALISTA DE SEGURIDAD DE FLOTA', 3938, 'CALI-YUMBO', 'CALI', 10040),
(6181, 'BUENAVENTURA RONDERO', 3938, 'CALI-BUENAVENTURA', 'CALI', 5052),
(6182, 'YUMBO RONDERO', 3938, 'CALI-YUMBO', 'CALI', 5052),
(6194, 'PALMIRA', 3943, 'CALI-PALMIRA', 'CALI', 1006),
(6203, 'CASS TELLEZ PILCUAN', 6200, 'CALI-IPIALES', 'CALI', 1006),
(6208, 'CAMPAMENTO PORTERIA EL TIGRE', 6200, 'CALI-ORITO', 'CALI', 1006),
(6212, 'OFICINAS ADMINISTRATIVAS LA HORMIGA', 6200, 'CALI-ORITO', 'CALI', 4054),
(6257, 'BUENAVENTURA', 3971, 'CALI-BUENAVENTURA', 'CALI', 5166),
(6261, 'ROOSEVELT', 3971, 'CALI-CALI', 'CALI', 5166),
(6265, 'MOCOA', 3971, 'CALI-MOCOA', 'CALI', 5166),
(6269, 'PALMIRA', 3971, 'CALI-PALMIRA', 'CALI', 5166),
(6273, 'PASTO', 3971, 'CALI-PASTO', 'CALI', 5166),
(6277, 'POPAYAN', 3971, 'CALI-POPAYÁN', 'CALI', 5166),
(6287, 'SANTANDER DE QUILICHAO', 3971, 'CALI-SANTANDER DE QUILICHAO', 'CALI', 5166),
(6291, 'TULUA', 3971, 'CALI-TULUÁ', 'CALI', 5166),
(6295, 'TUMACO', 3971, 'CALI-SAN ANDRES DE TUMACO', 'CALI', 5166),
(6300, 'PORTERIA PRINCIPAL', 6297, 'CALI-CALI', 'CALI', 1056),
(6308, 'PORTERIA 2 PROCAMPO', 4481, 'CALI-GUADALAJARA DE BUGA', 'CALI', 1140),
(6309, 'PORTERIA PLANTA PROCAMPO', 4481, 'CALI-GUADALAJARA DE BUGA', 'CALI', 1140),
(6310, 'RONDERO COSTADO SUR OCCIDENTAL PROCAMPO', 4481, 'CALI-GUADALAJARA DE BUGA', 'CALI', 1140),
(6311, 'PORTERIA EL SOCAL', 4481, 'CALI-GUADALAJARA DE BUGA', 'CALI', 1140),
(6312, 'RONDERO 1 BODEGA EL SOCAL', 4481, 'CALI-GUADALAJARA DE BUGA', 'CALI', 1140),
(6313, 'RONDERO 2 BODEGA EL SOCAL', 4481, 'CALI-GUADALAJARA DE BUGA', 'CALI', 1140),
(6314, 'LOTE MEDIA CANOA', 4481, 'CALI-GUADALAJARA DE BUGA', 'CALI', 1140),
(6326, 'VIADUCTO No. 2 KM 64 + 600', 5155, 'CALI-GUADALAJARA DE BUGA', 'CALI', 1006),
(6328, 'VIADUCTO No. 14 KM 104 + 200', 5155, 'CALI-GUADALAJARA DE BUGA', 'CALI', 1006),
(6333, 'TALLER PLANTA TIENDA NUEVA', 5155, 'CALI-PALMIRA', 'CALI', 1006),
(6334, 'PATIO PLANTA TIENDA NUEVA', 5155, 'CALI-PALMIRA', 'CALI', 1006),
(6336, 'PORTERIA DOS PLANTA TIENDA NUEVA', 5155, 'CALI-PALMIRA', 'CALI', 1006),
(6343, 'DRAGA ARENA KM 5 + 900', 5155, 'CALI-VILLA RICA', 'CALI', 1006),
(6344, 'FRESADO KM 3', 5155, 'CALI-VILLA RICA', 'CALI', 1006),
(6345, 'MOVIL KM 3', 5155, 'CALI-VILLA RICA', 'CALI', 5193),
(6349, 'PATIOS PLANTA LA ESTANCIA', 5155, 'CALI-YUMBO', 'CALI', 1006),
(6350, 'TALLERES PLANTA LA ESTANCIA|', 5155, 'CALI-YUMBO', 'CALI', 1006),
(6351, 'PORTERIA PLANTA LA ESTANCIA', 5155, 'CALI-YUMBO', 'CALI', 1006),
(6352, 'PATIO MAQUIRARIA PLAYA PLANTA LA ESTANCIA', 5155, 'CALI-YUMBO', 'CALI', 5193),
(6354, 'PORTERIA PLANTA ARAUCA KM 109 + 000', 5155, 'CALI-GUADALAJARA DE BUGA', 'CALI', 1006),
(6355, 'RONDERO PLANTA ARAUCA KM 109 + 000', 5155, 'CALI-GUADALAJARA DE BUGA', 'CALI', 1006),
(6358, 'VIADUCTO SANTA BARBARA ALTO KM 75+800', 5155, 'CALI-GUADALAJARA DE BUGA', 'CALI', 1006),
(6379, 'OPERADOR DE MEDIOS CCTV RECEPCION', 6376, 'CALI-YUMBO', 'CALI', 1056),
(6383, 'CENTRAL DE MONITOREO', 6380, 'CALI-CALI', 'CALI', 1084),
(6384, 'RECEPCION', 6380, 'CALI-CALI', 'CALI', 7045),
(6386, 'CHIPICHAPE BODEGA 2 PISO 3', 6380, 'CALI-CALI', 'CALI', 5003),
(6387, 'RECEPCION', 6380, 'CALI-CALI', 'CALI', 7045),
(6388, 'RECORREDOR CHIPICHAPE BODEGA 6 PISO 3', 6380, 'CALI-CALI', 'CALI', 1084),
(6389, 'VIGILANCIA SEDE SUR', 6380, 'CALI-CALI', 'CALI', 1084),
(6391, 'CHIPICHAPE BODEGA 2 PISO 4', 6380, 'CALI-CALI', 'CALI', 5203),
(6392, 'PUNTO DE RECAUDO SEDE SUR', 6380, 'CALI-CALI', 'CALI', 6059),
(6396, 'ESTACION INDEPENDENCIA', 6380, 'CALI-BUENAVENTURA', 'CALI', 1084),
(6397, 'ESTACION CALIMAR', 6380, 'CALI-BUENAVENTURA', 'CALI', 1084),
(6398, 'ESTACION EL PIÑAL', 6380, 'CALI-BUENAVENTURA', 'CALI', 1084),
(6402, 'ESTACION VIRTUAL', 6380, 'CALI-PALMIRA', 'CALI', 1084),
(6406, 'ESTACION DE REGULACION', 6380, 'CALI-PUERTO TEJADA', 'CALI', 1084),
(6410, 'CITY GATE', 6380, 'CALI-SANTANDER DE QUILICHAO', 'CALI', 1084),
(6416, 'ESCOLTAS (2) GERENCIA GENERAL', 6380, 'CALI-CALI', 'CALI', 5052),
(6425, 'VERSA', 6422, 'CALI-CALI', 'CALI', 1084),
(6429, 'GUAITARILLA', 6426, 'CALI-PASTO', 'CALI', 1006),
(6431, 'GUIA CANINO COUNTER', 3773, 'CALI-PALMIRA', 'CALI', 9039),
(6432, 'MANEJADOR CANINO BODEGA', 3773, 'CALI-PALMIRA', 'CALI', 6022),
(6433, 'BIOSENSOR ANTIEXPLOSIVOS EST CLO', 3773, 'CALI-PALMIRA', 'CALI', 5090),
(6437, 'GUIA CANINO RECORREDOR-EXPORTACIONES', 6376, 'CALI-YUMBO', 'CALI', 1056),
(6458, 'SUPERVISOR PERMANENTE 24H', 3773, 'MEDELLIN-RIONEGRO', 'MEDELLIN', 1006),
(6459, 'CAJA NACIONAL', 3773, 'MEDELLIN-RIONEGRO', 'MEDELLIN', 3004),
(6460, 'PLATAFORMA 1', 3773, 'MEDELLIN-RIONEGRO', 'MEDELLIN', 1144),
(6461, 'PLATAFORMA 2', 3773, 'MEDELLIN-RIONEGRO', 'MEDELLIN', 1144),
(6462, 'PLATAFORMA 3', 3773, 'MEDELLIN-RIONEGRO', 'MEDELLIN', 1144),
(6463, 'PLATAFORMA 4', 3773, 'MEDELLIN-RIONEGRO', 'MEDELLIN', 1144),
(6464, 'SUPERVISOR CARGA Y CORREO ATO MDE', 3773, 'MEDELLIN-RIONEGRO', 'MEDELLIN', 1012),
(6465, 'INSPECTOR - CUSTODIA CARGA Y CORREO ATO MDE 1', 3773, 'MEDELLIN-RIONEGRO', 'MEDELLIN', 1144),
(6466, 'INSPECTOR - CUSTODIA CARGA Y CORREO ATO MDE 2', 3773, 'MEDELLIN-RIONEGRO', 'MEDELLIN', 1144),
(6467, 'CONEXIONES SELECCION', 3773, 'MEDELLIN-RIONEGRO', 'MEDELLIN', 1144),
(6468, 'BANDA SELECCION', 3773, 'MEDELLIN-RIONEGRO', 'MEDELLIN', 1144),
(6469, 'ARMERILLO NACIONAL', 3773, 'MEDELLIN-RIONEGRO', 'MEDELLIN', 3001),
(6470, 'ARCO 2 SALIDA', 3773, 'MEDELLIN-RIONEGRO', 'MEDELLIN', 1144),
(6471, 'VEHICULAR', 3773, 'MEDELLIN-RIONEGRO', 'MEDELLIN', 1144),
(6472, 'HANGAR 1', 3773, 'MEDELLIN-RIONEGRO', 'MEDELLIN', 1144),
(6473, 'HANGAR 2', 3773, 'MEDELLIN-RIONEGRO', 'MEDELLIN', 1144),
(6474, 'HANGAR 3', 3773, 'MEDELLIN-RIONEGRO', 'MEDELLIN', 1144),
(6475, 'HANGAR 4', 3773, 'MEDELLIN-RIONEGRO', 'MEDELLIN', 1144),
(6476, 'CAMARAS', 3773, 'MEDELLIN-RIONEGRO', 'MEDELLIN', 1006),
(6477, 'PANTALLA INGRESO', 3773, 'MEDELLIN-RIONEGRO', 'MEDELLIN', 1144),
(6478, 'ARCO 2 INGRESO', 3773, 'MEDELLIN-RIONEGRO', 'MEDELLIN', 1144),
(6479, 'PANTALLA SALIDA', 3773, 'MEDELLIN-RIONEGRO', 'MEDELLIN', 1144),
(6480, 'SUPERVISOR', 3773, 'MEDELLIN-RIONEGRO', 'MEDELLIN', 1006),
(6484, 'INSPECTOR - CUSTODIA CARGA Y CORREO EST MDE 1', 3773, 'MEDELLIN-MEDELLIN', 'MEDELLIN', 1144),
(6485, 'MOSTRADOR', 3773, 'MEDELLIN-RIONEGRO', 'MEDELLIN', 5052),
(6486, 'REFUERZO BODEGA GUAYABAL', 3773, 'MEDELLIN-MEDELLIN', 'MEDELLIN', 3147),
(6487, 'REJA COSTADO NORTE MRO- PLATAFORMA 8 EDIFICIO', 3773, 'MEDELLIN-RIONEGRO', 'MEDELLIN', 1144),
(6489, 'PLATAFORMA 5', 3773, 'MEDELLIN-RIONEGRO', 'MEDELLIN', 1144),
(6490, 'PLATAFORMA 6', 3773, 'MEDELLIN-RIONEGRO', 'MEDELLIN', 3128),
(6491, 'PLATAFORMA 7', 3773, 'MEDELLIN-RIONEGRO', 'MEDELLIN', 3128),
(6495, 'TECNICO EN GERENCIA DE TECNOLO', 3833, 'MEDELLIN-MEDELLIN', 'MEDELLIN', 10040),
(6497, 'SUPERVISOR ZONA  SUR', 3833, 'MEDELLIN-MEDELLIN', 'MEDELLIN', 1144),
(6498, 'MISIONES', 3833, 'MEDELLIN-MEDELLIN', 'MEDELLIN', 10058),
(6499, 'SUPERVISOR ZONA CENTRO', 3833, 'MEDELLIN-MEDELLIN', 'MEDELLIN', 1144),
(6500, 'COORDINACION RADIO', 3833, 'MEDELLIN-MEDELLIN', 'MEDELLIN', 1144),
(6503, 'COORDINADOR DE PROGRAMACION', 3833, 'MEDELLIN-MEDELLIN', 'MEDELLIN', 10040),
(6504, 'DISPONIBLE POR ENFERMEDAD', 3833, 'MEDELLIN-MEDELLIN', 'MEDELLIN', 3095),
(6505, 'GERENTE SUCURSAL', 3833, 'MEDELLIN-MEDELLIN', 'MEDELLIN', 10040),
(6507, 'DISPONIBLES VISE', 3833, 'MEDELLIN-MEDELLIN', 'MEDELLIN', 1152),
(6510, 'DISPONIBLE VISE', 3833, 'MEDELLIN-MEDELLIN', 'MEDELLIN', 1152),
(6513, 'SUPERVISOR ZONA OCCIDENTE', 3833, 'MEDELLIN-MEDELLIN', 'MEDELLIN', 1144),
(6514, 'SUPERVISOR ZONA POBLADO', 3833, 'MEDELLIN-MEDELLIN', 'MEDELLIN', 1144),
(6515, 'SUPERVISOR ZONA NORTE', 3833, 'MEDELLIN-MEDELLIN', 'MEDELLIN', 1144),
(6527, 'SUPERVISOR NUCLEO AGRONOMIA-VOLADOR', 3833, 'MEDELLIN-MEDELLIN', 'MEDELLIN', 1050),
(6529, 'RECEPCION OF.VISE', 3833, 'MEDELLIN-MEDELLIN', 'MEDELLIN', 5206),
(6532, 'DISPONIBLE EMBARAZADA', 3833, 'MEDELLIN-MEDELLIN', 'MEDELLIN', 10042),
(6534, 'ANALISTA ADMINISTRATIVA', 3833, 'MEDELLIN-MEDELLIN', 'MEDELLIN', 10040),
(6544, 'BACKUP 1', 3833, 'MEDELLIN-MEDELLIN', 'MEDELLIN', 10045),
(6546, 'BACKUP 3', 3833, 'MEDELLIN-MEDELLIN', 'MEDELLIN', 10052),
(6554, 'SERVICIO FARMACEUTICO MAC SURA', 5256, 'MEDELLIN-MEDELLIN', 'MEDELLIN', 5239),
(6649, 'ITAGUI ( ANT )', 3871, 'MEDELLIN-MEDELLIN', 'MEDELLIN', 10073),
(6650, 'OFICINA POBLADO', 3871, 'MEDELLIN-MEDELLIN', 'MEDELLIN', 10073),
(6651, 'OFICINA PALACE', 3871, 'MEDELLIN-MEDELLIN', 'MEDELLIN', 10073),
(6652, 'OFICINA AV.LA PLAYA', 3871, 'MEDELLIN-MEDELLIN', 'MEDELLIN', 10073),
(6653, 'OF.ENVIGADO', 3871, 'MEDELLIN-MEDELLIN', 'MEDELLIN', 10073),
(6654, 'OFICINA AV.COLOMBIA', 3871, 'MEDELLIN-MEDELLIN', 'MEDELLIN', 10073),
(6655, 'OFICINA PRINCIPAL', 3871, 'MEDELLIN-MEDELLIN', 'MEDELLIN', 10200),
(6657, 'OF.LAS VEGAS', 3871, 'MEDELLIN-MEDELLIN', 'MEDELLIN', 10201),
(6658, 'OF.LA AMERICA', 3871, 'MEDELLIN-MEDELLIN', 'MEDELLIN', 10073),
(6659, 'OFICINA COLTEJER', 3871, 'MEDELLIN-MEDELLIN', 'MEDELLIN', 9097),
(6663, 'TANQUES FILTROS', 4801, 'MEDELLIN-MEDELLIN', 'MEDELLIN', 1006),
(6665, 'PORTERIA CLUB', 4801, 'MEDELLIN-MEDELLIN', 'MEDELLIN', 1006),
(6666, 'PORTERIA PEATONAL', 4801, 'MEDELLIN-MEDELLIN', 'MEDELLIN', 1006),
(6667, 'PORTERIA VEHICULAR', 4801, 'MEDELLIN-MEDELLIN', 'MEDELLIN', 1006),
(6668, 'SUPERVISORES DE CCTV', 4801, 'MEDELLIN-MEDELLIN', 'MEDELLIN', 1006),
(6669, 'REQUISA VEHICULO UNO', 4801, 'MEDELLIN-MEDELLIN', 'MEDELLIN', 1006),
(6671, 'GUIA CANINO', 4801, 'MEDELLIN-MEDELLIN', 'MEDELLIN', 1006),
(6672, 'PARQUEADERO NO. 3', 4801, 'MEDELLIN-MEDELLIN', 'MEDELLIN', 1006),
(6673, 'SUPERVISOR OPERATIVO', 4801, 'MEDELLIN-MEDELLIN', 'MEDELLIN', 1006),
(6678, 'CD APARTADO', 4801, 'MEDELLIN-APARTADÓ', 'MEDELLIN', 1006),
(6683, 'CD CAUCASIA', 4801, 'MEDELLIN-CAUCASIA', 'MEDELLIN', 1006),
(6688, 'VALVULA EL POLLO', 3896, 'MEDELLIN-REMEDIOS', 'MEDELLIN', 1087),
(6689, 'PORTERIA 1', 3896, 'MEDELLIN-REMEDIOS', 'MEDELLIN', 1087),
(6690, 'MOVIL 2', 3896, 'MEDELLIN-REMEDIOS', 'MEDELLIN', 1087),
(6694, 'PORTERIA', 3896, 'MEDELLIN-CAUCASIA', 'MEDELLIN', 1087),
(6695, 'MOVIL 1', 3896, 'MEDELLIN-CAUCASIA', 'MEDELLIN', 1087),
(6696, 'MOVIL 2', 3896, 'MEDELLIN-CAUCASIA', 'MEDELLIN', 1087),
(6702, 'PATIO 2', 3896, 'MEDELLIN-PUERTO BERRÍO', 'MEDELLIN', 1087),
(6704, 'MOVIL 3 EL CHIQUILLO', 3896, 'MEDELLIN-REMEDIOS', 'MEDELLIN', 1087),
(6705, 'SUPERVISOR EL CHIQUILLO', 3896, 'MEDELLIN-REMEDIOS', 'MEDELLIN', 5052),
(6706, 'MOVIL 4', 3896, 'MEDELLIN-REMEDIOS', 'MEDELLIN', 1087),
(6707, 'SUPERVISOR PUERTO BERRIO', 3896, 'MEDELLIN-PUERTO BERRÍO', 'MEDELLIN', 5052),
(6717, 'OF. REGIONAL MEDELLIN', 4422, 'MEDELLIN-MEDELLIN', 'MEDELLIN', 7000),
(6721, 'BODEGA OVIEDO', 6718, 'MEDELLIN-MEDELLIN', 'MEDELLIN', 5026),
(6722, 'LOCAL C C OVIEDO', 6718, 'MEDELLIN-MEDELLIN', 'MEDELLIN', 5054),
(6730, 'PORTERIA', 6727, 'MEDELLIN-MEDELLIN', 'MEDELLIN', 7037),
(6735, 'COPA AIRLINES ALMACENTRO', 6085, 'MEDELLIN-MEDELLIN', 'MEDELLIN', 7021),
(6740, 'PORTERIA BASE', 4427, 'MEDELLIN-RIONEGRO', 'MEDELLIN', 1144),
(6741, 'PLATAFORMA HANGAR', 4427, 'MEDELLIN-RIONEGRO', 'MEDELLIN', 1144),
(6742, 'PORTERIA HANGAR', 4427, 'MEDELLIN-RIONEGRO', 'MEDELLIN', 1144),
(6743, 'PLATAFORMA', 4427, 'MEDELLIN-RIONEGRO', 'MEDELLIN', 1144),
(6744, 'ZONA CERO', 4427, 'MEDELLIN-RIONEGRO', 'MEDELLIN', 1144),
(6745, 'CONTROL AERONAVES SERV', 4427, 'MEDELLIN-RIONEGRO', 'MEDELLIN', 1144),
(6746, 'IMPORTACIONES', 4427, 'MEDELLIN-RIONEGRO', 'MEDELLIN', 5075),
(6747, 'AUXILIAR ADMINISTRATIVO', 4427, 'MEDELLIN-RIONEGRO', 'MEDELLIN', 7048),
(6748, 'SUPERVISOR LIDER', 4427, 'MEDELLIN-RIONEGRO', 'MEDELLIN', 5056),
(6749, 'SCANER RAYOS X LINEA 5 FLOR', 4427, 'MEDELLIN-RIONEGRO', 'MEDELLIN', 5074),
(6750, 'SCANER RAYOS X  LINEA 7 FLOR', 4427, 'MEDELLIN-RIONEGRO', 'MEDELLIN', 5089),
(6751, 'SCANER RAYOS X LINEA 9', 4427, 'MEDELLIN-RIONEGRO', 'MEDELLIN', 7106),
(6753, 'CCTV BASE', 4427, 'MEDELLIN-RIONEGRO', 'MEDELLIN', 10116),
(6755, 'LINEA 4 FLOR/ATENCION VUELO WEEKLY', 4427, 'MEDELLIN-RIONEGRO', 'MEDELLIN', 2033),
(6756, 'LINEA 6 FLOR/ATENCION VUELO WEEKLY', 4427, 'MEDELLIN-RIONEGRO', 'MEDELLIN', 2033),
(6757, 'CONTROL COOLER/ATENCION VUELO', 4427, 'MEDELLIN-RIONEGRO', 'MEDELLIN', 2033),
(6758, 'COOLER', 4427, 'MEDELLIN-RIONEGRO', 'MEDELLIN', 3104),
(6760, 'REVISION DOCUMENTOS CARGA SECA', 4427, 'MEDELLIN-RIONEGRO', 'MEDELLIN', 5051),
(6763, 'GRUPO CHIA 2', 4427, 'MEDELLIN-RIONEGRO', 'MEDELLIN', 10098),
(6765, 'REVISION DOCUMENTOS FLOR', 4427, 'MEDELLIN-RIONEGRO', 'MEDELLIN', 10116),
(6766, 'PALETIZACION CARGA SECA', 4427, 'MEDELLIN-RIONEGRO', 'MEDELLIN', 10116),
(6767, 'INSPECCION CARGA SECA 2', 4427, 'MEDELLIN-RIONEGRO', 'MEDELLIN', 10116),
(6772, 'WEEKLY 2 HANGAR', 4427, 'MEDELLIN-RIONEGRO', 'MEDELLIN', 10999),
(6773, 'COMEDOR MANTENIMIENTO', 4427, 'MEDELLIN-RIONEGRO', 'MEDELLIN', 4123),
(6782, 'OFICINA BELEN', 3900, 'MEDELLIN-MEDELLIN', 'MEDELLIN', 9008),
(6783, 'OFICINA SAUCES', 3900, 'MEDELLIN-MEDELLIN', 'MEDELLIN', 9008),
(6784, 'OFICINA ITAGUI', 3900, 'MEDELLIN-MEDELLIN', 'MEDELLIN', 9008),
(6789, 'OFICINA DE QUIBDO BALCONES DEL ATRACTO', 3900, 'MEDELLIN-QUIBDÓ', 'MEDELLIN', 9008),
(6798, 'CD APARTADO', 6795, 'MEDELLIN-APARTADÓ', 'MEDELLIN', 1006),
(6819, 'EXXON RONDERO PLANTA', 3938, 'MEDELLIN-BELLO', 'MEDELLIN', 5132),
(6820, 'EXXON MOVIL PORTERIA PLANTA', 3938, 'MEDELLIN-BELLO', 'MEDELLIN', 1144),
(6821, 'PATIO 2', 3938, 'MEDELLIN-BELLO', 'MEDELLIN', 1144),
(6822, 'AD.PORTERIA', 3938, 'MEDELLIN-BELLO', 'MEDELLIN', 5064),
(6827, 'BOMBA GUAYABAL', 3938, 'MEDELLIN-MEDELLIN', 'MEDELLIN', 1144),
(6832, 'SERVICIO DE AGENTE', 6183, 'MEDELLIN-MEDELLIN', 'MEDELLIN', 10048),
(6837, 'MEDELLIN SERVICIO', 6834, 'MEDELLIN-MEDELLIN', 'MEDELLIN', 10048),
(6841, 'BODEGA BELLO', 3943, 'MEDELLIN-BELLO', 'MEDELLIN', 1144),
(6857, 'MINICENTRAL AGUA FRESCA', 6854, 'MEDELLIN-FREDONIA', 'MEDELLIN', 1007),
(6870, 'REGIONAL QUIBDO', 3971, 'MEDELLIN-QUIBDÓ', 'MEDELLIN', 5166),
(6874, 'REGIONAL RIONEGRO', 3971, 'MEDELLIN-RIONEGRO', 'MEDELLIN', 5166),
(6878, 'PUNTO DE LA ORIENTAL', 3971, 'MEDELLIN-MEDELLIN', 'MEDELLIN', 5176),
(6879, 'REGIONAL PUNTO DE ATENCION', 3971, 'MEDELLIN-MEDELLIN', 'MEDELLIN', 5166),
(6890, 'RONDERO', 6885, 'MEDELLIN-MEDELLIN', 'MEDELLIN', 1144),
(6891, 'SALA DE VENTAS', 6885, 'MEDELLIN-MEDELLIN', 'MEDELLIN', 5052),
(6895, 'ESTACION TASAJERAS', 6892, 'MEDELLIN-MEDELLIN', 'MEDELLIN', 1006),
(6896, 'BODEGA TASAJERAS', 6892, 'MEDELLIN-MEDELLIN', 'MEDELLIN', 1006),
(6900, 'ESTACION SEBASTOPOL', 6892, 'MEDELLIN-PUERTO BERRÍO', 'MEDELLIN', 1006),
(6910, 'TALLERES', 3998, 'MEDELLIN-MEDELLIN', 'MEDELLIN', 5252),
(7129, 'TALLER SAN DIEGO', 7126, 'MEDELLIN-MEDELLIN', 'MEDELLIN', 3127),
(7130, 'TALLER LAS VEGAS', 7126, 'MEDELLIN-MEDELLIN', 'MEDELLIN', 4159),
(7132, 'AUTOKOREANA-HYUNDAI PALACE', 7126, 'MEDELLIN-MEDELLIN', 'MEDELLIN', 5003),
(7136, 'SEDE LAURELES', 7133, 'MEDELLIN-MEDELLIN', 'MEDELLIN', 4126),
(7138, 'GUIA CANINO', 3773, 'MEDELLIN-RIONEGRO', 'MEDELLIN', 1144),
(7166, 'RECEPCION NOTICIAS FLORESTA (A', 7163, 'BOGOTA-BOGOTÁ D.C.', 'BOGOTA', 1052),
(7170, 'CARACOL TV MOVIL 2', 7163, 'BOGOTA-BOGOTÁ D.C.', 'BOGOTA', 5043),
(7171, 'CARACOL TV MOVIL 3', 7163, 'BOGOTA-BOGOTÁ D.C.', 'BOGOTA', 5043),
(7172, 'CARACOL TV MOVIL 4', 7163, 'BOGOTA-BOGOTÁ D.C.', 'BOGOTA', 5043),
(7173, 'CARACOL TV MOVIL 5', 7163, 'BOGOTA-BOGOTÁ D.C.', 'BOGOTA', 5043),
(7177, 'COORDINADOR AVIANCA (A)', 3773, 'BOGOTA-BOGOTÁ D.C.', 'BOGOTA', 10040),
(7180, 'PORTERIA VEHICULAR MANTO', 3773, 'BOGOTA-BOGOTÁ D.C.', 'BOGOTA', 1009),
(7182, 'ARMERILLO EDR DOM 2', 3773, 'BOGOTA-BOGOTÁ D.C.', 'BOGOTA', 1009),
(7183, 'MANTO MALLA OCCIDENTAL HANGAR', 3773, 'BOGOTA-BOGOTÁ D.C.', 'BOGOTA', 1009),
(7185, 'MANTENIMIENTO LINEA', 3773, 'BOGOTA-BOGOTÁ D.C.', 'BOGOTA', 1009),
(7186, 'INGRESO HANGAR 1', 3773, 'BOGOTA-BOGOTÁ D.C.', 'BOGOTA', 1009),
(7187, 'ADICIONAL HANGAR 2 AVIONES', 3773, 'BOGOTA-BOGOTÁ D.C.', 'BOGOTA', 1009),
(7188, 'TALLER REACTORES', 3773, 'BOGOTA-BOGOTÁ D.C.', 'BOGOTA', 1009),
(7189, 'PORTERIA VEHICULAR MANTO 1', 3773, 'BOGOTA-BOGOTÁ D.C.', 'BOGOTA', 1009),
(7190, 'CENTRAL DE COMUNICACIONES', 3773, 'BOGOTA-BOGOTÁ D.C.', 'BOGOTA', 1009),
(7191, 'ENTRADA VP INGENIERIA', 3773, 'BOGOTA-BOGOTÁ D.C.', 'BOGOTA', 1009),
(7192, 'INGRESO HANGAR 2_1', 3773, 'BOGOTA-BOGOTÁ D.C.', 'BOGOTA', 1009),
(7194, 'ASISCOM INTER', 3773, 'BOGOTA-BOGOTÁ D.C.', 'BOGOTA', 1009),
(7195, 'BODEGA SERVICIOS A BORDO 2', 3773, 'BOGOTA-BOGOTÁ D.C.', 'BOGOTA', 1009),
(7196, 'CAJA TPA', 3773, 'BOGOTA-BOGOTÁ D.C.', 'BOGOTA', 1009),
(7197, 'MANTENIMIENTO TERCEROS', 3773, 'BOGOTA-BOGOTÁ D.C.', 'BOGOTA', 1009),
(7198, 'SIMON BOLIVAR PORTERIA', 3773, 'BOGOTA-BOGOTÁ D.C.', 'BOGOTA', 1009),
(7199, 'FILTRO SALIDA MANTENIMIENTO 1', 3773, 'BOGOTA-BOGOTÁ D.C.', 'BOGOTA', 1009),
(7200, 'LOTE PORTERIA CALLE 13', 3773, 'BOGOTA-BOGOTÁ D.C.', 'BOGOTA', 1009),
(7201, 'LOTE PORTERIA HB', 3773, 'BOGOTA-BOGOTÁ D.C.', 'BOGOTA', 1009),
(7202, 'RECORREDOR MOTORIZADO LOTE AVIANCA', 3773, 'BOGOTA-BOGOTÁ D.C.', 'BOGOTA', 1009),
(7203, 'RAMPA 21', 3773, 'BOGOTA-BOGOTÁ D.C.', 'BOGOTA', 1009),
(7204, 'RAMPA 22', 3773, 'BOGOTA-BOGOTÁ D.C.', 'BOGOTA', 1009),
(7205, 'RAMPA 23', 3773, 'BOGOTA-BOGOTÁ D.C.', 'BOGOTA', 1009),
(7207, 'RAMPA 25', 3773, 'BOGOTA-BOGOTÁ D.C.', 'BOGOTA', 1009),
(7209, 'RAMPA 27', 3773, 'BOGOTA-BOGOTÁ D.C.', 'BOGOTA', 1009),
(7210, 'RAMPA 28', 3773, 'BOGOTA-BOGOTÁ D.C.', 'BOGOTA', 1009),
(7212, 'BIOSENSOR AVIONES EDR NARC', 3773, 'BOGOTA-BOGOTÁ D.C.', 'BOGOTA', 1009),
(7213, 'CCTV', 3773, 'BOGOTA-BOGOTÁ D.C.', 'BOGOTA', 1018),
(7214, 'MOLINETES INGRESO', 3773, 'BOGOTA-BOGOTÁ D.C.', 'BOGOTA', 1009),
(7215, 'ESCANER INGRESO', 3773, 'BOGOTA-BOGOTÁ D.C.', 'BOGOTA', 1009),
(7216, 'BODEGA HDQ INTER', 3773, 'BOGOTA-BOGOTÁ D.C.', 'BOGOTA', 1009),
(7217, 'SIMULADOR DE VUELO', 3773, 'BOGOTA-BOGOTÁ D.C.', 'BOGOTA', 1009),
(7218, 'APOYO CAV', 3773, 'BOGOTA-BOGOTÁ D.C.', 'BOGOTA', 10058),
(7219, 'CONEXIONES SELECCION TPA', 3773, 'BOGOTA-BOGOTÁ D.C.', 'BOGOTA', 1009),
(7233, 'Supervisor conductor Rampa', 3833, 'BOGOTA-BOGOTÁ D.C.', 'BOGOTA', 1009),
(7234, 'CONTROL - CUSTODIA CARGA Y CORREO TPA', 3773, 'BOGOTA-BOGOTÁ D.C.', 'BOGOTA', 1009),
(7236, 'CONTROL Y CUSTODIA BODEGA ALAMOS', 3773, 'BOGOTA-BOGOTÁ D.C.', 'BOGOTA', 1009),
(7238, 'OPERADOR DE MEDIOS TECNOLOGICOS 3', 3773, 'BOGOTA-BOGOTÁ D.C.', 'BOGOTA', 1004),
(7239, 'INSPECTOR CARGA Y CORREO PV HUB', 3773, 'BOGOTA-BOGOTÁ D.C.', 'BOGOTA', 1009),
(7240, 'INSPECTOR CARGA HUB', 3773, 'BOGOTA-BOGOTÁ D.C.', 'BOGOTA', 1009),
(7241, 'ESCOLTA Y CUSTODIA EDR 2', 3773, 'BOGOTA-BOGOTÁ D.C.', 'BOGOTA', 1009),
(7242, 'SUPERVISOR PLATAFORMA TPA', 3773, 'BOGOTA-BOGOTÁ D.C.', 'BOGOTA', 1009),
(7245, 'OPERADOR DE MEDIOS TECNOLOGICOS 2', 3773, 'BOGOTA-BOGOTÁ D.C.', 'BOGOTA', 1004),
(7246, 'SUPERVISOR PLATAFORMA EDR', 3773, 'BOGOTA-BOGOTÁ D.C.', 'BOGOTA', 1004),
(7248, 'INSPECTOR - CUSTODIA CARGA Y CORREO ATO ADZ', 3773, 'BOGOTA-SAN ANDRÉS', 'BOGOTA', 1006),
(7249, 'CONTROL ACCESO PLATAFORMA HUB', 3773, 'BOGOTA-BOGOTÁ D.C.', 'BOGOTA', 1009),
(7252, 'OVER SIDE INTER', 3773, 'BOGOTA-BOGOTÁ D.C.', 'BOGOTA', 1009),
(7253, 'CANDADOS SELECCION INTER', 3773, 'BOGOTA-BOGOTÁ D.C.', 'BOGOTA', 3107),
(7254, 'Supervisor Servicio Abordo', 3833, 'BOGOTA-BOGOTÁ D.C.', 'BOGOTA', 5064),
(7255, 'INGRESO HUELLAS', 3773, 'BOGOTA-BOGOTÁ D.C.', 'BOGOTA', 1009),
(7257, 'SALIDA MANTENIMIENTO EXTERIOR', 3773, 'BOGOTA-BOGOTÁ D.C.', 'BOGOTA', 1009),
(7258, 'RECEPCION MANTO EXTERIOR', 3773, 'BOGOTA-BOGOTÁ D.C.', 'BOGOTA', 3063),
(7260, 'FILTRO SALIDA MANTENIMIENTO', 3773, 'BOGOTA-BOGOTÁ D.C.', 'BOGOTA', 1009),
(7262, 'CARRO DE GOLF', 3773, 'BOGOTA-BOGOTÁ D.C.', 'BOGOTA', 1009),
(7263, 'SUPERVISOR CARGA Y CORREO HUB', 3773, 'BOGOTA-BOGOTÁ D.C.', 'BOGOTA', 1009),
(7265, 'CONDUCTOR MOVIL GAP', 3773, 'BOGOTA-BOGOTÁ D.C.', 'BOGOTA', 1009),
(7266, 'DEPRISA SAN ANDRES', 3773, 'BOGOTA-SAN ANDRÉS', 'BOGOTA', 1006),
(7267, 'DEPRISA SAN ANDRES 2', 3773, 'BOGOTA-SAN ANDRÉS', 'BOGOTA', 3026),
(7268, 'RECORREDOR SELECCION TPA', 3773, 'BOGOTA-BOGOTÁ D.C.', 'BOGOTA', 2011),
(7269, 'RAMPA 11', 3773, 'BOGOTA-BOGOTÁ D.C.', 'BOGOTA', 1009),
(7271, 'SALA PILOTOS', 3773, 'BOGOTA-BOGOTÁ D.C.', 'BOGOTA', 1009),
(7276, 'PLATAFORMA 1 LETICIA', 3773, 'BOGOTA-LETICIA', 'BOGOTA', 10045),
(7281, 'LOCKER ASISTENCIA EN TIERRA EDR', 3773, 'BOGOTA-BOGOTÁ D.C.', 'BOGOTA', 1009),
(7282, 'INADMITIDOS Y DEPORTADOS', 3773, 'BOGOTA-BOGOTÁ D.C.', 'BOGOTA', 1009),
(7284, 'ESCOLTA Y CUSTODIA EDR 4', 3773, 'BOGOTA-BOGOTÁ D.C.', 'BOGOTA', 1009),
(7294, 'OPERATIVO GAP', 3773, 'BOGOTA-BOGOTÁ D.C.', 'BOGOTA', 1009),
(7295, 'REVISION AJE NAL-BANDAS 10-11', 3773, 'BOGOTA-BOGOTÁ D.C.', 'BOGOTA', 1009),
(7296, 'BANDA SELECCION N° 10', 3773, 'BOGOTA-BOGOTÁ D.C.', 'BOGOTA', 2006),
(7298, 'ARMERILLO TPA 1', 3773, 'BOGOTA-BOGOTÁ D.C.', 'BOGOTA', 1009),
(7299, 'ARMERILLO TPA 2', 3773, 'BOGOTA-BOGOTÁ D.C.', 'BOGOTA', 1009),
(7300, 'MOVIL FRONTIER', 3833, 'BOGOTA-BOGOTÁ D.C.', 'BOGOTA', 1009),
(7302, 'RAMPA 18', 3773, 'BOGOTA-BOGOTÁ D.C.', 'BOGOTA', 3092),
(7303, 'RAMPA 19', 3773, 'BOGOTA-BOGOTÁ D.C.', 'BOGOTA', 3005),
(7304, 'RAMPA 20', 3773, 'BOGOTA-BOGOTÁ D.C.', 'BOGOTA', 3093),
(7305, 'ESCOLTA Y CUSTODIA EDR 5', 3773, 'BOGOTA-BOGOTÁ D.C.', 'BOGOTA', 1009),
(7306, 'PEATONAL HANGAR 1', 3773, 'BOGOTA-BOGOTÁ D.C.', 'BOGOTA', 1009),
(7307, 'RAMPA 29', 3773, 'BOGOTA-BOGOTÁ D.C.', 'BOGOTA', 1009),
(7308, 'RAMPA 30', 3773, 'BOGOTA-BOGOTÁ D.C.', 'BOGOTA', 1009),
(7309, 'RAMPA 31', 3773, 'BOGOTA-BOGOTÁ D.C.', 'BOGOTA', 1009),
(7310, 'RAMPA 32', 3773, 'BOGOTA-BOGOTÁ D.C.', 'BOGOTA', 1009),
(7312, 'CAJA PRINCIPAL EDR', 3773, 'BOGOTA-BOGOTÁ D.C.', 'BOGOTA', 1009),
(7313, 'INSPECTOR DE CARGA Y CORREO HUB 1', 3773, 'BOGOTA-BOGOTÁ D.C.', 'BOGOTA', 1009),
(7315, 'OPERADOR DE MEDIOS TECNOLOGICOS 1', 3773, 'BOGOTA-BOGOTÁ D.C.', 'BOGOTA', 1004),
(7316, 'CONTROL ACCESO BODEGA CARGA HUB', 3773, 'BOGOTA-BOGOTÁ D.C.', 'BOGOTA', 1009),
(7317, 'LINDEROS HANFAR SIMON BOLIBAR', 3773, 'BOGOTA-BOGOTÁ D.C.', 'BOGOTA', 1009),
(7318, 'BANDA SELECCION N° 7 CORTE PLASTICO', 3773, 'BOGOTA-BOGOTÁ D.C.', 'BOGOTA', 2010),
(7319, 'RAMPA 33', 3773, 'BOGOTA-BOGOTÁ D.C.', 'BOGOTA', 1068),
(7320, 'RAMPA 46', 3773, 'BOGOTA-BOGOTÁ D.C.', 'BOGOTA', 3108),
(7321, 'BANDAS SELECCION N°1-2', 3773, 'BOGOTA-BOGOTÁ D.C.', 'BOGOTA', 2007),
(7323, 'RAMPA DIURNO 35', 3773, 'BOGOTA-BOGOTÁ D.C.', 'BOGOTA', 3083),
(7325, 'BANDA SELECCION N° 4', 3773, 'BOGOTA-BOGOTÁ D.C.', 'BOGOTA', 3108),
(7326, 'BANDA SELECCION N° 5', 3773, 'BOGOTA-BOGOTÁ D.C.', 'BOGOTA', 1009),
(7327, 'BANDA SELECCION N° 6-7', 3773, 'BOGOTA-BOGOTÁ D.C.', 'BOGOTA', 3108),
(7328, 'BANDA SELECCION N 11', 3773, 'BOGOTA-BOGOTÁ D.C.', 'BOGOTA', 2007),
(7329, 'BANDAS N° 10-11', 3773, 'BOGOTA-BOGOTÁ D.C.', 'BOGOTA', 2009),
(7334, 'INGRESO FUNCIONARIOS SELECCION TPA', 3773, 'BOGOTA-BOGOTÁ D.C.', 'BOGOTA', 2011),
(7339, 'PARQUEADERO EXTERNO MANTENIMIE', 3773, 'BOGOTA-BOGOTÁ D.C.', 'BOGOTA', 3086),
(7340, 'RAMPA 41', 3773, 'BOGOTA-BOGOTÁ D.C.', 'BOGOTA', 3074),
(7345, 'RAMPA 12', 3773, 'BOGOTA-BOGOTÁ D.C.', 'BOGOTA', 1009),
(7347, 'REJA COPA', 3773, 'BOGOTA-BOGOTÁ D.C.', 'BOGOTA', 1009),
(7350, 'REZAGOS 1', 3773, 'BOGOTA-BOGOTÁ D.C.', 'BOGOTA', 1009),
(7355, 'RAMPA 44', 3773, 'BOGOTA-BOGOTÁ D.C.', 'BOGOTA', 3074),
(7356, 'RAMPA 45', 3773, 'BOGOTA-BOGOTÁ D.C.', 'BOGOTA', 3074),
(7358, 'RAMPA 49', 3773, 'BOGOTA-BOGOTÁ D.C.', 'BOGOTA', 2008),
(7359, 'RAMPA 50', 3773, 'BOGOTA-BOGOTÁ D.C.', 'BOGOTA', 2008),
(7360, 'RAMPA 51', 3773, 'BOGOTA-BOGOTÁ D.C.', 'BOGOTA', 2008),
(7361, 'RAMPA 52', 3773, 'BOGOTA-BOGOTÁ D.C.', 'BOGOTA', 2008),
(7364, 'SUPERVISOR', 3773, 'BOGOTA-BOGOTÁ D.C.', 'BOGOTA', 1005),
(7365, 'Atención ingreso y salida Vehículos', 3773, 'BOGOTA-BOGOTÁ D.C.', 'BOGOTA', 1009),
(7366, 'Atención Ingreso salida Vehicular con Arma', 3773, 'BOGOTA-BOGOTÁ D.C.', 'BOGOTA', 1009),
(7367, 'OPERADORES CCTV  1', 3773, 'BOGOTA-BOGOTÁ D.C.', 'BOGOTA', 1005),
(7368, 'RAMPA 1', 3773, 'BOGOTA-BOGOTÁ D.C.', 'BOGOTA', 1009),
(7369, 'RAMPA 2', 3773, 'BOGOTA-BOGOTÁ D.C.', 'BOGOTA', 1009),
(7370, 'RAMPA 3', 3773, 'BOGOTA-BOGOTÁ D.C.', 'BOGOTA', 1009),
(7371, 'RAMPA 4', 3773, 'BOGOTA-BOGOTÁ D.C.', 'BOGOTA', 1009),
(7372, 'RAMPA 5', 3773, 'BOGOTA-BOGOTÁ D.C.', 'BOGOTA', 1005),
(7373, 'RAMPA 6', 3773, 'BOGOTA-BOGOTÁ D.C.', 'BOGOTA', 1009),
(7374, 'RAMPA 7', 3773, 'BOGOTA-BOGOTÁ D.C.', 'BOGOTA', 1005),
(7376, 'RAMPA 9', 3773, 'BOGOTA-BOGOTÁ D.C.', 'BOGOTA', 1005),
(7377, 'RAMPA 10', 3773, 'BOGOTA-BOGOTÁ D.C.', 'BOGOTA', 1005),
(7378, 'RAMPA 13', 3773, 'BOGOTA-BOGOTÁ D.C.', 'BOGOTA', 3093),
(7379, 'RAMPA 14', 3773, 'BOGOTA-BOGOTÁ D.C.', 'BOGOTA', 3093),
(7382, 'RAMPA 47', 3773, 'BOGOTA-BOGOTÁ D.C.', 'BOGOTA', 2025),
(7388, 'SEGURIDAD CEO', 3773, 'BOGOTA-BOGOTÁ D.C.', 'BOGOTA', 9012),
(7391, 'ESCOLTA 1', 3773, 'BOGOTA-BOGOTÁ D.C.', 'BOGOTA', 1009),
(7392, 'ESCOLTA 2', 3773, 'BOGOTA-BOGOTÁ D.C.', 'BOGOTA', 1009),
(7395, 'ESCOLTA Y CUSTODIA DE CARGA', 3773, 'BOGOTA-BOGOTÁ D.C.', 'BOGOTA', 3014),
(7401, 'SUPERVISOR CAV', 3773, 'BOGOTA-BOGOTÁ D.C.', 'BOGOTA', 1009),
(7402, 'OPERADOR CCTV 2', 3773, 'BOGOTA-BOGOTÁ D.C.', 'BOGOTA', 5055),
(7403, 'Maquina Rx', 3773, 'BOGOTA-BOGOTÁ D.C.', 'BOGOTA', 3014),
(7404, 'Atención Molinetes', 3773, 'BOGOTA-BOGOTÁ D.C.', 'BOGOTA', 3014),
(7407, 'Atención Molinetes', 3773, 'BOGOTA-BOGOTÁ D.C.', 'BOGOTA', 3014),
(7408, 'LOBBY', 3773, 'BOGOTA-BOGOTÁ D.C.', 'BOGOTA', 3014),
(7411, 'PARQUEADERO CAV NUEVO', 3773, 'BOGOTA-BOGOTÁ D.C.', 'BOGOTA', 3014),
(7412, 'GUIA CANINO', 3773, 'BOGOTA-BOGOTÁ D.C.', 'BOGOTA', 4032),
(7413, 'INGRESO VEHICULAR', 3773, 'BOGOTA-BOGOTÁ D.C.', 'BOGOTA', 1009),
(7418, 'CASINO', 3800, 'BOGOTA-TOCANCIPÁ', 'BOGOTA', 1009),
(7419, 'SUPERVISOR TIBITO', 3800, 'BOGOTA-TOCANCIPÁ', 'BOGOTA', 1009),
(7424, 'TALANQUERA ALSACIA SALIDA', 3800, 'BOGOTA-BOGOTÁ D.C.', 'BOGOTA', 1009),
(7425, 'MALLA PERIMETRAL COSTADO SUR OOCIDENTAL', 3800, 'BOGOTA-BOGOTÁ D.C.', 'BOGOTA', 5095),
(7426, 'SUPERVISOR OPERATIVO TECHO', 3800, 'BOGOTA-BOGOTÁ D.C.', 'BOGOTA', 1009),
(7428, 'CONTROL ENTRADA PERSONAL RECEPCION', 3800, 'BOGOTA-BOGOTÁ D.C.', 'BOGOTA', 1009),
(7429, 'RECEPCION PISO 2 SABMILLER', 3800, 'BOGOTA-BOGOTÁ D.C.', 'BOGOTA', 1009),
(7432, 'PORTERIA No 1 AUTO SUR', 3800, 'BOGOTA-BOGOTÁ D.C.', 'BOGOTA', 1009),
(7433, 'SUPERVISOR CLL 127', 3800, 'BOGOTA-BOGOTÁ D.C.', 'BOGOTA', 1009),
(7434, 'PORTERIA CLIENTES ESPECIALES LITORAL', 3800, 'BOGOTA-BOGOTÁ D.C.', 'BOGOTA', 1009),
(7435, 'PARQUEADERO CLIENTES ESPECIALE LITORAL', 3800, 'BOGOTA-BOGOTÁ D.C.', 'BOGOTA', 1009),
(7436, 'PORTERIA PROMOCIONES LITORAL', 3800, 'BOGOTA-BOGOTÁ D.C.', 'BOGOTA', 1009),
(7437, 'VIGILANTE N. VARA SUR', 3800, 'BOGOTA-BOGOTÁ D.C.', 'BOGOTA', 1009),
(7438, 'VIGILANTE N.4 ENTRADA CUBICAJE', 3800, 'BOGOTA-BOGOTÁ D.C.', 'BOGOTA', 1009),
(7440, 'SUPERVISOR LEONA MOTORIZADO', 3800, 'BOGOTA-BOGOTÁ D.C.', 'BOGOTA', 1009),
(7441, 'VIGILANTE N.18 CONTROL ACCESO', 3800, 'BOGOTA-BOGOTÁ D.C.', 'BOGOTA', 5052),
(7442, 'VIGILANTE N.15 RECORREDOR UNO', 3800, 'BOGOTA-BOGOTÁ D.C.', 'BOGOTA', 1009),
(7443, 'VIGILANTE N.10 TANQUE DE CRUDO', 3800, 'BOGOTA-BOGOTÁ D.C.', 'BOGOTA', 1009),
(7444, 'OPERADOR DE MEDIOS TECNOLOGICOS', 3800, 'BOGOTA-BOGOTÁ D.C.', 'BOGOTA', 1009),
(7445, 'BANCO AUTO SUR', 3800, 'BOGOTA-BOGOTÁ D.C.', 'BOGOTA', 5089),
(7446, 'REFUERZO BANCO AUTOSUR', 3800, 'BOGOTA-BOGOTÁ D.C.', 'BOGOTA', 5089),
(7447, 'VIGILANTES  Nº 9 ARCOS', 3800, 'BOGOTA-BOGOTÁ D.C.', 'BOGOTA', 1009),
(7448, 'ENTRADA CAMIONES LITORAL', 3800, 'BOGOTA-BOGOTÁ D.C.', 'BOGOTA', 1009),
(7449, 'OPERADOR DE MEDIOS TECNOLOGICOS', 3800, 'BOGOTA-BOGOTÁ D.C.', 'BOGOTA', 1009),
(7450, 'RECEPCION', 3800, 'BOGOTA-BOGOTÁ D.C.', 'BOGOTA', 1009),
(7453, 'CLUB SOCIAL NOCTURNO', 3800, 'BOGOTA-BOGOTÁ D.C.', 'BOGOTA', 5050),
(7454, 'RECORREDOR DIVISION DIURNO', 3800, 'BOGOTA-BOGOTÁ D.C.', 'BOGOTA', 5064),
(7458, 'AUXLIAR BASCULA ( APOYO SALA CONTROL)', 3800, 'BOGOTA-BOGOTÁ D.C.', 'BOGOTA', 5052),
(7459, 'PORTERIA No 2 AUTO SUR', 3800, 'BOGOTA-BOGOTÁ D.C.', 'BOGOTA', 1009),
(7460, 'INGENIERO SOPORTE NACIONAL', 3800, 'BOGOTA-BOGOTÁ D.C.', 'BOGOTA', 10040),
(7461, 'REFUERZO PORTERIA PRINCIPAL', 3800, 'BOGOTA-BOGOTÁ D.C.', 'BOGOTA', 5089),
(7462, 'TOCANCIPA (BANCOLOMBIA)', 3800, 'BOGOTA-BOGOTÁ D.C.', 'BOGOTA', 5060),
(7466, 'SAN ANDRES', 3800, 'BOGOTA-SAN ANDRÉS', 'BOGOTA', 1006),
(7467, 'ENTRADA VEHICULOS', 3800, 'BOGOTA-BOGOTÁ D.C.', 'BOGOTA', 5052),
(7469, 'ANALISTA DE SEGURIDAD', 3800, 'BOGOTA-BOGOTÁ D.C.', 'BOGOTA', 10071),
(7470, 'ANALISTA DE SEGURIDAD', 3800, 'BOGOTA-BOGOTÁ D.C.', 'BOGOTA', 10071),
(7471, 'VP RH CONSERJERIA 2', 3800, 'BOGOTA-BOGOTÁ D.C.', 'BOGOTA', 10043),
(7472, 'OPERADOR DE MEDIOS TECNOLOGICOS', 3800, 'BOGOTA-TOCANCIPÁ', 'BOGOTA', 1000),
(7473, 'SALA DE CONTROL SUPERVISOR', 3800, 'BOGOTA-BOGOTÁ D.C.', 'BOGOTA', 1009),
(7474, 'PROYECTO 4T (1)', 3800, 'BOGOTA-BOGOTÁ D.C.', 'BOGOTA', 1000),
(7476, 'SUPERVISOR SALA DE RADIO', 3833, 'BOGOTA-BOGOTÁ D.C.', 'BOGOTA', 1074),
(7477, 'PORTERIA CENTRAL', 3833, 'BOGOTA-BOGOTÁ D.C.', 'BOGOTA', 1074),
(7478, 'JEFE DPTO.DE INTENDENCIA', 3833, 'BOGOTA-BOGOTÁ D.C.', 'BOGOTA', 10040),
(7483, 'SUPERVISOR FUSAGASUGA', 3833, 'GIRARDOT-FUSAGASUGÁ', 'GIRARDOT', 3016),
(7484, 'AUXILIAR ADMINISTRATIVA', 3833, 'BOGOTA-BOGOTÁ D.C.', 'BOGOTA', 10040),
(7485, 'ANALISTA DE NOMINA', 3833, 'BOGOTA-BOGOTÁ D.C.', 'BOGOTA', 10040),
(7488, 'GERENTE GENERAL', 3833, 'BOGOTA-BOGOTÁ D.C.', 'BOGOTA', 10040),
(7489, 'ESCOLTA GERENCIA GENERAL', 3833, 'BOGOTA-BOGOTÁ D.C.', 'BOGOTA', 10040),
(7490, 'AUXILIAR DE ALMACEN', 3833, 'BOGOTA-BOGOTÁ D.C.', 'BOGOTA', 10040),
(7491, 'DIRECTOR GESTION HUMANA', 3833, 'BOGOTA-BOGOTÁ D.C.', 'BOGOTA', 10040),
(7493, 'COORDINADOR DE LICITACIONES', 3833, 'BOGOTA-BOGOTÁ D.C.', 'BOGOTA', 10040),
(7494, 'ANALISTA CALIDAD AVIANCA', 3833, 'BOGOTA-BOGOTÁ D.C.', 'BOGOTA', 10040),
(7495, 'JEFE DE CARTERA', 3833, 'BOGOTA-BOGOTÁ D.C.', 'BOGOTA', 10040),
(7497, 'JEFE DE SERVICIOS GENERALES', 3833, 'BOGOTA-BOGOTÁ D.C.', 'BOGOTA', 10040),
(7498, 'AUXILIAR DE TESORERIA', 3833, 'BOGOTA-BOGOTÁ D.C.', 'BOGOTA', 10040),
(7499, 'JEFE DE COMPRAS', 3833, 'BOGOTA-BOGOTÁ D.C.', 'BOGOTA', 10040),
(7501, 'MENSAJERO DE TESORERIA', 3833, 'BOGOTA-BOGOTÁ D.C.', 'BOGOTA', 10040),
(7505, 'GERENTE COMERCIAL', 3833, 'BOGOTA-BOGOTÁ D.C.', 'BOGOTA', 10040),
(7507, 'GERENTE FINANCIERO', 3833, 'BOGOTA-BOGOTÁ D.C.', 'BOGOTA', 10040),
(7509, 'COORDINADOR(A) JURIDICA', 3833, 'BOGOTA-BOGOTÁ D.C.', 'BOGOTA', 10040),
(7510, 'AUXILIAR ADMINISTRATIVO', 3833, 'BOGOTA-BOGOTÁ D.C.', 'BOGOTA', 10040),
(7512, 'AUXILIAR ADMINISTRATIVO', 3833, 'BOGOTA-BOGOTÁ D.C.', 'BOGOTA', 10040),
(7513, 'AUXILIAR ADMINISTRATIVO', 3833, 'BOGOTA-BOGOTÁ D.C.', 'BOGOTA', 10040),
(7514, 'JEFE DE SEGURIDAD INFORMATICA', 3833, 'BOGOTA-BOGOTÁ D.C.', 'BOGOTA', 10040),
(7515, 'GERENTE DE TECNOLOGIA', 3833, 'BOGOTA-BOGOTÁ D.C.', 'BOGOTA', 10040),
(7516, 'AUXILIAR DE TECNOLOGIA', 3833, 'BOGOTA-BOGOTÁ D.C.', 'BOGOTA', 10040),
(7517, 'COORDINADOR VARIOS', 3833, 'BOGOTA-BOGOTÁ D.C.', 'BOGOTA', 10040),
(7525, 'AISISTENTE GERENCIA GENERAL', 3833, 'BOGOTA-BOGOTÁ D.C.', 'BOGOTA', 10040),
(7526, 'AUXILIAR CONTABLE', 3833, 'BOGOTA-BOGOTÁ D.C.', 'BOGOTA', 10040),
(7530, 'SUPERVISOR (ENCARGADO)', 3833, 'BOGOTA-SAN ANDRÉS', 'BOGOTA', 5034),
(7531, 'MOTORIZADO COMPENSAR', 3833, 'BOGOTA-BOGOTÁ D.C.', 'BOGOTA', 1066),
(7533, 'MENSAJERO DE CARTERA', 3833, 'BOGOTA-BOGOTÁ D.C.', 'BOGOTA', 10040),
(7534, 'VISE PARQUEADERO', 3833, 'BOGOTA-BOGOTÁ D.C.', 'BOGOTA', 1074),
(7535, 'ANALISTA DE INVESTIGACIONES', 3833, 'BOGOTA-BOGOTÁ D.C.', 'BOGOTA', 10040),
(7537, 'MENSAJERO TECNOLOGIA', 3833, 'BOGOTA-BOGOTÁ D.C.', 'BOGOTA', 10040),
(7543, 'MENSAJERO PERSONAL', 3833, 'BOGOTA-BOGOTÁ D.C.', 'BOGOTA', 10040),
(7544, 'AUXILIAR DE TECNOLOGIA', 3833, 'BOGOTA-BOGOTÁ D.C.', 'BOGOTA', 10040),
(7545, 'ANALISTA DE CONTABILIDAD', 3833, 'BOGOTA-BOGOTÁ D.C.', 'BOGOTA', 10040),
(7546, 'COORDINADOR VARIOS', 3833, 'BOGOTA-BOGOTÁ D.C.', 'BOGOTA', 10040),
(7549, 'REENTRENAMIENTO GUIAS CANINOS', 3833, 'BOGOTA-BOGOTÁ D.C.', 'BOGOTA', 1000),
(7553, 'SUPERVISOR MOVIL AVIANCA', 3833, 'BOGOTA-BOGOTÁ D.C.', 'BOGOTA', 1009),
(7556, 'GERENTE ADMINISTRATIVO', 3833, 'BOGOTA-BOGOTÁ D.C.', 'BOGOTA', 10040),
(7561, 'SUPERVISORES CANDELARIA DOS', 3833, 'BOGOTA-BOGOTÁ D.C.', 'BOGOTA', 1102),
(7566, 'SUPERVISOR CENTRO', 3833, 'BOGOTA-BOGOTÁ D.C.', 'BOGOTA', 5174),
(7569, 'JEFE DE SERVICIO AL CLIENTE', 3833, 'BOGOTA-BOGOTÁ D.C.', 'BOGOTA', 10040),
(7573, 'AUXILIAR ADMINISTRATIVA', 3833, 'BOGOTA-BOGOTÁ D.C.', 'BOGOTA', 10040),
(7574, 'DIRECTOR DE PROYECTO', 3833, 'BOGOTA-BOGOTÁ D.C.', 'BOGOTA', 10040),
(7575, 'JEFE DE MEJORAMIENTO', 3833, 'BOGOTA-BOGOTÁ D.C.', 'BOGOTA', 10040),
(7577, 'SUPERVISOR MOTORIZADO PUESTOS VARIOS', 3833, 'BOGOTA-BOGOTÁ D.C.', 'BOGOTA', 1102),
(7591, 'SUPERVISORUNISALLE SEDE CENTRO', 3833, 'BOGOTA-BOGOTÁ D.C.', 'BOGOTA', 5173),
(7594, 'GERENTE DE LOGISTICA', 3833, 'BOGOTA-BOGOTÁ D.C.', 'BOGOTA', 10040),
(7595, 'COORDINADOR OPERATIVO', 3833, 'BOGOTA-BOGOTÁ D.C.', 'BOGOTA', 10040),
(7597, 'INVESTIGADOR', 3833, 'BOGOTA-BOGOTÁ D.C.', 'BOGOTA', 10040),
(7603, 'MOVIL BANCO POPULAR', 3833, 'BOGOTA-BOGOTÁ D.C.', 'BOGOTA', 1135),
(7604, 'OPERADOR MEDIOS TECNOLOGICOS 1', 3833, 'BOGOTA-BOGOTÁ D.C.', 'BOGOTA', 1058),
(7615, 'APRENDIZ SENA ETAPA PRODUCTIVA', 3833, 'BOGOTA-BOGOTÁ D.C.', 'BOGOTA', 10040),
(7618, 'AUXILIAR DE CREDITOS', 3833, 'BOGOTA-BOGOTÁ D.C.', 'BOGOTA', 10040),
(7621, 'RECEPCIONISTA OFICINA PRINCIPAL', 3833, 'BOGOTA-BOGOTÁ D.C.', 'BOGOTA', 10042),
(7622, 'RELEVO DE ALMUERZO COMPENSAR', 3833, 'BOGOTA-BOGOTÁ D.C.', 'BOGOTA', 7069),
(7623, 'SUPERVISOR COLSUBSIDIO', 3833, 'BOGOTA-BOGOTÁ D.C.', 'BOGOTA', 4002),
(7630, 'COMAND CENTER VISE LTDA', 3833, 'BOGOTA-BOGOTÁ D.C.', 'BOGOTA', 5056),
(7633, 'COORDINARDOR OPERACIONES', 3833, 'BOGOTA-BOGOTÁ D.C.', 'BOGOTA', 10040),
(7636, 'AUXILIAR ADMINISTRATIVA', 3833, 'BOGOTA-BOGOTÁ D.C.', 'BOGOTA', 10040),
(7638, 'AUXILIAR ADMINISTRATIVO', 3833, 'BOGOTA-BOGOTÁ D.C.', 'BOGOTA', 10040),
(7653, 'RELEVO DE ALMUERZO BAVARIA', 3833, 'BOGOTA-BOGOTÁ D.C.', 'BOGOTA', 10075),
(7656, 'ANALISTA DE DISCILPLINA', 3833, 'BOGOTA-BOGOTÁ D.C.', 'BOGOTA', 10040),
(7657, 'JEFE DE SALUD OCUPACIONAL', 3833, 'BOGOTA-BOGOTÁ D.C.', 'BOGOTA', 10040),
(7659, 'AUDITOR INTERNO', 3833, 'BOGOTA-BOGOTÁ D.C.', 'BOGOTA', 10040),
(7662, 'ANALISTA ADMINISTRATIVA', 3833, 'BOGOTA-BOGOTÁ D.C.', 'BOGOTA', 10040),
(7663, 'COORDINADOR OPERACIONES', 3833, 'BOGOTA-BOGOTÁ D.C.', 'BOGOTA', 10040),
(7665, 'ANALISTA ADMINISTRATIVO', 3833, 'BOGOTA-BOGOTÁ D.C.', 'BOGOTA', 10040),
(7666, 'ANALISTA ADMINISTRATIVO', 3833, 'BOGOTA-BOGOTÁ D.C.', 'BOGOTA', 10040),
(7670, 'RELEVO ALMUERZO TIBITO', 3833, 'BOGOTA-TOCANCIPÁ', 'BOGOTA', 10097),
(7673, 'AUX. ADMINISTRATIVO', 3833, 'BOGOTA-BOGOTÁ D.C.', 'BOGOTA', 10040),
(7677, 'APRENDIZ SENA', 3833, 'BOGOTA-BOGOTÁ D.C.', 'BOGOTA', 10040),
(7680, 'RELEVO DE ALMUERZO TOCANCIPA', 3833, 'BOGOTA-BOGOTÁ D.C.', 'BOGOTA', 3023),
(7681, 'COORDINADOR DE OPERACIONES', 3833, 'BOGOTA-BOGOTÁ D.C.', 'BOGOTA', 10040),
(7689, 'AUXILIAR ADMINISTRATIVO', 3833, 'BOGOTA-BOGOTÁ D.C.', 'BOGOTA', 10040),
(7697, 'AUXILIAR ADMINISTRATIVO', 3833, 'BOGOTA-BOGOTÁ D.C.', 'BOGOTA', 10040),
(7707, 'COORDINADOR NOMINA', 3833, 'BOGOTA-BOGOTÁ D.C.', 'BOGOTA', 10040),
(7708, 'RELEVO DE ALMUERZO CUBO COLSUB', 3833, 'BOGOTA-BOGOTÁ D.C.', 'BOGOTA', 10048),
(7713, 'COORDINADOR DE OPERACIONES', 3833, 'BOGOTA-BOGOTÁ D.C.', 'BOGOTA', 10040),
(7721, 'COORDINADOR DE OPERACIONES', 3833, 'BOGOTA-BOGOTÁ D.C.', 'BOGOTA', 10040),
(7724, 'AUXILIAR DE TECNOLOGIA', 3833, 'BOGOTA-BOGOTÁ D.C.', 'BOGOTA', 10040),
(7728, 'ANALISTA ADMINISTRATIVO', 3833, 'BOGOTA-BOGOTÁ D.C.', 'BOGOTA', 10040),
(7732, 'DIRECTOR DE PROYECTO', 3833, 'BOGOTA-BOGOTÁ D.C.', 'BOGOTA', 10165),
(7733, 'SUPERVISOR DE PROGRAMACION', 3833, 'BOGOTA-BOGOTÁ D.C.', 'BOGOTA', 10040),
(7734, 'ANALISTA DE CALIDAD', 3833, 'BOGOTA-BOGOTÁ D.C.', 'BOGOTA', 10162),
(7742, 'DIRECTOR JURIDICO COMERCIAL', 3833, 'BOGOTA-BOGOTÁ D.C.', 'BOGOTA', 10040),
(7746, 'REVISORA FISCAL', 3833, 'BOGOTA-BOGOTÁ D.C.', 'BOGOTA', 10040),
(7747, 'COORDINADOR DE OPERACIONES', 3833, 'BOGOTA-BOGOTÁ D.C.', 'BOGOTA', 10040),
(7748, 'JEFE DE CAPACITACION', 3833, 'BOGOTA-BOGOTÁ D.C.', 'BOGOTA', 10040),
(7763, 'AGOGADO AREA COMERCIAL', 3833, 'BOGOTA-BOGOTÁ D.C.', 'BOGOTA', 10040),
(7765, 'AUXILIAR ADMINISTRATIVO', 3833, 'BOGOTA-BOGOTÁ D.C.', 'BOGOTA', 10042),
(7767, 'APRENDIZ SENA', 3833, 'BOGOTA-BOGOTÁ D.C.', 'BOGOTA', 10040),
(7769, 'ESCOLTA VIP AVIANCA UNO', 3833, 'BOGOTA-BOGOTÁ D.C.', 'BOGOTA', 7003),
(7773, 'ESCOLTA VIP CINCO', 3833, 'BOGOTA-BOGOTÁ D.C.', 'BOGOTA', 7003),
(7775, 'ESCOLTA VIP AVIANCA 7', 3833, 'BOGOTA-BOGOTÁ D.C.', 'BOGOTA', 7003),
(7787, 'AUXILIAR LOGISTICO UNO', 3833, 'BOGOTA-BOGOTÁ D.C.', 'BOGOTA', 1076),
(7791, 'ANALISTA ADMINISTRATIVO', 3833, 'BOGOTA-BOGOTÁ D.C.', 'BOGOTA', 10040),
(7794, 'ANALISTA ADMINISTRATIVO', 3833, 'BOGOTA-BOGOTÁ D.C.', 'BOGOTA', 10040),
(7795, 'INSTRUCTOR CANINIO', 3833, 'BOGOTA-BOGOTÁ D.C.', 'BOGOTA', 10040),
(7800, 'SUPERVISOR RAMPA', 3833, 'BOGOTA-BOGOTÁ D.C.', 'BOGOTA', 1009),
(7825, 'SCHNEIDER', 3833, 'BOGOTA-BOGOTÁ D.C.', 'BOGOTA', 10043),
(7829, 'INTRUCTOR', 3833, 'BOGOTA-BOGOTÁ D.C.', 'BOGOTA', 10040),
(7830, 'INSTRUCTOR', 3833, 'BOGOTA-BOGOTÁ D.C.', 'BOGOTA', 10040),
(7831, 'ANALISTA ADMINISTRATIVA', 3833, 'BOGOTA-BOGOTÁ D.C.', 'BOGOTA', 10040),
(7834, 'APOYO PARQUEADERO 1', 3833, 'BOGOTA-BOGOTÁ D.C.', 'BOGOTA', 1000),
(7843, 'COORDINADOR DE SISTEMAS', 3833, 'BOGOTA-BOGOTÁ D.C.', 'BOGOTA', 10040),
(7844, 'COORDINADOR DE OPERACIONES', 3833, 'BOGOTA-BOGOTÁ D.C.', 'BOGOTA', 10040),
(7850, 'CONDUCTOR', 3833, 'BOGOTA-BOGOTÁ D.C.', 'BOGOTA', 10040),
(7853, 'AUXILIAR ADMINISTRATIVO (A)', 3833, 'BOGOTA-BOGOTÁ D.C.', 'BOGOTA', 10042),
(7860, 'APRENDIZ ETAPA PRODUCTIVA', 3833, 'BOGOTA-BOGOTÁ D.C.', 'BOGOTA', 10042),
(7883, 'ANALISTA ADMINISTRATIVO(A)', 3833, 'BOGOTA-BOGOTÁ D.C.', 'BOGOTA', 10042),
(7892, 'RELEVOS DE ALMUIERZOS 1 TAMPA', 3833, 'BOGOTA-BOGOTÁ D.C.', 'BOGOTA', 10048),
(7894, 'PARQUEADERO 2', 3833, 'BOGOTA-BOGOTÁ D.C.', 'BOGOTA', 1009),
(7902, 'APOYO COMMAND CENTER', 3833, 'BOGOTA-BOGOTÁ D.C.', 'BOGOTA', 1005),
(7904, 'RESTRICCIONES 1', 3833, 'BOGOTA-BOGOTÁ D.C.', 'BOGOTA', 10045),
(7905, 'RESTRICCIONES 2', 3833, 'BOGOTA-BOGOTÁ D.C.', 'BOGOTA', 5255),
(7906, 'RESTRICCIONES 3', 3833, 'BOGOTA-BOGOTÁ D.C.', 'BOGOTA', 10045),
(7908, 'RESTRICCIONES 5', 3833, 'BOGOTA-BOGOTÁ D.C.', 'BOGOTA', 10045),
(7909, 'RESTRICCIONES 6', 3833, 'BOGOTA-BOGOTÁ D.C.', 'BOGOTA', 10045),
(7910, 'RESTRICCIONES 7', 3833, 'BOGOTA-BOGOTÁ D.C.', 'BOGOTA', 10045),
(7912, 'RESTRICCIONES 9', 3833, 'BOGOTA-BOGOTÁ D.C.', 'BOGOTA', 10045),
(7913, 'RESTRICCIONES 10', 3833, 'BOGOTA-BOGOTÁ D.C.', 'BOGOTA', 10045),
(7920, 'BACKUP', 3833, 'BOGOTA-BOGOTÁ D.C.', 'BOGOTA', 1065),
(7925, 'SUPERVISOR BANCOMPARTIR', 3833, 'BOGOTA-BOGOTÁ D.C.', 'BOGOTA', 5184),
(7928, 'SUPERVISOR LIDER', 3833, 'BOGOTA-BOGOTÁ D.C.', 'BOGOTA', 1178),
(7929, 'APOYO AL SERVICIO IASG', 3833, 'BOGOTA-BOGOTÁ D.C.', 'BOGOTA', 10049),
(7934, 'SUPERVISOR COMAND CENTER', 3833, 'BOGOTA-BOGOTÁ D.C.', 'BOGOTA', 5294),
(7936, 'LOTE ALEJANDRIA', 3833, 'BOGOTA-BOGOTÁ D.C.', 'BOGOTA', 1074),
(7938, 'CONDUCTOR CINTOTECA', 3833, 'BOGOTA-BOGOTÁ D.C.', 'BOGOTA', 5098),
(7939, 'SUPERVISOR MOVIL CINTOTECA', 3833, 'BOGOTA-BOGOTÁ D.C.', 'BOGOTA', 5075),
(7940, 'RELEVO ALMUERZO C.ALTA TECNOLO', 3833, 'BOGOTA-BOGOTÁ D.C.', 'BOGOTA', 10052),
(7944, 'CENTRO MEDICO QUIROGA (PORTERIA)', 5256, 'BOGOTA-BOGOTÁ D.C.', 'BOGOTA', 1144),
(7945, 'ACCESO PEATONAL CRA 30 1 (CER EL CUBO)', 5256, 'BOGOTA-BOGOTÁ D.C.', 'BOGOTA', 3005),
(7946, 'ACCESO PEATONAL CRA 30 2 (CER EL CUBO)', 5256, 'BOGOTA-BOGOTÁ D.C.', 'BOGOTA', 1059),
(7947, 'REJA COSTADO OCCIDENTAL', 5256, 'BOGOTA-BOGOTÁ D.C.', 'BOGOTA', 7011),
(7948, 'ENTRADA Y SALIDA VEHICULAR CLL 52A', 5256, 'BOGOTA-BOGOTÁ D.C.', 'BOGOTA', 1105),
(7949, 'RECORREDOR PISO  3 Y 4 CLL 53', 5256, 'BOGOTA-BOGOTÁ D.C.', 'BOGOTA', 3156),
(7950, 'RECORREDOR PISO  1 Y 2 CLL 53 (GUARDA LIDER)', 5256, 'BOGOTA-BOGOTÁ D.C.', 'BOGOTA', 1105),
(7951, 'RECORREDOR PISO  5 Y 6 CLL 53', 5256, 'BOGOTA-BOGOTÁ D.C.', 'BOGOTA', 3156),
(7952, 'SALIDA VEHICULAR (ASCENSOR DE CARGA EL CUBO)', 5256, 'BOGOTA-BOGOTÁ D.C.', 'BOGOTA', 3012),
(7953, 'SUPERMERCADO SUBAZ PORTERIA NORTE', 5256, 'BOGOTA-BOGOTÁ D.C.', 'BOGOTA', 4024),
(7958, 'PORTERIA PRINCIPAL', 5256, 'BOGOTA-FUNZA', 'BOGOTA', 4062),
(7959, 'BODEGA', 5256, 'BOGOTA-FUNZA', 'BOGOTA', 10134),
(7960, 'COLSUBSIDIO EL ESPECTADOR', 5256, 'BOGOTA-BOGOTÁ D.C.', 'BOGOTA', 4041),
(7961, 'EDIFICIO QUIROGA (COMEDORES)', 5256, 'BOGOTA-BOGOTÁ D.C.', 'BOGOTA', 1144),
(7962, 'RECORREDOR CENTRO MEDICO II', 5256, 'BOGOTA-FUNZA', 'BOGOTA', 4162),
(7963, 'CENTRO MEDICO FUNZA', 5256, 'BOGOTA-FUNZA', 'BOGOTA', 4014),
(7968, 'COLSUBSIDIO AV LAS PALMAS', 5256, 'GIRARDOT-FUSAGASUGÁ', 'GIRARDOT', 4086),
(7969, 'PUERTA PRINCIPAL', 5256, 'GIRARDOT-FUSAGASUGÁ', 'GIRARDOT', 3095),
(7972, 'USAQUEN 2', 5256, 'BOGOTA-BOGOTÁ D.C.', 'BOGOTA', 4138),
(7973, 'USAQUEN 3', 5256, 'BOGOTA-BOGOTÁ D.C.', 'BOGOTA', 7018),
(7974, 'USAQUEN 4', 5256, 'BOGOTA-BOGOTÁ D.C.', 'BOGOTA', 5090),
(7976, 'CENTRO MEDICO QUIROGA (URGENCIAS)', 5256, 'BOGOTA-BOGOTÁ D.C.', 'BOGOTA', 1144),
(7977, 'SUPERMERCADO USAQUEN PORTERIA', 5256, 'BOGOTA-BOGOTÁ D.C.', 'BOGOTA', 9102),
(7982, 'CONSULTA EXTERNA', 5256, 'GIRARDOT-GIRARDOT', 'GIRARDOT', 4148),
(7983, 'PORTERIA SUPERMERCADO SALITRE 1', 5256, 'BOGOTA-BOGOTÁ D.C.', 'BOGOTA', 3094),
(7984, 'PORTERIA SUPERMERCADO SALITRE 2', 5256, 'BOGOTA-BOGOTÁ D.C.', 'BOGOTA', 10039),
(7985, 'SERVICIO BODEGA Y PERFUMERIA SALITRE', 5256, 'BOGOTA-BOGOTÁ D.C.', 'BOGOTA', 4002),
(7990, 'Centro de Servicios Av. Chile', 5256, 'BOGOTA-BOGOTÁ D.C.', 'BOGOTA', 4150),
(7995, 'LA ESTRADA', 3871, 'BOGOTA-BOGOTÁ D.C.', 'BOGOTA', 10057),
(7996, 'AV. JIMENEZ', 3871, 'BOGOTA-BOGOTÁ D.C.', 'BOGOTA', 10057),
(7997, 'COLSEGUROS CALLE 17', 3871, 'BOGOTA-BOGOTÁ D.C.', 'BOGOTA', 7081),
(7998, 'EL POLO', 3871, 'BOGOTA-BOGOTÁ D.C.', 'BOGOTA', 7001),
(7999, 'KENNEDY', 3871, 'BOGOTA-BOGOTÁ D.C.', 'BOGOTA', 4021),
(8000, 'LAS FERIAS', 3871, 'BOGOTA-BOGOTÁ D.C.', 'BOGOTA', 10057),
(8002, 'PRIMERA DE MAYO', 3871, 'BOGOTA-BOGOTÁ D.C.', 'BOGOTA', 9012),
(8010, 'BBVA SOACHA', 3871, 'BOGOTA-BOGOTÁ D.C.', 'BOGOTA', 9020),
(8011, 'BBVA QUINTA AVENIDA', 3871, 'BOGOTA-BOGOTÁ D.C.', 'BOGOTA', 4000),
(8015, 'CENTRO COMERCIAL PLAZA DE LAS AMERICAS', 3871, 'BOGOTA-BOGOTÁ D.C.', 'BOGOTA', 5079),
(8016, 'SERVICIO TOBERIN', 3871, 'BOGOTA-BOGOTÁ D.C.', 'BOGOTA', 9020),
(8017, 'SERVICIO OFICINA SANTA LUCIA', 3871, 'BOGOTA-BOGOTÁ D.C.', 'BOGOTA', 9020),
(8019, 'COUNTRY/ANTIGUO COUNTRY', 3871, 'BOGOTA-BOGOTÁ D.C.', 'BOGOTA', 10057),
(8020, 'MONTEVIDEO', 3871, 'BOGOTA-BOGOTÁ D.C.', 'BOGOTA', 9012),
(8021, 'BBVA ALCAZARES-SIETE DE AGOSTO', 3871, 'BOGOTA-BOGOTÁ D.C.', 'BOGOTA', 10057),
(8022, 'BBVA GRANAMERICA- Y CORFERIAS', 3871, 'BOGOTA-BOGOTÁ D.C.', 'BOGOTA', 10057),
(8023, 'BBVA CARVAJAL KENNEDY CENTRAL', 3871, 'BOGOTA-BOGOTÁ D.C.', 'BOGOTA', 10057),
(8024, 'BBVA NORMANDIA MODELIA', 3871, 'BOGOTA-BOGOTÁ D.C.', 'BOGOTA', 10057),
(8025, 'BBVA PALOQUEMAO RICAURTE', 3871, 'BOGOTA-BOGOTÁ D.C.', 'BOGOTA', 10057),
(8029, 'CEDRITOS AV. CARRERA 19', 3871, 'BOGOTA-BOGOTÁ D.C.', 'BOGOTA', 9020),
(8030, 'BBVA PRINCIPAL', 3871, 'BOGOTA-BOGOTÁ D.C.', 'BOGOTA', 10057),
(8031, 'BARRIO SANTANDER BOGOTA', 3871, 'BOGOTA-BOGOTÁ D.C.', 'BOGOTA', 9105),
(8032, 'BBVA METROSUR', 3871, 'BOGOTA-BOGOTÁ D.C.', 'BOGOTA', 10057),
(8033, 'BBVA PARQUE NACIONAL', 3871, 'BOGOTA-BOGOTÁ D.C.', 'BOGOTA', 7022),
(8037, 'PLAZA IMPERIAL', 3871, 'BOGOTA-BOGOTÁ D.C.', 'BOGOTA', 5293),
(8048, 'CONTROL COCINA', 8038, 'BOGOTA-CHÍA', 'BOGOTA', 1074),
(8049, 'CONTROL OFICINAS', 8038, 'BOGOTA-CHÍA', 'BOGOTA', 1074),
(8053, 'REGISTRADORA POSTRES', 8038, 'BOGOTA-BOGOTÁ D.C.', 'BOGOTA', 10207),
(8055, 'S.DE EMER BAR PRINCIPAL', 8038, 'BOGOTA-BOGOTÁ D.C.', 'BOGOTA', 10207),
(8056, 'S. DE EMER REJA TINTOS', 8038, 'BOGOTA-BOGOTÁ D.C.', 'BOGOTA', 10207),
(8062, 'S.DE EMER REJA COCINA', 8038, 'BOGOTA-CHÍA', 'BOGOTA', 10207),
(8078, 'SUPERVISOR INMACULADA BTA', 8038, 'BOGOTA-BOGOTÁ D.C.', 'BOGOTA', 1155),
(8079, 'ANDRES CARNE DE RES (BTA)', 8038, 'BOGOTA-BOGOTÁ D.C.', 'BOGOTA', 1144),
(8088, 'PARQUEADERO PRINCIPAL', 8038, 'BOGOTA-CHÍA', 'BOGOTA', 3022),
(8107, 'FONTANEL (KILOMETRO 4.5)', 8038, 'BOGOTA-BOGOTÁ D.C.', 'BOGOTA', 1006),
(8108, 'PLAZA DE COMIDAS C C EL RETIRO', 8038, 'BOGOTA-BOGOTÁ D.C.', 'BOGOTA', 1144),
(8110, 'ENTRADA PRINCIPAL GRAN ESTACION', 8038, 'BOGOTA-BOGOTÁ D.C.', 'BOGOTA', 1138),
(8111, 'ENTRADA PRINCIPAL PLAZA SANTA FE', 8038, 'BOGOTA-BOGOTÁ D.C.', 'BOGOTA', 1138),
(8115, 'Rotador Plaza HSB', 8038, 'BOGOTA-BOGOTÁ D.C.', 'BOGOTA', 9104),
(8123, 'HOBART ANDINA OF CALLE 18', 8120, 'BOGOTA-BOGOTÁ D.C.', 'BOGOTA', 11853),
(8127, 'RECORREDOR 1 PISO', 8124, 'BOGOTA-BOGOTÁ D.C.', 'BOGOTA', 1074),
(8129, 'PORTERIA NORTE', 8124, 'BOGOTA-BOGOTÁ D.C.', 'BOGOTA', 1074),
(8130, 'PORTERIA SUR II', 8124, 'BOGOTA-BOGOTÁ D.C.', 'BOGOTA', 5117),
(8131, 'RECORREDOR PISO 3 II', 8124, 'BOGOTA-BOGOTÁ D.C.', 'BOGOTA', 5117),
(8132, 'PORTERIA CALLE 77 II', 8124, 'BOGOTA-BOGOTÁ D.C.', 'BOGOTA', 5263),
(8133, 'PLAZOLETA DE COMIDAS', 8124, 'BOGOTA-BOGOTÁ D.C.', 'BOGOTA', 13011),
(8135, 'RECORREDOR PISO 1', 8124, 'BOGOTA-BOGOTÁ D.C.', 'BOGOTA', 5108),
(8136, 'CCTV', 8124, 'BOGOTA-BOGOTÁ D.C.', 'BOGOTA', 1009),
(8137, 'CAT NUEVO', 3833, 'BOGOTA-BOGOTÁ D.C.', 'BOGOTA', 5271),
(8141, 'PORTERIA PISO 1', 8138, 'BOGOTA-BOGOTÁ D.C.', 'BOGOTA', 1073),
(8145, 'HANGAR HELICOL', 8142, 'BOGOTA-BOGOTÁ D.C.', 'BOGOTA', 1009),
(8152, 'OFICINA PFIZER PISO 16', 8149, 'BOGOTA-BOGOTÁ D.C.', 'BOGOTA', 7059),
(8153, 'REFUERZO OFICINA', 8149, 'BOGOTA-BOGOTÁ D.C.', 'BOGOTA', 5058),
(8157, 'SERVICIO 1', 8154, 'BOGOTA-BOGOTÁ D.C.', 'BOGOTA', 1073),
(8158, 'SERVICIO 2', 8154, 'BOGOTA-BOGOTÁ D.C.', 'BOGOTA', 1009),
(8170, 'ESCOLTA  INSPECTOR SEGURIDAD', 3896, 'BOGOTA-BOGOTÁ D.C.', 'BOGOTA', 3132),
(8171, 'CENTRO CONTROL SEGURIDAD ( CLLA 85)', 3896, 'BOGOTA-BOGOTÁ D.C.', 'BOGOTA', 1009),
(8172, 'CONDUCTOR OPERADOR 1', 3896, 'BOGOTA-BOGOTÁ D.C.', 'BOGOTA', 10041),
(8174, 'CONDUCTOR OPERADOR 3', 3896, 'BOGOTA-BOGOTÁ D.C.', 'BOGOTA', 10041),
(8175, 'CONDUCTOR OPERADOR 4', 3896, 'BOGOTA-BOGOTÁ D.C.', 'BOGOTA', 10041),
(8176, 'CONDUCTOR ESCOLTA PRESIDENCIA', 3896, 'BOGOTA-BOGOTÁ D.C.', 'BOGOTA', 5184),
(8180, 'PLAZOLETA CALLE 94', 8177, 'BOGOTA-BOGOTÁ D.C.', 'BOGOTA', 1009),
(8181, 'GUA CANINO  EPS CALLE 26', 8177, 'BOGOTA-BOGOTÁ D.C.', 'BOGOTA', 5064),
(8185, 'AUXILIAR CONTROL OPERACIONAL', 8182, 'BOGOTA-BOGOTÁ D.C.', 'BOGOTA', 9097),
(8187, 'SERVIENTREGA AEROPUERTO', 8182, 'BOGOTA-BOGOTÁ D.C.', 'BOGOTA', 1004),
(8188, 'BODEGA TC1', 8182, 'BOGOTA-BOGOTÁ D.C.', 'BOGOTA', 5184);
INSERT INTO `puesto` (`id_puesto`, `nombre_puesto`, `cliente_id`, `direccion_puesto`, `ciudad`, `modalidad_id`) VALUES
(8189, 'AUXILIAR DE CONTROL', 8182, 'BOGOTA-BOGOTÁ D.C.', 'BOGOTA', 5095),
(8190, 'CIL ACO TALANQUERA 1', 8182, 'BOGOTA-BOGOTÁ D.C.', 'BOGOTA', 1000),
(8191, 'CIL ACO TALANQUERA  2', 8182, 'BOGOTA-BOGOTÁ D.C.', 'BOGOTA', 1000),
(8193, 'CIL GUARDA TALANQUERA', 8182, 'BOGOTA-BOGOTÁ D.C.', 'BOGOTA', 1058),
(8194, 'CIL GUARDA FILTRO 1 FEMENINO', 8182, 'BOGOTA-BOGOTÁ D.C.', 'BOGOTA', 1058),
(8195, 'CIL GUARDA FILTRO 2 MASCULINO', 8182, 'BOGOTA-BOGOTÁ D.C.', 'BOGOTA', 1176),
(8197, 'CIL GUARDA PARQUEADERO EXTERNO', 8182, 'BOGOTA-BOGOTÁ D.C.', 'BOGOTA', 1176),
(8208, 'CLUB CAMPESTRE LA SABANA C.A.', 8205, 'BOGOTA-BOGOTÁ D.C.', 'BOGOTA', 5050),
(8209, 'CLUB CAMPESTRE LA SABANA', 8205, 'BOGOTA-BOGOTÁ D.C.', 'BOGOTA', 5050),
(8213, 'ESCOLTA', 8210, 'BOGOTA-BOGOTÁ D.C.', 'BOGOTA', 1009),
(8218, 'COLFONDOS RECORREDOR PENT HOUSE', 4422, 'BOGOTA-BOGOTÁ D.C.', 'BOGOTA', 1000),
(8219, 'COLFONDOS OFICINA AV. QUITO', 4422, 'BOGOTA-BOGOTÁ D.C.', 'BOGOTA', 1074),
(8220, 'LOCAL CORPORATIVO I', 4422, 'BOGOTA-BOGOTÁ D.C.', 'BOGOTA', 5010),
(8221, 'RECEPCIONISTA CRA 30', 4422, 'BOGOTA-BOGOTÁ D.C.', 'BOGOTA', 7000),
(8222, 'CORREDORES SEGUROS 2', 4422, 'BOGOTA-BOGOTÁ D.C.', 'BOGOTA', 10011),
(8223, 'CORREDORES SEGUROS 3', 4422, 'BOGOTA-BOGOTÁ D.C.', 'BOGOTA', 10011),
(8224, 'CORREDORES SEGUROS 4', 4422, 'BOGOTA-BOGOTÁ D.C.', 'BOGOTA', 10988),
(8225, 'OPERADOR CALLE 67 TORRE', 4422, 'BOGOTA-BOGOTÁ D.C.', 'BOGOTA', 5247),
(8230, 'PORTERIA VEHICULAR', 8227, 'BOGOTA-BOGOTÁ D.C.', 'BOGOTA', 1009),
(8231, 'PORTERIA PEATONAL', 8227, 'BOGOTA-BOGOTÁ D.C.', 'BOGOTA', 1058),
(8233, 'RECORREDOR TORRE COLFONDOS II', 8227, 'BOGOTA-BOGOTÁ D.C.', 'BOGOTA', 5051),
(8234, 'MEDIOS TECNOLOGICOS', 8227, 'BOGOTA-BOGOTÁ D.C.', 'BOGOTA', 5051),
(8238, 'PORTERIA', 6718, 'BOGOTA-BOGOTÁ D.C.', 'BOGOTA', 1027),
(8246, 'BODEGA GUATAVITA (PUERTA)', 5318, 'BOGOTA-BOGOTÁ D.C.', 'BOGOTA', 1006),
(8247, 'BODEGA GUATAVITA', 5318, 'BOGOTA-BOGOTÁ D.C.', 'BOGOTA', 1006),
(8252, 'LA CAMPIÑA', 8249, 'BOGOTA-BOGOTÁ D.C.', 'BOGOTA', 1074),
(8253, 'MEM 1', 8249, 'BOGOTA-BOGOTÁ D.C.', 'BOGOTA', 1074),
(8257, 'ESCUELA DE ENTRENAMIENTO', 6085, 'BOGOTA-BOGOTÁ D.C.', 'BOGOTA', 1006),
(8259, 'TERMINAL SIMON BOLIVAR', 6085, 'BOGOTA-BOGOTÁ D.C.', 'BOGOTA', 1006),
(8261, 'MANEJADOR CANINO-CONTROL SAQUEOS', 6085, 'BOGOTA-BOGOTÁ D.C.', 'BOGOTA', 1006),
(8262, 'SERVICIO CALLE 100 CTO', 6085, 'BOGOTA-BOGOTÁ D.C.', 'BOGOTA', 7095),
(8266, 'SEDE NORTE', 6089, 'BOGOTA-BOGOTÁ D.C.', 'BOGOTA', 1088),
(8272, 'PORTERIA PRINCIPAL', 5815, 'BOGOTA-BOGOTÁ D.C.', 'BOGOTA', 1130),
(8273, 'PARQUEADERO 1', 5815, 'BOGOTA-BOGOTÁ D.C.', 'BOGOTA', 1130),
(8274, 'PORTERIA PRINCIPAL', 5815, 'BOGOTA-BOGOTÁ D.C.', 'BOGOTA', 1130),
(8275, 'PORTERIA SALIDA VEHICULAR', 5815, 'BOGOTA-BOGOTÁ D.C.', 'BOGOTA', 1130),
(8276, 'PORTERIA CARRERA 4', 5815, 'BOGOTA-BOGOTÁ D.C.', 'BOGOTA', 1130),
(8277, 'EDIFICIO CENTRO DE LENGUAS', 5815, 'BOGOTA-BOGOTÁ D.C.', 'BOGOTA', 1130),
(8278, 'PORTERIA VEHICULAR', 5815, 'BOGOTA-BOGOTÁ D.C.', 'BOGOTA', 1130),
(8279, 'CLINICA VETERINARIA', 5815, 'BOGOTA-BOGOTÁ D.C.', 'BOGOTA', 1130),
(8280, 'UNISALLE SEDE CEDEF', 5815, 'BOGOTA-BOGOTÁ D.C.', 'BOGOTA', 1130),
(8281, 'LOTE CLL 200', 5815, 'BOGOTA-BOGOTÁ D.C.', 'BOGOTA', 1130),
(8282, 'EDIFICIO CARVAJAL III', 5815, 'BOGOTA-BOGOTÁ D.C.', 'BOGOTA', 1130),
(8284, 'PORTERIA EDIFICO RECORREDOR NOC FINCA HATO', 5815, 'BOGOTA-BOGOTÁ D.C.', 'BOGOTA', 1130),
(8285, 'PARQUEADERO N 2 III', 5815, 'BOGOTA-BOGOTÁ D.C.', 'BOGOTA', 1130),
(8286, 'RECORREDOR ACADEMIA', 5815, 'BOGOTA-BOGOTÁ D.C.', 'BOGOTA', 1130),
(8288, 'PORTERIA PRINCIPAL', 5815, 'BOGOTA-BOGOTÁ D.C.', 'BOGOTA', 3113),
(8289, 'INGRESO VEHICULAR', 5815, 'BOGOTA-BOGOTÁ D.C.', 'BOGOTA', 3023),
(8290, 'CLINICA OPTOMETRIA', 5815, 'BOGOTA-BOGOTÁ D.C.', 'BOGOTA', 3045),
(8292, 'GUIA CANINO CHAPINERO', 5815, 'BOGOTA-BOGOTÁ D.C.', 'BOGOTA', 3113),
(8293, 'REFUERZO PORTERIA VEHICULAR', 5815, 'BOGOTA-BOGOTÁ D.C.', 'BOGOTA', 5015),
(8294, 'REFUERZO PORTERIA PEATONAL', 5815, 'BOGOTA-BOGOTÁ D.C.', 'BOGOTA', 7040),
(8295, 'PORTERIA PEATONAL', 5815, 'BOGOTA-BOGOTÁ D.C.', 'BOGOTA', 5173),
(8297, 'PORTERIA PRINCIPAL', 5815, 'BOGOTA-BOGOTÁ D.C.', 'BOGOTA', 3023),
(8298, 'PORTERIA ANTIGUA - CALLE 11', 5815, 'BOGOTA-BOGOTÁ D.C.', 'BOGOTA', 3087),
(8299, 'REFUERZO PORTERIA PRINCIPAL LA CANDELARIA', 5815, 'BOGOTA-BOGOTÁ D.C.', 'BOGOTA', 5195),
(8304, 'CONTROL PORTERIA IMPORTACIONES 1', 4427, 'BOGOTA-BOGOTÁ D.C.', 'BOGOTA', 1009),
(8305, 'CONTROL ACCESO PLATAFORMA IMPORTACIONES', 4427, 'BOGOTA-BOGOTÁ D.C.', 'BOGOTA', 1009),
(8306, 'CONTROL DESPALETIZACION', 4427, 'BOGOTA-BOGOTÁ D.C.', 'BOGOTA', 1009),
(8307, 'CONTROL PALETIZACION 1', 4427, 'BOGOTA-BOGOTÁ D.C.', 'BOGOTA', 1009),
(8308, 'ATENCION DE VUELO QT (CABINA)', 4427, 'BOGOTA-BOGOTÁ D.C.', 'BOGOTA', 1009),
(8309, 'ATENCION DE VUELO QT (FUSELAJE)', 4427, 'BOGOTA-BOGOTÁ D.C.', 'BOGOTA', 1009),
(8311, 'ATENCION DE VUELO QT (BULK/DIAMANTE)', 4427, 'BOGOTA-BOGOTÁ D.C.', 'BOGOTA', 1009),
(8312, 'INSPECTOR DE CARGA 1', 4427, 'BOGOTA-BOGOTÁ D.C.', 'BOGOTA', 1009),
(8313, 'CONTROL PALETIZACION 2', 4427, 'BOGOTA-BOGOTÁ D.C.', 'BOGOTA', 1009),
(8314, 'CONTROL ACCESO PLATAFORMA EXPORTACIONES 1', 4427, 'BOGOTA-BOGOTÁ D.C.', 'BOGOTA', 1009),
(8315, 'INSPECTOR CONTROL PLATAFORMA 1', 4427, 'BOGOTA-BOGOTÁ D.C.', 'BOGOTA', 1009),
(8316, 'CONTROL PORTERIA CUARTO FRIO 1', 4427, 'BOGOTA-BOGOTÁ D.C.', 'BOGOTA', 1009),
(8320, 'CONTROL CUARTO FRIO 2', 4427, 'BOGOTA-BOGOTÁ D.C.', 'BOGOTA', 1041),
(8321, 'CONTROL ACCESO CARGUE IMPORTACIONES 2', 4427, 'BOGOTA-BOGOTÁ D.C.', 'BOGOTA', 5075),
(8322, 'INSPECTOR DE CARGA 7', 4427, 'BOGOTA-BOGOTÁ D.C.', 'BOGOTA', 5064),
(8323, 'CONTROL ACCESO PLATAFORMA EXPORTACIONES 2', 4427, 'BOGOTA-BOGOTÁ D.C.', 'BOGOTA', 1009),
(8325, 'CONTROL PORTERIA IMPORTACIONES 2', 4427, 'BOGOTA-BOGOTÁ D.C.', 'BOGOTA', 3086),
(8327, 'CONTROL CUARTO FRIO 1', 4427, 'BOGOTA-BOGOTÁ D.C.', 'BOGOTA', 1009),
(8328, 'ESCOLTA - CUSTODIA DE CARGA 3', 4427, 'BOGOTA-BOGOTÁ D.C.', 'BOGOTA', 3145),
(8333, 'INSPECTOR DE CARGA 11', 4427, 'BOGOTA-BOGOTÁ D.C.', 'BOGOTA', 13119),
(8334, 'CONTROL POSICIONES RACK', 4427, 'BOGOTA-BOGOTÁ D.C.', 'BOGOTA', 1009),
(8335, 'INSPECTOR CONTROL PLATAFORMA 2', 4427, 'BOGOTA-BOGOTÁ D.C.', 'BOGOTA', 1009),
(8337, 'ESCOLTA - CUSTODIA DE CARGA 9', 4427, 'BOGOTA-BOGOTÁ D.C.', 'BOGOTA', 5066),
(8338, 'INSPECTOR DE CARGA 10', 4427, 'BOGOTA-BOGOTÁ D.C.', 'BOGOTA', 5265),
(8340, 'ESCOLTA - CUSTODIA DE CARGA 10', 4427, 'BOGOTA-BOGOTÁ D.C.', 'BOGOTA', 5034),
(8341, 'INSPECTOR DE CARGA 8', 4427, 'BOGOTA-BOGOTÁ D.C.', 'BOGOTA', 5035),
(8342, 'INSPECTOR DE CARGA 2', 4427, 'BOGOTA-BOGOTÁ D.C.', 'BOGOTA', 3078),
(8343, 'INSPECTOR DE CARGA 3', 4427, 'BOGOTA-BOGOTÁ D.C.', 'BOGOTA', 3078),
(8344, 'INSPECTOR DE CARGA 4', 4427, 'BOGOTA-BOGOTÁ D.C.', 'BOGOTA', 3078),
(8345, 'INSPECTOR DE CARGA 5', 4427, 'BOGOTA-BOGOTÁ D.C.', 'BOGOTA', 3051),
(8349, 'SUPERVISOR DE CCTV Y COMUNICACIONES', 4427, 'BOGOTA-BOGOTÁ D.C.', 'BOGOTA', 1178),
(8351, 'ESCOLTA - CUSTODIA DE CARGA 4', 4427, 'BOGOTA-BOGOTÁ D.C.', 'BOGOTA', 3138),
(8352, 'ESCOLTA - CUSTODIA DE CARGA 5', 4427, 'BOGOTA-BOGOTÁ D.C.', 'BOGOTA', 3076),
(8353, 'ESCOLTA - CUSTODIA DE CARGA 6', 4427, 'BOGOTA-BOGOTÁ D.C.', 'BOGOTA', 3145),
(8354, 'ESCOLTA - CUSTODIA DE CARGA 7', 4427, 'BOGOTA-BOGOTÁ D.C.', 'BOGOTA', 3076),
(8359, 'RECORREDOR OFICINAS', 8356, 'BOGOTA-BOGOTÁ D.C.', 'BOGOTA', 1074),
(8360, 'RECEPCION', 8356, 'BOGOTA-BOGOTÁ D.C.', 'BOGOTA', 5052),
(8364, 'TELECOM FUSAGASUGA', 8356, 'GIRARDOT-FUSAGASUGÁ', 'GIRARDOT', 1009),
(8365, 'TELECOM FUSAGASUGA 2', 8356, 'GIRARDOT-FUSAGASUGÁ', 'GIRARDOT', 1006),
(8366, 'TELECOM FUSAGASUGA 3', 8356, 'GIRARDOT-FUSAGASUGÁ', 'GIRARDOT', 1009),
(8370, 'BANCOMPARTIR PRADO', 3900, 'BOGOTA-BOGOTÁ D.C.', 'BOGOTA', 9008),
(8372, 'BANCOMPARTIR CENTRO', 3900, 'BOGOTA-BOGOTÁ D.C.', 'BOGOTA', 9008),
(8374, 'BANCOMPARTIR 7 DE AGOSTO', 3900, 'BOGOTA-BOGOTÁ D.C.', 'BOGOTA', 9008),
(8375, 'BANCOMPARTIR LA VICTORIA', 3900, 'BOGOTA-BOGOTÁ D.C.', 'BOGOTA', 9008),
(8377, 'BANCOMPARTIR DIANA TURBAY', 3900, 'BOGOTA-BOGOTÁ D.C.', 'BOGOTA', 9008),
(8378, 'BANCOMPARTIR CIUDAD BOLIVAR', 3900, 'BOGOTA-BOGOTÁ D.C.', 'BOGOTA', 9008),
(8379, 'BANCOMPARTIR PATIO BONITO', 3900, 'BOGOTA-BOGOTÁ D.C.', 'BOGOTA', 9008),
(8385, 'EDIFICIO DE AVIANCA', 3900, 'BOGOTA-BOGOTÁ D.C.', 'BOGOTA', 1038),
(8386, 'BANCOMPARTIR RESTREPO II', 3900, 'BOGOTA-BOGOTÁ D.C.', 'BOGOTA', 9008),
(8387, 'BANCOMPARTIR CORABASTOS II', 3900, 'BOGOTA-BOGOTÁ D.C.', 'BOGOTA', 9028),
(8388, 'BANCOMPARTIR KENNEDY II', 3900, 'BOGOTA-BOGOTÁ D.C.', 'BOGOTA', 9008),
(8389, 'BANCOMPARTIR OFIC TUNJUELITO II', 3900, 'BOGOTA-BOGOTÁ D.C.', 'BOGOTA', 9008),
(8390, 'BANCOMPARTIR SUBA', 3900, 'BOGOTA-BOGOTÁ D.C.', 'BOGOTA', 9014),
(8391, 'BANCOMPARTIR CHICO', 3900, 'BOGOTA-BOGOTÁ D.C.', 'BOGOTA', 9014),
(8392, 'BANCOMPARTIR SANTA LIBRADA', 3900, 'BOGOTA-BOGOTÁ D.C.', 'BOGOTA', 9014),
(8393, 'BANCOMPARTIR FUNZA II', 3900, 'BOGOTA-FUNZA', 'BOGOTA', 9014),
(8394, 'BANCOMPARTIR BOSA CENTRO COMERCIAL PORVENIR', 3900, 'BOGOTA-BOGOTÁ D.C.', 'BOGOTA', 9008),
(8395, 'BANCOMPARTIR ZIPAQUIRA II', 3900, 'BOGOTA-BOGOTÁ D.C.', 'BOGOTA', 9014),
(8396, 'BANCOMPARTIR QUIRIGUA', 3900, 'BOGOTA-BOGOTÁ D.C.', 'BOGOTA', 9014),
(8397, 'BANCOMPARTIR CHIA', 3900, 'BOGOTA-BOGOTÁ D.C.', 'BOGOTA', 9014),
(8400, 'BANCOMPARTIR AUTOPISTA SUR', 3900, 'BOGOTA-BOGOTÁ D.C.', 'BOGOTA', 9014),
(8401, 'BANCOMPARTIR 1ERA D MAYO OFICINA', 3900, 'BOGOTA-BOGOTÁ D.C.', 'BOGOTA', 9014),
(8402, 'BANCOMPARTIR CLARET', 3900, 'BOGOTA-BOGOTÁ D.C.', 'BOGOTA', 9014),
(8403, 'BANCOMPARTIR ENGATIVA', 3900, 'BOGOTA-BOGOTÁ D.C.', 'BOGOTA', 9014),
(8405, 'BANCOMPARTIR UBATE', 3900, 'BOGOTA-BOGOTÁ D.C.', 'BOGOTA', 9014),
(8409, 'BANCOMPARTIR FUSAGASUGA', 3900, 'GIRARDOT-FUSAGASUGÁ', 'GIRARDOT', 1006),
(8410, 'BANCOMPARTIR OFICINA AVENIDA 19', 3900, 'BOGOTA-BOGOTÁ D.C.', 'BOGOTA', 9014),
(8411, 'BANCOMPARTIR 20 DE JULIO', 3900, 'BOGOTA-BOGOTÁ D.C.', 'BOGOTA', 9017),
(8412, 'BANCOMPARTIR SOACHA', 3900, 'BOGOTA-BOGOTÁ D.C.', 'BOGOTA', 9014),
(8413, 'BANCOMPARTIR CAJICA', 3900, 'BOGOTA-BOGOTÁ D.C.', 'BOGOTA', 9008),
(8414, 'BANCOMPARTIR DORADA', 3900, 'BOGOTA-BOGOTÁ D.C.', 'BOGOTA', 9008),
(8415, 'BANCOMPARTIR EDIFICIO BIC', 3900, 'BOGOTA-BOGOTÁ D.C.', 'BOGOTA', 1038),
(8419, 'OPERADOR DE MEDIOS', 3925, 'BOGOTA-BOGOTÁ D.C.', 'BOGOTA', 1083),
(8423, 'VIGILANTE FISICO', 3925, 'BOGOTA-FUNZA', 'BOGOTA', 1150),
(8424, 'RECEPCIONISTA', 3925, 'BOGOTA-BOGOTÁ D.C.', 'BOGOTA', 9020),
(8428, 'HOTEL DE LA OPERA', 8425, 'BOGOTA-BOGOTÁ D.C.', 'BOGOTA', 1073),
(8434, 'FINCOMERCIO CRA 72', 8429, 'BOGOTA-BOGOTÁ D.C.', 'BOGOTA', 5041),
(8439, 'LABORATORIO  PRONABELL', 8436, 'BOGOTA-FUNZA', 'BOGOTA', 1000),
(8440, 'FILTRO MANTENIMIENTO', 3773, 'BOGOTA-BOGOTÁ D.C.', 'BOGOTA', 1009),
(8449, 'TRANSPORTES ESPECIALES DEL VALLE', 3934, 'BOGOTA-BOGOTÁ D.C.', 'BOGOTA', 1009),
(8453, 'DIRECCION GENERAL', 8450, 'BOGOTA-BOGOTÁ D.C.', 'BOGOTA', 1179),
(8458, 'PLANTA PUENTE ARANDA', 3938, 'BOGOTA-BOGOTÁ D.C.', 'BOGOTA', 1006),
(8459, 'PORTERIA  LLENADERO', 3938, 'BOGOTA-BOGOTÁ D.C.', 'BOGOTA', 1006),
(8460, 'PORTERIA CADENA', 3938, 'BOGOTA-BOGOTÁ D.C.', 'BOGOTA', 1006),
(8461, 'CENTRO DE CONTROL', 3938, 'BOGOTA-BOGOTÁ D.C.', 'BOGOTA', 1137),
(8462, 'PLANTA LUBRICANTE BOSA  PORTERIA', 3938, 'BOGOTA-BOGOTÁ D.C.', 'BOGOTA', 1006),
(8463, 'PLANTA LUBRICANTE BOSA RECORREDOR', 3938, 'BOGOTA-BOGOTÁ D.C.', 'BOGOTA', 1006),
(8464, 'PLANTA CONJUNTA MANCILLA', 3938, 'BOGOTA-BOGOTÁ D.C.', 'BOGOTA', 1006),
(8469, 'LA DORADA PORTERIA', 3938, 'GIRARDOT-LA DORADA', 'GIRARDOT', 1006),
(8472, 'ESCOLTA EXXON MOBIL 2', 3938, 'BOGOTA-BOGOTÁ D.C.', 'BOGOTA', 10174),
(8473, 'ESCOLTA EXXON MOBIL 4', 3938, 'BOGOTA-BOGOTÁ D.C.', 'BOGOTA', 1044),
(8474, 'ESCOLTA EXXON MOBIL 5', 3938, 'BOGOTA-BOGOTÁ D.C.', 'BOGOTA', 1044),
(8476, 'ESCOLTA EXXON MOBIL 7', 3938, 'BOGOTA-BOGOTÁ D.C.', 'BOGOTA', 1044),
(8481, 'OPERADORES DE MEDIOS EXXON', 3938, 'BOGOTA-BOGOTÁ D.C.', 'BOGOTA', 1117),
(8482, 'ASISTENTE DE SEGURIDAD ELECTRONICA', 3938, 'BOGOTA-BOGOTÁ D.C.', 'BOGOTA', 5256),
(8485, 'ESCOLTA EXXON MOBIL 13', 3938, 'BOGOTA-BOGOTÁ D.C.', 'BOGOTA', 1044),
(8486, 'ESCOLTA EXXON MOBIL 14', 3938, 'BOGOTA-BOGOTÁ D.C.', 'BOGOTA', 1044),
(8487, 'ESCOLTA EXXON MOBIL 15', 3938, 'BOGOTA-BOGOTÁ D.C.', 'BOGOTA', 1044),
(8488, 'ESCOLTA EXXON MOBIL 16', 3938, 'BOGOTA-BOGOTÁ D.C.', 'BOGOTA', 1044),
(8489, 'CENTRO DE CONTROL', 3938, 'BOGOTA-BOGOTÁ D.C.', 'BOGOTA', 1137),
(8490, 'HEROES EXXON MOBIL', 3938, 'BOGOTA-BOGOTÁ D.C.', 'BOGOTA', 1006),
(8491, 'CENTRO DE CONTROL', 3938, 'BOGOTA-BOGOTÁ D.C.', 'BOGOTA', 3020),
(8492, 'PUENTE ARANDA CARRERA 56', 3938, 'BOGOTA-BOGOTÁ D.C.', 'BOGOTA', 1006),
(8493, 'SUPERVISOR PUENTE ARANDA', 3938, 'BOGOTA-BOGOTÁ D.C.', 'BOGOTA', 1140),
(8494, 'SERVICIO ADICIONAL PUENTE ARANDA', 3938, 'BOGOTA-BOGOTÁ D.C.', 'BOGOTA', 1137),
(8495, 'LA DORADA PATIOS DOS', 3938, 'BOGOTA-BOGOTÁ D.C.', 'BOGOTA', 1006),
(8499, 'CONGREGACIÓN UNISALLE', 8496, 'BOGOTA-BOGOTÁ D.C.', 'BOGOTA', 1073),
(8503, 'DR. JAIME LOMBANA VILLALBA', 8500, 'BOGOTA-BOGOTÁ D.C.', 'BOGOTA', 1009),
(8511, 'CONTROL HALL', 8508, 'BOGOTA-BOGOTÁ D.C.', 'BOGOTA', 1009),
(8512, 'RECORREDOR EXTERNO', 8508, 'BOGOTA-BOGOTÁ D.C.', 'BOGOTA', 1074),
(8514, 'PARQUEADERO', 8508, 'BOGOTA-BOGOTÁ D.C.', 'BOGOTA', 3141),
(8521, 'REFUERZO', 8515, 'BOGOTA-BOGOTÁ D.C.', 'BOGOTA', 5026),
(8528, 'EDIFICIO CLL 82', 8525, 'BOGOTA-BOGOTÁ D.C.', 'BOGOTA', 1074),
(8532, 'COLEGIO NUEVO GIMNASIO', 8529, 'BOGOTA-BOGOTÁ D.C.', 'BOGOTA', 1073),
(8536, 'ZULUAGA SOTO DISTRIBUIDORES', 5364, 'BOGOTA-BOGOTÁ D.C.', 'BOGOTA', 1073),
(8544, 'BOLSA MERCANTIL COLOMBIANA', 8541, 'BOGOTA-BOGOTÁ D.C.', 'BOGOTA', 4094),
(8548, 'SALIDA DE PASAJEROS BANDAS INTER', 8545, 'BOGOTA-BOGOTÁ D.C.', 'BOGOTA', 1076),
(8557, 'FILTRO FUNCIONAR DUTY FREE  MIGRACION 3 PISO OPERA', 8545, 'BOGOTA-BOGOTÁ D.C.', 'BOGOTA', 1080),
(8594, 'ACCESO PERIMETRO CRA 103', 8545, 'BOGOTA-BOGOTÁ D.C.', 'BOGOTA', 1076),
(8644, 'CONTROL INGRESO VEHICULAR PUERTA 5', 8545, 'BOGOTA-BOGOTÁ D.C.', 'BOGOTA', 1076),
(8663, 'SUPERVISOR FILTROS SWING GATES', 8545, 'BOGOTA-BOGOTÁ D.C.', 'BOGOTA', 1076),
(8664, 'SUPERVISOR FILTROS SWING GATES', 8545, 'BOGOTA-BOGOTÁ D.C.', 'BOGOTA', 1076),
(8692, 'FILTRO PASAJEROS (INSP PASAJEROS) NIVEL 870 MUELLE', 8545, 'BOGOTA-BOGOTÁ D.C.', 'BOGOTA', 1031),
(8697, 'SUPERVISOR FILTROS PAX MUELLE NACIONAL', 8545, 'BOGOTA-BOGOTÁ D.C.', 'BOGOTA', 1076),
(8753, 'BIOSENSOR INGRESO PLATAFORMA RONDON 5', 8545, 'BOGOTA-BOGOTÁ D.C.', 'BOGOTA', 5052),
(8798, 'SERVICIO CANINO P-13', 8545, 'BOGOTA-BOGOTÁ D.C.', 'BOGOTA', 1076),
(8810, 'SUPERVISOR MUELLE NACIONAL', 8545, 'BOGOTA-BOGOTÁ D.C.', 'BOGOTA', 1076),
(8823, 'FILTRO ALPHA 2 CAN 17', 8545, 'BOGOTA-BOGOTÁ D.C.', 'BOGOTA', 1076),
(8824, 'FILTROS ALPHA 4 CAN 19', 8545, 'BOGOTA-BOGOTÁ D.C.', 'BOGOTA', 1076),
(8878, 'Supervisor AVSEC - Filtros 24 horas', 8545, 'BOGOTA-BOGOTÁ D.C.', 'BOGOTA', 1076),
(8896, 'DIRAN PAR', 8545, 'BOGOTA-BOGOTÁ D.C.', 'BOGOTA', 1076),
(8897, 'DIRAN IMPAR', 8545, 'BOGOTA-BOGOTÁ D.C.', 'BOGOTA', 1076),
(8898, 'CCTV 1', 8545, 'BOGOTA-BOGOTÁ D.C.', 'BOGOTA', 1076),
(8899, 'NIVEL 2 ESTACION 1 REV SALA', 8545, 'BOGOTA-BOGOTÁ D.C.', 'BOGOTA', 1076),
(8900, 'NIVEL 2 ESTACION 2', 8545, 'BOGOTA-BOGOTÁ D.C.', 'BOGOTA', 1076),
(8901, 'NIVEL 2 ESTACION 3', 8545, 'BOGOTA-BOGOTÁ D.C.', 'BOGOTA', 1076),
(8902, 'NIVEL 2 ESTACION 4', 8545, 'BOGOTA-BOGOTÁ D.C.', 'BOGOTA', 1076),
(8903, 'NIVEL 2 ESTACION 5 CCTV 2', 8545, 'BOGOTA-BOGOTÁ D.C.', 'BOGOTA', 1076),
(8904, 'NIVEL 2 ESTACION 6', 8545, 'BOGOTA-BOGOTÁ D.C.', 'BOGOTA', 1076),
(8905, 'NIVEL 2 ESTACION 7 REL NAC', 8545, 'BOGOTA-BOGOTÁ D.C.', 'BOGOTA', 1076),
(8906, 'NIVEL 4 ESTACION A SALA', 8545, 'BOGOTA-BOGOTÁ D.C.', 'BOGOTA', 1076),
(8907, 'NIVEL 4 ESTACION E REV INTER', 8545, 'BOGOTA-BOGOTÁ D.C.', 'BOGOTA', 1076),
(8909, 'NIVEL 4 ESTACION C CCTV 3', 8545, 'BOGOTA-BOGOTÁ D.C.', 'BOGOTA', 1076),
(8910, 'CONEXIONES', 8545, 'BOGOTA-BOGOTÁ D.C.', 'BOGOTA', 1076),
(8911, 'NIVEL 5 PUERTA', 8545, 'BOGOTA-BOGOTÁ D.C.', 'BOGOTA', 1076),
(8912, 'NIVEL 5 APOYO', 8545, 'BOGOTA-BOGOTÁ D.C.', 'BOGOTA', 1076),
(8913, 'NIVEL 5 MES', 8545, 'BOGOTA-BOGOTÁ D.C.', 'BOGOTA', 1076),
(8914, 'NIVEL 5 PLANILLAS', 8545, 'BOGOTA-BOGOTÁ D.C.', 'BOGOTA', 1076),
(8915, 'OVER 1 SCANNER', 8545, 'BOGOTA-BOGOTÁ D.C.', 'BOGOTA', 1076),
(8917, 'OVER 2 ARMADOR', 8545, 'BOGOTA-BOGOTÁ D.C.', 'BOGOTA', 1076),
(8919, 'OVER 2 PLANILLAS', 8545, 'BOGOTA-BOGOTÁ D.C.', 'BOGOTA', 1076),
(8920, 'OVER 3 ARMADOR', 8545, 'BOGOTA-BOGOTÁ D.C.', 'BOGOTA', 1076),
(8921, 'OVER 3 SCANNER', 8545, 'BOGOTA-BOGOTÁ D.C.', 'BOGOTA', 1076),
(8922, 'OVER 3 ACENSOR', 8545, 'BOGOTA-BOGOTÁ D.C.', 'BOGOTA', 1076),
(8923, 'OVER 3 PLANILLAS', 8545, 'BOGOTA-BOGOTÁ D.C.', 'BOGOTA', 1076),
(8924, 'MES 1 INTER', 8545, 'BOGOTA-BOGOTÁ D.C.', 'BOGOTA', 1076),
(8925, 'MES 2 INTER', 8545, 'BOGOTA-BOGOTÁ D.C.', 'BOGOTA', 1076),
(8926, 'MES 3 NAL', 8545, 'BOGOTA-BOGOTÁ D.C.', 'BOGOTA', 1076),
(8927, 'MES 4 NAL', 8545, 'BOGOTA-BOGOTÁ D.C.', 'BOGOTA', 1076),
(8928, 'SUPERVISOR NACIONAL', 3833, 'BOGOTA-BOGOTÁ D.C.', 'BOGOTA', 1005),
(8929, 'SUPERVISOR INTERNACIONAL', 8545, 'BOGOTA-BOGOTÁ D.C.', 'BOGOTA', 1076),
(8930, 'OPERADOR LOGISTICO NACIONAL 1', 8545, 'BOGOTA-BOGOTÁ D.C.', 'BOGOTA', 1076),
(8931, 'OPERADOR LOGISTICO NACIONAL 2', 8545, 'BOGOTA-BOGOTÁ D.C.', 'BOGOTA', 1076),
(8932, 'OPERADOR LOGISTICO NACIONAL 3', 8545, 'BOGOTA-BOGOTÁ D.C.', 'BOGOTA', 1076),
(8933, 'OPERADOR LOGISTICO NACIONAL 4', 8545, 'BOGOTA-BOGOTÁ D.C.', 'BOGOTA', 1076),
(8934, 'OPERADOR LOGISTICO INTER 1', 8545, 'BOGOTA-BOGOTÁ D.C.', 'BOGOTA', 1076),
(8935, 'OPERADOR LOGISTICO INTER 2|', 8545, 'BOGOTA-BOGOTÁ D.C.', 'BOGOTA', 1076),
(8937, 'OPERADOR LOGISTICO INTER 4', 8545, 'BOGOTA-BOGOTÁ D.C.', 'BOGOTA', 1076),
(8938, 'SUPERVISOR LOGISTICOS', 8545, 'BOGOTA-BOGOTÁ D.C.', 'BOGOTA', 1076),
(8939, 'COORDIANDOR CONTRATO', 3833, 'BOGOTA-BOGOTÁ D.C.', 'BOGOTA', 1005),
(8946, 'FILTRO PASAJEROS (ARMADOR) NIVEL 870 MUELLE NAL', 8545, 'BOGOTA-BOGOTÁ D.C.', 'BOGOTA', 2024),
(8955, 'NIVEL 5 ESCANNER', 8545, 'BOGOTA-BOGOTÁ D.C.', 'BOGOTA', 1076),
(8963, 'ALMACEN GENERAL PISO 8 CANOAS SOACHA', 6200, 'BOGOTA-BOGOTÁ D.C.', 'BOGOTA', 1000),
(8964, 'PORTAL SALIDA CANOAS SOACHA', 6200, 'BOGOTA-BOGOTÁ D.C.', 'BOGOTA', 1144),
(8968, 'ALMACEN CRA 10 CL 13 SUR METROVIAS CASS', 8965, 'BOGOTA-BOGOTÁ D.C.', 'BOGOTA', 1144),
(8969, 'PORTERIA TALLERES', 6200, 'BOGOTA-BOGOTÁ D.C.', 'BOGOTA', 1144),
(8970, 'LOTE TORCA CASS', 6200, 'BOGOTA-BOGOTÁ D.C.', 'BOGOTA', 5052),
(8971, 'PORTERIA NUEVAS OFICINAS CASS CHIA', 6200, 'BOGOTA-BOGOTÁ D.C.', 'BOGOTA', 1144),
(8972, 'RECORREDOR NUEVAS OFICINAS', 6200, 'BOGOTA-BOGOTÁ D.C.', 'BOGOTA', 1144),
(8983, 'COORDINADOR LOGISTICO DE SEGURIDAD', 3966, 'BOGOTA-BOGOTÁ D.C.', 'BOGOTA', 1000),
(9015, 'INTERNO EAR', 9012, 'BOGOTA-BOGOTÁ D.C.', 'BOGOTA', 10109),
(9018, 'REQUISA HOMBRE EAR', 9012, 'BOGOTA-BOGOTÁ D.C.', 'BOGOTA', 10109),
(9027, 'PORTERIA  PRINCIPAL', 9024, 'BOGOTA-BOGOTÁ D.C.', 'BOGOTA', 1144),
(9028, 'PORTERIA N 1', 9024, 'BOGOTA-BOGOTÁ D.C.', 'BOGOTA', 1144),
(9030, 'OPERADOR DE MEDIOS', 9024, 'BOGOTA-BOGOTÁ D.C.', 'BOGOTA', 1144),
(9031, 'PORTERIA CENTRO DE DISTRIBUCION', 9024, 'BOGOTA-BOGOTÁ D.C.', 'BOGOTA', 5051),
(9033, 'RECEPCION', 9024, 'BOGOTA-BOGOTÁ D.C.', 'BOGOTA', 1144),
(9035, 'RECIBO Y ENTREGA DE MATERIALES', 9024, 'BOGOTA-BOGOTÁ D.C.', 'BOGOTA', 5064),
(9036, 'OPERADOR DE MEDIO', 9024, 'BOGOTA-BOGOTÁ D.C.', 'BOGOTA', 1144),
(9037, 'RECEPCION', 9024, 'BOGOTA-BOGOTÁ D.C.', 'BOGOTA', 1144),
(9038, 'RECIBO MATERIALES', 9024, 'BOGOTA-BOGOTÁ D.C.', 'BOGOTA', 5064),
(9039, 'ENTREGA MATERIALES', 9024, 'BOGOTA-BOGOTÁ D.C.', 'BOGOTA', 5064),
(9040, 'SUPERVISOR MOTORIZADO', 9024, 'BOGOTA-BOGOTÁ D.C.', 'BOGOTA', 5075),
(9045, 'BOGOTA BOSA', 3971, 'BOGOTA-BOGOTÁ D.C.', 'BOGOTA', 5166),
(9046, 'BOGOTA CHAPINERO 1', 3971, 'BOGOTA-BOGOTÁ D.C.', 'BOGOTA', 5166),
(9047, 'BOGOTA NORTE', 3971, 'BOGOTA-BOGOTÁ D.C.', 'BOGOTA', 5166),
(9048, 'BOGOTA SOACHA', 3971, 'BOGOTA-BOGOTÁ D.C.', 'BOGOTA', 5166),
(9049, 'BOGOTA ZONA INDUSTRIAL', 3971, 'BOGOTA-BOGOTÁ D.C.', 'BOGOTA', 5166),
(9050, 'CHIA', 3971, 'BOGOTA-BOGOTÁ D.C.', 'BOGOTA', 5166),
(9063, 'LETICIA', 3971, 'BOGOTA-BOGOTÁ D.C.', 'BOGOTA', 5166),
(9064, 'RESTREPO', 3971, 'BOGOTA-BOGOTÁ D.C.', 'BOGOTA', 5166),
(9068, 'SAN ANDRES', 3971, 'BOGOTA-SAN ANDRÉS', 'BOGOTA', 5166),
(9072, 'CENTRO DE ATENCION AL USUARIO', 3971, 'BOGOTA-BOGOTÁ D.C.', 'BOGOTA', 5166),
(9074, 'BOGOTA SEDE PPAL 3ER PISO', 3971, 'BOGOTA-BOGOTÁ D.C.', 'BOGOTA', 3023),
(9075, 'BOGOTA SEDE PPAL MONITOREO', 3971, 'BOGOTA-BOGOTÁ D.C.', 'BOGOTA', 1084),
(9077, 'SAN CAYETANO PISO 4', 3971, 'BOGOTA-BOGOTÁ D.C.', 'BOGOTA', 3023),
(9081, 'PORTERIA PRINCIPAL', 9078, 'BOGOTA-BOGOTÁ D.C.', 'BOGOTA', 1144),
(9083, 'PORTERIA N° 2', 9078, 'BOGOTA-BOGOTÁ D.C.', 'BOGOTA', 1144),
(9084, 'BODEGA ADICIONAL', 9078, 'BOGOTA-BOGOTÁ D.C.', 'BOGOTA', 5184),
(9088, 'RECEPCION MASCULINO', 5388, 'BOGOTA-BOGOTÁ D.C.', 'BOGOTA', 1166),
(9090, '', 5388, 'BOGOTA-BOGOTÁ D.C.', 'BOGOTA', 10079),
(9091, 'PARQUEADERO', 5388, 'BOGOTA-BOGOTÁ D.C.', 'BOGOTA', 3020),
(9092, 'JAULAS', 5388, 'BOGOTA-BOGOTÁ D.C.', 'BOGOTA', 5220),
(9093, 'VEHICULAR CALLE 30', 5388, 'BOGOTA-BOGOTÁ D.C.', 'BOGOTA', 1166),
(9095, 'CONTRALOR AUTOPISTA SUR', 5388, 'BOGOTA-BOGOTÁ D.C.', 'BOGOTA', 5052),
(9097, 'JAULAS', 5388, 'BOGOTA-BOGOTÁ D.C.', 'BOGOTA', 5225),
(9098, 'PORTON RECIBO', 5388, 'BOGOTA-BOGOTÁ D.C.', 'BOGOTA', 5052),
(9100, 'SALIDA VEHICULAR', 5388, 'BOGOTA-BOGOTÁ D.C.', 'BOGOTA', 1166),
(9102, 'INGRESO VEHICULAR', 5388, 'BOGOTA-BOGOTÁ D.C.', 'BOGOTA', 1166),
(9104, 'ANTENA 1 LOGISTICO', 5388, 'BOGOTA-BOGOTÁ D.C.', 'BOGOTA', 5223),
(9105, 'ANTENA DOS LOGISTICO', 5388, 'BOGOTA-BOGOTÁ D.C.', 'BOGOTA', 5052),
(9106, 'INGRESO VEHICULAR', 5388, 'BOGOTA-BOGOTÁ D.C.', 'BOGOTA', 1166),
(9108, 'INGRESO PEATONAL', 5388, 'BOGOTA-BOGOTÁ D.C.', 'BOGOTA', 1166),
(9109, 'PORTON', 5388, 'BOGOTA-BOGOTÁ D.C.', 'BOGOTA', 5052),
(9111, 'PORTON RECIBO', 5388, 'BOGOTA-BOGOTÁ D.C.', 'BOGOTA', 5052),
(9112, 'CONTRALOR', 5388, 'BOGOTA-BOGOTÁ D.C.', 'BOGOTA', 3131),
(9115, 'JAULAS', 5388, 'BOGOTA-BOGOTÁ D.C.', 'BOGOTA', 5223),
(9117, 'CONTRALOR', 5388, 'BOGOTA-BOGOTÁ D.C.', 'BOGOTA', 3062),
(9123, 'CONTRALOR', 5388, 'BOGOTA-BOGOTÁ D.C.', 'BOGOTA', 3095),
(9124, 'CABAS', 5388, 'BOGOTA-BOGOTÁ D.C.', 'BOGOTA', 5054),
(9125, 'ROTADOR TALANQUERA', 5388, 'BOGOTA-BOGOTÁ D.C.', 'BOGOTA', 4136),
(9128, 'BODEGA LOGISTICO', 5388, 'BOGOTA-BOGOTÁ D.C.', 'BOGOTA', 5220),
(9139, 'CONTRALOR', 5388, 'BOGOTA-BOGOTÁ D.C.', 'BOGOTA', 3144),
(9140, 'CONTRALOR', 5388, 'BOGOTA-BOGOTÁ D.C.', 'BOGOTA', 3095),
(9142, 'PERFUMERIA', 5388, 'BOGOTA-BOGOTÁ D.C.', 'BOGOTA', 4116),
(9145, 'ANTENA', 5388, 'BOGOTA-BOGOTÁ D.C.', 'BOGOTA', 5220),
(9192, 'JAULA ELECTRO SANTAFE', 5388, 'BOGOTA-BOGOTÁ D.C.', 'BOGOTA', 5225),
(9194, 'PEATONAL CRA 32 CRA 30', 5388, 'BOGOTA-BOGOTÁ D.C.', 'BOGOTA', 1166),
(9196, 'CONTRALOR HAYUELOS', 5388, 'BOGOTA-BOGOTÁ D.C.', 'BOGOTA', 3019),
(9202, 'CDA AUTOMAS  SUR', 9199, 'BOGOTA-BOGOTÁ D.C.', 'BOGOTA', 4140),
(9203, 'AUTOMAS FINES DE SEMANA', 9199, 'BOGOTA-BOGOTÁ D.C.', 'BOGOTA', 1042),
(9211, 'ALLIED BOGOTA 2', 9208, 'BOGOTA-BOGOTÁ D.C.', 'BOGOTA', 1006),
(9239, 'RECORREDOR 1', 9236, 'BOGOTA-BOGOTÁ D.C.', 'BOGOTA', 1074),
(9247, 'PORTERIA AUTOPISTA', 9244, 'BOGOTA-BOGOTÁ D.C.', 'BOGOTA', 1074),
(9248, 'RECORREDOR TODO EL PARQUE', 9244, 'BOGOTA-BOGOTÁ D.C.', 'BOGOTA', 1074),
(9255, 'CCTV 1', 9244, 'BOGOTA-BOGOTÁ D.C.', 'BOGOTA', 5087),
(9262, 'RECORREDOR PERIMETRAL ORIENTAL', 9258, 'BOGOTA-BOGOTÁ D.C.', 'BOGOTA', 1140),
(9264, 'INGRESO PEATONAL FACHADA', 9258, 'BOGOTA-BOGOTÁ D.C.', 'BOGOTA', 1140),
(9267, 'RECORREDOR PRIMER NIVEL ZONA SUR', 9258, 'BOGOTA-BOGOTÁ D.C.', 'BOGOTA', 5060),
(9274, 'PARQUEADERO NORTE ZONA ORIENTAL', 9258, 'BOGOTA-BOGOTÁ D.C.', 'BOGOTA', 5060),
(9282, 'MUELLE SERVICIOS', 9258, 'BOGOTA-BOGOTÁ D.C.', 'BOGOTA', 1140),
(9283, 'RECORREDOR PRIMEL NIVEL SEGWAY', 9258, 'BOGOTA-BOGOTÁ D.C.', 'BOGOTA', 5060),
(9284, 'PECERA SUR', 9258, 'BOGOTA-BOGOTÁ D.C.', 'BOGOTA', 5055),
(9295, 'PARQUEADERO NORTE RECORREDOR T3', 9258, 'BOGOTA-BOGOTÁ D.C.', 'BOGOTA', 10126),
(9311, 'CONTRATISTA', 9308, 'BOGOTA-BOGOTÁ D.C.', 'BOGOTA', 1009),
(9315, 'BANDAS EQUIPAJES AVIATECA', 9312, 'BOGOTA-SAN ANDRÉS', 'BOGOTA', 10056),
(9320, 'BODEGAS AERONAVE', 9312, 'BOGOTA-BOGOTÁ D.C.', 'BOGOTA', 10056),
(9324, 'SERVICIO CALLE 128 1', 3998, 'BOGOTA-BOGOTÁ D.C.', 'BOGOTA', 5020),
(9325, 'SERVICIO CALLE 128 2', 3998, 'BOGOTA-BOGOTÁ D.C.', 'BOGOTA', 5076),
(9326, 'SERVICIO CALLE 128 3', 3998, 'BOGOTA-BOGOTÁ D.C.', 'BOGOTA', 10989),
(9329, 'SERVICIO CALLE 200 1', 3998, 'BOGOTA-BOGOTÁ D.C.', 'BOGOTA', 1009),
(9330, 'SERVICIO CALLE 2', 3998, 'BOGOTA-BOGOTÁ D.C.', 'BOGOTA', 1009),
(9331, 'SERVICIO CALLE 200 3', 3998, 'BOGOTA-BOGOTÁ D.C.', 'BOGOTA', 7072),
(9332, 'SERVICIO CALLE 222', 3998, 'BOGOTA-BOGOTÁ D.C.', 'BOGOTA', 1009),
(9333, 'OBRA 127', 3998, 'BOGOTA-BOGOTÁ D.C.', 'BOGOTA', 1009),
(9336, 'SERVICIO CALLE 127', 3998, 'BOGOTA-BOGOTÁ D.C.', 'BOGOTA', 3094),
(9337, 'RECORREDOR EXTERNO', 3998, 'BOGOTA-BOGOTÁ D.C.', 'BOGOTA', 1009),
(9341, 'SUPERVISOR CCTV', 6301, 'BOGOTA-BOGOTÁ D.C.', 'BOGOTA', 1009),
(9342, 'PLATAFORMA', 6301, 'BOGOTA-BOGOTÁ D.C.', 'BOGOTA', 1009),
(9343, 'HANGARES', 6301, 'BOGOTA-BOGOTÁ D.C.', 'BOGOTA', 1009),
(9344, 'RECEPCION', 6301, 'BOGOTA-BOGOTÁ D.C.', 'BOGOTA', 1009),
(9345, 'CARGA SECA NACIONAL', 6301, 'BOGOTA-BOGOTÁ D.C.', 'BOGOTA', 1009),
(9353, 'CONDUCTOR FINANCIERA', 9348, 'BOGOTA-BOGOTÁ D.C.', 'BOGOTA', 10043),
(9357, 'ESCOLTA', 9354, 'BOGOTA-BOGOTÁ D.C.', 'BOGOTA', 1000),
(9361, 'CONSORCIO INTERVIAS SC3', 9358, 'BOGOTA-BOGOTÁ D.C.', 'BOGOTA', 4154),
(9369, 'PORTERIA DE LA 108', 9366, 'BOGOTA-BOGOTÁ D.C.', 'BOGOTA', 1009),
(9372, 'HERBALIFE AMERICAS', 9366, 'BOGOTA-BOGOTÁ D.C.', 'BOGOTA', 5014),
(9377, 'SERVICIO SUPERVISOR CARRO 1', 9373, 'BOGOTA-BOGOTÁ D.C.', 'BOGOTA', 1000),
(9378, 'SERVICIO SUPERVISOR CARRO 2', 9373, 'BOGOTA-BOGOTÁ D.C.', 'BOGOTA', 1000),
(9379, 'COORDINADOR DEL CONTRATO', 9373, 'BOGOTA-BOGOTÁ D.C.', 'BOGOTA', 10043),
(9383, 'SERVICIO SUPERVISOR SEÑIOR ZONA ROJA', 5536, 'BOGOTA-BOGOTÁ D.C.', 'BOGOTA', 10042),
(9396, 'SERVICIO GUADALUPE', 9393, 'BOGOTA-BOGOTÁ D.C.', 'BOGOTA', 1074),
(9405, 'APOYO OBRA', 9401, 'BOGOTA-BOGOTÁ D.C.', 'BOGOTA', 4144),
(9413, 'ESCOLTA MOTORIZADO', 9410, 'BOGOTA-BOGOTÁ D.C.', 'BOGOTA', 5245),
(9417, 'INMOBILIARIA PROYECTO TORREJON', 9414, 'BOGOTA-BOGOTÁ D.C.', 'BOGOTA', 1144),
(9418, 'PUESTO PROYECTO SANTA PAULA', 9414, 'BOGOTA-BOGOTÁ D.C.', 'BOGOTA', 1144),
(9426, 'VIGILANCIA 12 HORAS', 5563, 'BOGOTA-BOGOTÁ D.C.', 'BOGOTA', 5245),
(9427, 'CEO MOSQUERA', 5563, 'BOGOTA-BOGOTÁ D.C.', 'BOGOTA', 1009),
(9431, 'VUELOS INTERNACIONALES BOGOTA', 9428, 'BOGOTA-BOGOTÁ D.C.', 'BOGOTA', 7098),
(9453, 'INSTITUTO NO FORMAL CHAPINERO', 9450, 'BOGOTA-BOGOTÁ D.C.', 'BOGOTA', 1073),
(9457, 'COLITALIA FIAT', 9454, 'BOGOTA-BOGOTÁ D.C.', 'BOGOTA', 1012),
(9461, 'TOCCI', 9458, 'BOGOTA-BOGOTÁ D.C.', 'BOGOTA', 4135),
(9470, 'MINCIVIL CANTERA MONDOÑEDO', 9466, 'BOGOTA-BOGOTÁ D.C.', 'BOGOTA', 5193),
(9471, 'MINCIVIL PLANTA MONDOÑEDO', 9466, 'BOGOTA-BOGOTÁ D.C.', 'BOGOTA', 4091),
(9472, 'MINCIVIL MONDOÑEDO 2', 9466, 'BOGOTA-BOGOTÁ D.C.', 'BOGOTA', 5193),
(9476, 'CDA CALLE 13', 7133, 'BOGOTA-BOGOTÁ D.C.', 'BOGOTA', 4145),
(9480, 'PORTERIA DORFAN', 9477, 'BOGOTA-BOGOTÁ D.C.', 'BOGOTA', 1074),
(9488, 'OFICINAS ADMON', 9485, 'BOGOTA-BOGOTÁ D.C.', 'BOGOTA', 1000),
(9489, 'CAMPAMENTO SECTOR 2 B', 9485, 'BOGOTA-BOGOTÁ D.C.', 'BOGOTA', 1144),
(9490, 'CAMPAMENTO SECTOR 1 A Y 1 B', 9485, 'BOGOTA-BOGOTÁ D.C.', 'BOGOTA', 1144),
(9494, 'PARQUEADERO TOBERIN LOGICOM', 9491, 'BOGOTA-BOGOTÁ D.C.', 'BOGOTA', 1000),
(9495, 'APOYO PORTERIA TOBERIN LOGICOM', 9491, 'BOGOTA-BOGOTÁ D.C.', 'BOGOTA', 5288),
(9499, 'SERVICIO 1', 9496, 'BOGOTA-BOGOTÁ D.C.', 'BOGOTA', 7097),
(9503, 'GUIA CANINO PLATAFORMA', 3773, 'BOGOTA-SAN ANDRÉS', 'BOGOTA', 3025),
(9504, 'BIOSENSOR MANTENIMIENTO NARC', 3773, 'BOGOTA-BOGOTÁ D.C.', 'BOGOTA', 1009),
(9507, 'BIOSENSOR ANTINARCOTICOS HUB', 3773, 'BOGOTA-BOGOTÁ D.C.', 'BOGOTA', 1009),
(9508, 'BIOSENSOR AVIONES TPA NARC', 3773, 'BOGOTA-BOGOTÁ D.C.', 'BOGOTA', 1009),
(9509, 'BIOSENSOR BANDAS NAL Y AVIONES NARC-EXPLO', 3773, 'BOGOTA-BOGOTÁ D.C.', 'BOGOTA', 1009),
(9511, 'GUIA CANINO 2P=V RECORREDOR #2', 3800, 'BOGOTA-TOCANCIPÁ', 'BOGOTA', 1058),
(9513, 'GUIA CANINO DISTRIBUCION 4 T', 3800, 'BOGOTA-BOGOTÁ D.C.', 'BOGOTA', 1009),
(9514, 'VIGI N.5 GUIA CANINO +1 PENTR', 3800, 'BOGOTA-BOGOTÁ D.C.', 'BOGOTA', 1009),
(9515, 'GUIA CANINO ANTIEXPLOSIVOS PUESTO Nª 3', 3800, 'BOGOTA-BOGOTÁ D.C.', 'BOGOTA', 1009),
(9516, 'GUA CANINO ANTIEXPLOSIVOS/ANTINARCOTICOS Nª 11', 3800, 'BOGOTA-BOGOTÁ D.C.', 'BOGOTA', 1009),
(9517, 'GUIA CANINO SEDE SOCIAL', 3800, 'BOGOTA-BOGOTÁ D.C.', 'BOGOTA', 5064),
(9518, 'CLUB NIMAHAY', 3800, 'BOGOTA-BOGOTÁ D.C.', 'BOGOTA', 1009),
(9519, 'SUPERVISOR LITORAL', 3800, 'BOGOTA-BOGOTÁ D.C.', 'BOGOTA', 1000),
(9520, 'SUPERVISOR MOVIL 11 - 2', 3833, 'BOGOTA-BOGOTÁ D.C.', 'BOGOTA', 5100),
(9521, 'LOTE AMPARO 1', 3833, 'BOGOTA-BOGOTÁ D.C.', 'BOGOTA', 1074),
(9524, 'GUIA CANINO IPS KENNEDY', 8177, 'BOGOTA-BOGOTÁ D.C.', 'BOGOTA', 1055),
(9525, 'GUIA CANINO PLAZOLETA', 8177, 'BOGOTA-BOGOTÁ D.C.', 'BOGOTA', 1009),
(9526, 'COMPENSAR CALLE 42', 8177, 'BOGOTA-BOGOTÁ D.C.', 'BOGOTA', 1009),
(9527, 'SEDE COMPENSAR AV 1 DE MAYO', 8177, 'BOGOTA-BOGOTÁ D.C.', 'BOGOTA', 1009),
(9534, 'VIGILANCIA GUIA CANINO', 9531, 'BOGOTA-BOGOTÁ D.C.', 'BOGOTA', 1009),
(9535, 'FINCA EL HATO - GUIA CANINO', 5815, 'BOGOTA-BOGOTÁ D.C.', 'BOGOTA', 1130),
(9537, 'REFUERZO MANEJADOR CANINO + 2 PERROS', 5815, 'BOGOTA-BOGOTÁ D.C.', 'BOGOTA', 5116),
(9539, 'MANEJADOR CANINO', 4427, 'BOGOTA-BOGOTÁ D.C.', 'BOGOTA', 1009),
(9540, 'BIOSENSOR MOVIL GAP NARC', 3773, 'BOGOTA-BOGOTÁ D.C.', 'BOGOTA', 1009),
(9541, 'VIGILANTE NOCTURNO', 8515, 'BOGOTA-BOGOTÁ D.C.', 'BOGOTA', 5026),
(9542, 'BIOSENSOR AREA RESTRINGIDA MUELLE INTER NIVEL 4.70', 8545, 'BOGOTA-BOGOTÁ D.C.', 'BOGOTA', 1076),
(9543, 'BIOSENSOR INGRESO MERCANCIAS 1 PISO', 8545, 'BOGOTA-BOGOTÁ D.C.', 'BOGOTA', 1076),
(9544, 'BIOSENSOR INGRESO PLATAFORMA PUERTA #4', 8545, 'BOGOTA-BOGOTÁ D.C.', 'BOGOTA', 1076),
(9545, 'BIOSENSOR INGRESO VEHICULAR A CATAM CAN 6', 8545, 'BOGOTA-BOGOTÁ D.C.', 'BOGOTA', 1076),
(9546, 'BIOSENSOR RONDON 5', 8545, 'BOGOTA-BOGOTÁ D.C.', 'BOGOTA', 1076),
(9548, 'BIOSENSOR SATELITE 19', 8545, 'BOGOTA-BOGOTÁ D.C.', 'BOGOTA', 1076),
(9554, 'BIOSENSOR TODA EL AREA NIVEL 470 MN', 8545, 'BOGOTA-BOGOTÁ D.C.', 'BOGOTA', 1076),
(9556, 'BIOSENSOR AREA PUBLICA TODO EL NIVEL 870', 8545, 'BOGOTA-BOGOTÁ D.C.', 'BOGOTA', 1076),
(9559, 'CANINO CALLE 80', 5388, 'BOGOTA-BOGOTÁ D.C.', 'BOGOTA', 5193),
(9564, 'CENTRAL DE MONITOREO', 3833, 'BOGOTA-BOGOTÁ D.C.', 'BOGOTA', 1065),
(9565, 'AYUDANTE MOVIL', 3833, 'BOGOTA-BOGOTÁ D.C.', 'BOGOTA', 1033),
(9566, 'VIGILANTE ACOMPAÑANTE MOVIL', 3833, 'BOGOTA-BOGOTÁ D.C.', 'BOGOTA', 5077),
(9567, 'CENTRAL MONITOREO', 3833, 'BOGOTA-BOGOTÁ D.C.', 'BOGOTA', 1065),
(9572, 'DISPONIBLE 1 CERREJON', 3833, 'BOGOTA-ALBANIA', 'BOGOTA', 1022),
(9578, 'OFICIOS GENERALES MEDIO TIEMPO', 3833, 'BOGOTA-ALBANIA', 'BOGOTA', 13251),
(9579, 'COORDINADORA', 3833, 'BOGOTA-ALBANIA', 'BOGOTA', 10040),
(9581, 'DISPONIBLE ADMINISTRATIVO CERREJON', 3833, 'BOGOTA-ALBANIA', 'BOGOTA', 10174),
(9584, 'ING. COMUNICACIÓN Y LOGISTICA', 3833, 'BOGOTA-BOGOTÁ D.C.', 'BOGOTA', 10040),
(9590, 'SUPERVISOR OPERATIVO KM 2 AL 21 L -- 30', 9587, 'BOGOTA-ALBANIA', 'BOGOTA', 1022),
(9591, 'GARITA ACCESO AEROPUERTO: K21', 9587, 'BOGOTA-ALBANIA', 'BOGOTA', 1022),
(9592, 'MOTORIZADO MALLA PERIMÉTRICA AEROPUERTO CANARIO', 9587, 'BOGOTA-ALBANIA', 'BOGOTA', 1022),
(9593, 'VIGILANTE P F KM 2 F-1', 9587, 'BOGOTA-ALBANIA', 'BOGOTA', 1022),
(9594, 'VIG P F: K12.8 F-4', 9587, 'BOGOTA-ALBANIA', 'BOGOTA', 1022),
(9595, 'VIG P F: Km 13.5 F-5', 9587, 'BOGOTA-ALBANIA', 'BOGOTA', 1022),
(9596, 'P.FIJO KM 15+150 F-6', 9587, 'BOGOTA-ALBANIA', 'BOGOTA', 1022),
(9597, 'P.FIJO KM 20+120 F-8', 9587, 'BOGOTA-ALBANIA', 'BOGOTA', 1022),
(9598, 'PUENTE P.FIJO: KM 3,8 AL X-1', 9587, 'BOGOTA-ALBANIA', 'BOGOTA', 1022),
(9599, 'P.FIJO: KM 7.2 X-2', 9587, 'BOGOTA-ALBANIA', 'BOGOTA', 1022),
(9600, 'P.FIJO: KM 7,2 X-12', 9587, 'BOGOTA-ALBANIA', 'BOGOTA', 5142),
(9601, 'PUENTE P.FIJO: KM 7,5 X-122', 9587, 'BOGOTA-ALBANIA', 'BOGOTA', 1022),
(9602, 'PUENTE P.FIJO: KM 9,1 X-3', 9587, 'BOGOTA-ALBANIA', 'BOGOTA', 1022),
(9603, 'PUENTE P.FIJO: KM 15,8  X-4', 9587, 'BOGOTA-ALBANIA', 'BOGOTA', 1022),
(9604, 'PUENTE P.FIJO: KM 16,2 X-5', 9587, 'BOGOTA-ALBANIA', 'BOGOTA', 1022),
(9605, 'PUENTE P.FIJO: KM 16.8 X-6', 9587, 'BOGOTA-ALBANIA', 'BOGOTA', 1022),
(9606, 'PUENTE P.FIJO: KM 17.3 X-7', 9587, 'BOGOTA-ALBANIA', 'BOGOTA', 1022),
(9607, 'PUENTE P.FIJO: KM 19.5 X-8', 9587, 'BOGOTA-ALBANIA', 'BOGOTA', 1022),
(9608, 'VIG ACOMPAÑANTE HY RAIL  H-1', 9587, 'BOGOTA-ALBANIA', 'BOGOTA', 5142),
(9609, 'VIG ACOMPAÑANTE HY RAIL  H-2', 9587, 'BOGOTA-ALBANIA', 'BOGOTA', 5142),
(9610, 'SUPERVISOR OPERATIVO  KM 21 AL 51 L-31', 9587, 'BOGOTA-ALBANIA', 'BOGOTA', 1022),
(9611, 'VIG P F: KM 23 F-9', 9587, 'BOGOTA-ALBANIA', 'BOGOTA', 1022),
(9612, 'VIG P F KM 37.9 F-15', 9587, 'BOGOTA-ALBANIA', 'BOGOTA', 1022),
(9613, 'VIG P F KM 47 TORRE A-B F-17', 9587, 'BOGOTA-ALBANIA', 'BOGOTA', 1022),
(9614, 'VIG PUENTE PUESTO FIJO: KM 30.1PF X9', 9587, 'BOGOTA-ALBANIA', 'BOGOTA', 1172),
(9616, 'SUPERVISOR KM 51 AL 80,1 L-32', 9587, 'BOGOTA-ALBANIA', 'BOGOTA', 1022),
(9617, 'VIG PUESTO FIJO KM 57.2  F-20', 9587, 'BOGOTA-ALBANIA', 'BOGOTA', 1022),
(9618, 'VIG PUENTE PUESTO FIJO: KM 53.1 X-21', 9587, 'BOGOTA-ALBANIA', 'BOGOTA', 1022),
(9619, 'VIG PUENTE PUESTOFIJO: KM 54.2 X-22', 9587, 'BOGOTA-ALBANIA', 'BOGOTA', 1022),
(9620, 'VIG PUENTE PUESTO FIJO: KM 66.8 X-23', 9587, 'BOGOTA-ALBANIA', 'BOGOTA', 1022),
(9621, 'VIG PUENTE PUESTO FIJO: KM 70.4  X-24', 9587, 'BOGOTA-ALBANIA', 'BOGOTA', 1022),
(9622, 'SUPERVISOR KM 80.1 AL 145 PBV L-33', 9587, 'BOGOTA-ALBANIA', 'BOGOTA', 1022),
(9623, 'VIG PUESTO FIJO KM 82+560 TORRE B  F-29', 9587, 'BOGOTA-ALBANIA', 'BOGOTA', 1022),
(9624, 'VIG PUESTO FIJO KM 80 AL KM 145 F-30', 9587, 'BOGOTA-ALBANIA', 'BOGOTA', 1022),
(9625, 'VIG PUESTO FIJO KM 80 AL KM 145 F-31', 9587, 'BOGOTA-ALBANIA', 'BOGOTA', 1022),
(9720, 'RECEPCION', 3800, 'GIRARDOT-HONDA', 'GIRARDOT', 1006),
(9724, 'SUPERVISOR HONDA+DORADA', 3833, 'GIRARDOT-HONDA', 'GIRARDOT', 5052),
(9725, 'Coordinador Operativo  BAQ # 1', 3773, 'Coordinador Operativo  BAQ # 1-Coordinador Operati', 'Coordinador Operativo  BAQ # 1', 2027),
(9726, 'Agente de Control Tiempo Completo BAQ # 1', 3773, 'Agente de Control Tiempo Completo BAQ # 1-Agente d', 'Agente de Control Tiempo Completo BAQ # 1', 7002),
(9727, 'Agente de Control Tiempo Completo BAQ # 2', 3773, 'Agente de Control Tiempo Completo BAQ # 2-Agente d', 'Agente de Control Tiempo Completo BAQ # 2', 7002),
(9728, 'Agente de Control Tiempo Completo BAQ # 3', 3773, 'Agente de Control Tiempo Completo BAQ # 3-Agente d', 'Agente de Control Tiempo Completo BAQ # 3', 7002),
(9729, 'Agente de Control Tiempo Completo BAQ # 4', 3773, 'Agente de Control Tiempo Completo BAQ # 4-Agente d', 'Agente de Control Tiempo Completo BAQ # 4', 7002),
(9730, 'Agente de Control Tiempo Completo BAQ # 5', 3773, 'Agente de Control Tiempo Completo BAQ # 5-Agente d', 'Agente de Control Tiempo Completo BAQ # 5', 7002),
(9731, 'Agente de Control Tiempo Completo BAQ # 6', 3773, 'Agente de Control Tiempo Completo BAQ # 6-Agente d', 'Agente de Control Tiempo Completo BAQ # 6', 7002),
(9733, 'Lider de Control BAQ # 1', 3773, 'Lider de Control BAQ # 1-Lider de Control BAQ # 1', 'Lider de Control BAQ # 1', 5052),
(9734, 'Agente de Control Medio Tiempo BAQ # 1', 3773, 'Agente de Control Medio Tiempo BAQ # 1-Agente de C', 'Agente de Control Medio Tiempo BAQ # 1', 10134),
(9735, 'Agente de Control Medio Tiempo BAQ # 2', 3773, 'Agente de Control Medio Tiempo BAQ # 2-Agente de C', 'Agente de Control Medio Tiempo BAQ # 2', 10134),
(9736, 'Agente de Control Medio Tiempo BAQ # 3', 3773, 'Agente de Control Medio Tiempo BAQ # 3-Agente de C', 'Agente de Control Medio Tiempo BAQ # 3', 10134),
(9737, 'Agente de Control Medio Tiempo BAQ # 4', 3773, 'Agente de Control Medio Tiempo BAQ # 4-Agente de C', 'Agente de Control Medio Tiempo BAQ # 4', 10134),
(9738, 'Agente de Control Medio Tiempo BAQ # 5', 3773, 'Agente de Control Medio Tiempo BAQ # 5-Agente de C', 'Agente de Control Medio Tiempo BAQ # 5', 10134),
(9739, 'Agente de Control Medio Tiempo BAQ # 6', 3773, 'Agente de Control Medio Tiempo BAQ # 6-Agente de C', 'Agente de Control Medio Tiempo BAQ # 6', 10134),
(9741, 'Agente de Control Medio Tiempo BAQ # 8', 3773, 'Agente de Control Medio Tiempo BAQ # 8-Agente de C', 'Agente de Control Medio Tiempo BAQ # 8', 10134),
(9744, 'Agente de Control Administrativo BOG # 1', 3773, 'Agente de Control Administrativo BOG # 1-Agente de', 'Agente de Control Administrativo BOG # 1', 7002),
(9745, 'Agente de Control Administrativo BOG # 2', 3773, 'Agente de Control Administrativo BOG # 2-Agente de', 'Agente de Control Administrativo BOG # 2', 7002),
(9747, 'Auditor BOG # 1', 3773, 'Auditor BOG # 1-Auditor BOG # 1', 'Auditor BOG # 1', 5052),
(9748, 'Coordinador Operativo  BOG # 1', 3773, 'Coordinador Operativo  BOG # 1-Coordinador Operati', 'Coordinador Operativo  BOG # 1', 2027),
(9749, 'Coordinador Operativo  BOG # 2', 3773, 'Coordinador Operativo  BOG # 2-Coordinador Operati', 'Coordinador Operativo  BOG # 2', 2027),
(9750, 'Coordinador Operativo  BOG # 3', 3773, 'Coordinador Operativo  BOG # 3-Coordinador Operati', 'Coordinador Operativo  BOG # 3', 2027),
(9751, 'Coordinador Operativo  BOG # 4', 3773, 'Coordinador Operativo  BOG # 4-Coordinador Operati', 'Coordinador Operativo  BOG # 4', 2027),
(9752, 'Coordinador Operativo  BOG # 5', 3773, 'Coordinador Operativo  BOG # 5-Coordinador Operati', 'Coordinador Operativo  BOG # 5', 2027),
(9753, 'Coordinador Operativo  BOG # 6', 3773, 'Coordinador Operativo  BOG # 6-Coordinador Operati', 'Coordinador Operativo  BOG # 6', 2027),
(9755, 'Coordinador Operativo  BOG # 8', 3773, 'Coordinador Operativo  BOG # 8-Coordinador Operati', 'Coordinador Operativo  BOG # 8', 2027),
(9757, 'Agente de Control Tiempo Completo BOG # 1', 3773, 'Agente de Control Tiempo Completo BOG # 1-Agente d', 'Agente de Control Tiempo Completo BOG # 1', 7002),
(9758, 'Agente de Control Tiempo Completo BOG # 2', 3773, 'Agente de Control Tiempo Completo BOG # 2-Agente d', 'Agente de Control Tiempo Completo BOG # 2', 7002),
(9759, 'Agente de Control Tiempo Completo BOG # 3', 3773, 'Agente de Control Tiempo Completo BOG # 3-Agente d', 'Agente de Control Tiempo Completo BOG # 3', 7002),
(9760, 'Agente de Control Tiempo Completo BOG # 4', 3773, 'Agente de Control Tiempo Completo BOG # 4-Agente d', 'Agente de Control Tiempo Completo BOG # 4', 7002),
(9761, 'Agente de Control Tiempo Completo BOG # 5', 3773, 'Agente de Control Tiempo Completo BOG # 5-Agente d', 'Agente de Control Tiempo Completo BOG # 5', 7002),
(9769, 'Agente de Control Tiempo Completo BOG # 13', 3773, 'Agente de Control Tiempo Completo BOG # 13-Agente ', 'Agente de Control Tiempo Completo BOG # 13', 7002),
(9770, 'Agente de Control Tiempo Completo BOG # 14', 3773, 'Agente de Control Tiempo Completo BOG # 14-Agente ', 'Agente de Control Tiempo Completo BOG # 14', 7002),
(9771, 'Agente de Control Tiempo Completo BOG # 15', 3773, 'Agente de Control Tiempo Completo BOG # 15-Agente ', 'Agente de Control Tiempo Completo BOG # 15', 7002),
(9772, 'Agente de Control Tiempo Completo BOG # 16', 3773, 'Agente de Control Tiempo Completo BOG # 16-Agente ', 'Agente de Control Tiempo Completo BOG # 16', 7002),
(9773, 'Agente de Control Tiempo Completo BOG # 17', 3773, 'Agente de Control Tiempo Completo BOG # 17-Agente ', 'Agente de Control Tiempo Completo BOG # 17', 7002),
(9774, 'Agente de Control Tiempo Completo BOG # 18', 3773, 'Agente de Control Tiempo Completo BOG # 18-Agente ', 'Agente de Control Tiempo Completo BOG # 18', 7002),
(9775, 'Agente de Control Tiempo Completo BOG # 19', 3773, 'Agente de Control Tiempo Completo BOG # 19-Agente ', 'Agente de Control Tiempo Completo BOG # 19', 7002),
(9777, 'Agente de Control Tiempo Completo BOG # 21', 3773, 'Agente de Control Tiempo Completo BOG # 21-Agente ', 'Agente de Control Tiempo Completo BOG # 21', 7002),
(9778, 'Agente de Control Tiempo Completo BOG # 22', 3773, 'Agente de Control Tiempo Completo BOG # 22-Agente ', 'Agente de Control Tiempo Completo BOG # 22', 7002),
(9779, 'Agente de Control Tiempo Completo BOG # 23', 3773, 'Agente de Control Tiempo Completo BOG # 23-Agente ', 'Agente de Control Tiempo Completo BOG # 23', 7002),
(9780, 'Agente de Control Tiempo Completo BOG # 24', 3773, 'Agente de Control Tiempo Completo BOG # 24-Agente ', 'Agente de Control Tiempo Completo BOG # 24', 7002),
(9781, 'Agente de Control Tiempo Completo BOG # 25', 3773, 'Agente de Control Tiempo Completo BOG # 25-Agente ', 'Agente de Control Tiempo Completo BOG # 25', 7002),
(9782, 'Agente de Control Tiempo Completo BOG # 26', 3773, 'Agente de Control Tiempo Completo BOG # 26-Agente ', 'Agente de Control Tiempo Completo BOG # 26', 7002),
(9783, 'Agente de Control Tiempo Completo BOG # 27', 3773, 'Agente de Control Tiempo Completo BOG # 27-Agente ', 'Agente de Control Tiempo Completo BOG # 27', 7002),
(9786, 'Agente de Control Tiempo Completo BOG # 30', 3773, 'Agente de Control Tiempo Completo BOG # 30-Agente ', 'Agente de Control Tiempo Completo BOG # 30', 7002),
(9787, 'Agente de Control Tiempo Completo BOG # 31', 3773, 'Agente de Control Tiempo Completo BOG # 31-Agente ', 'Agente de Control Tiempo Completo BOG # 31', 7002),
(9788, 'Agente de Control Tiempo Completo BOG # 32', 3773, 'Agente de Control Tiempo Completo BOG # 32-Agente ', 'Agente de Control Tiempo Completo BOG # 32', 7002),
(9789, 'Agente de Control Tiempo Completo BOG # 33', 3773, 'Agente de Control Tiempo Completo BOG # 33-Agente ', 'Agente de Control Tiempo Completo BOG # 33', 7002),
(9790, 'Agente de Control Tiempo Completo BOG # 34', 3773, 'Agente de Control Tiempo Completo BOG # 34-Agente ', 'Agente de Control Tiempo Completo BOG # 34', 7002),
(9793, 'Agente de Control Tiempo Completo BOG # 37', 3773, 'Agente de Control Tiempo Completo BOG # 37-Agente ', 'Agente de Control Tiempo Completo BOG # 37', 7002),
(9794, 'Agente de Control Tiempo Completo BOG # 38', 3773, 'Agente de Control Tiempo Completo BOG # 38-Agente ', 'Agente de Control Tiempo Completo BOG # 38', 7002),
(9796, 'Agente de Control Tiempo Completo BOG # 40', 3773, 'Agente de Control Tiempo Completo BOG # 40-Agente ', 'Agente de Control Tiempo Completo BOG # 40', 7002),
(9797, 'Agente de Control Tiempo Completo BOG # 41', 3773, 'Agente de Control Tiempo Completo BOG # 41-Agente ', 'Agente de Control Tiempo Completo BOG # 41', 7002),
(9798, 'Agente de Control Tiempo Completo BOG # 42', 3773, 'Agente de Control Tiempo Completo BOG # 42-Agente ', 'Agente de Control Tiempo Completo BOG # 42', 7002),
(9799, 'Agente de Control Tiempo Completo BOG # 43', 3773, 'Agente de Control Tiempo Completo BOG # 43-Agente ', 'Agente de Control Tiempo Completo BOG # 43', 7002),
(9988, 'Agente de Control Tiempo Completo BOG # 232', 3773, 'Agente de Control Tiempo Completo BOG # 232-Agente', 'Agente de Control Tiempo Completo BOG # 232', 7002),
(9989, 'Instructor BOG # 1', 3773, 'Instructor BOG # 1-Instructor BOG # 1', 'Instructor BOG # 1', 7002),
(9997, 'Lider de Control BOG # 2', 3773, 'Lider de Control BOG # 2-Lider de Control BOG # 2', 'Lider de Control BOG # 2', 5052),
(10013, 'Lider de Control BOG # 18', 3773, 'Lider de Control BOG # 18-Lider de Control BOG # 1', 'Lider de Control BOG # 18', 5052),
(10016, 'Lider de Control BOG # 21', 3773, 'Lider de Control BOG # 21-Lider de Control BOG # 2', 'Lider de Control BOG # 21', 5052),
(10019, 'Lider de Control BOG # 24', 3773, 'Lider de Control BOG # 24-Lider de Control BOG # 2', 'Lider de Control BOG # 24', 5052),
(10020, 'Agente de Control Medio Tiempo BOG # 1', 3773, 'Agente de Control Medio Tiempo BOG # 1-Agente de C', 'Agente de Control Medio Tiempo BOG # 1', 10134),
(10036, 'Agente de Control Medio Tiempo BOG # 17', 3773, 'Agente de Control Medio Tiempo BOG # 17-Agente de ', 'Agente de Control Medio Tiempo BOG # 17', 10134),
(10039, 'Agente de Control Medio Tiempo BOG # 20', 3773, 'Agente de Control Medio Tiempo BOG # 20-Agente de ', 'Agente de Control Medio Tiempo BOG # 20', 10134),
(10040, 'Agente de Control Medio Tiempo BOG # 21', 3773, 'Agente de Control Medio Tiempo BOG # 21-Agente de ', 'Agente de Control Medio Tiempo BOG # 21', 10134),
(10041, 'Agente de Control Medio Tiempo BOG # 22', 3773, 'Agente de Control Medio Tiempo BOG # 22-Agente de ', 'Agente de Control Medio Tiempo BOG # 22', 10134),
(10042, 'Agente de Control Medio Tiempo BOG # 23', 3773, 'Agente de Control Medio Tiempo BOG # 23-Agente de ', 'Agente de Control Medio Tiempo BOG # 23', 10134),
(10043, 'Agente de Control Medio Tiempo BOG # 24', 3773, 'Agente de Control Medio Tiempo BOG # 24-Agente de ', 'Agente de Control Medio Tiempo BOG # 24', 10134),
(10044, 'Agente de Control Medio Tiempo BOG # 25', 3773, 'Agente de Control Medio Tiempo BOG # 25-Agente de ', 'Agente de Control Medio Tiempo BOG # 25', 10134),
(10047, 'Agente de Control Medio Tiempo BOG # 28', 3773, 'Agente de Control Medio Tiempo BOG # 28-Agente de ', 'Agente de Control Medio Tiempo BOG # 28', 10134),
(10048, 'Agente de Control Medio Tiempo BOG # 29', 3773, 'Agente de Control Medio Tiempo BOG # 29-Agente de ', 'Agente de Control Medio Tiempo BOG # 29', 10134),
(10053, 'Agente de Control Medio Tiempo BOG # 34', 3773, 'Agente de Control Medio Tiempo BOG # 34-Agente de ', 'Agente de Control Medio Tiempo BOG # 34', 10134),
(10054, 'Agente de Control Medio Tiempo BOG # 35', 3773, 'Agente de Control Medio Tiempo BOG # 35-Agente de ', 'Agente de Control Medio Tiempo BOG # 35', 10134),
(10055, 'Agente de Control Medio Tiempo BOG # 36', 3773, 'Agente de Control Medio Tiempo BOG # 36-Agente de ', 'Agente de Control Medio Tiempo BOG # 36', 10134),
(10069, 'Agente de Control Medio Tiempo BOG # 50', 3773, 'Agente de Control Medio Tiempo BOG # 50-Agente de ', 'Agente de Control Medio Tiempo BOG # 50', 10134),
(10129, 'Agente de Control Medio Tiempo BOG # 110', 3773, 'Agente de Control Medio Tiempo BOG # 110-Agente de', 'Agente de Control Medio Tiempo BOG # 110', 10134),
(10140, 'Agente de Control Medio Tiempo BOG # 121', 3773, 'Agente de Control Medio Tiempo BOG # 121-Agente de', 'Agente de Control Medio Tiempo BOG # 121', 10134),
(10186, 'Coordinador Operativo  CLO # 1', 3773, 'Coordinador Operativo  CLO # 1-Coordinador Operati', 'Coordinador Operativo  CLO # 1', 2027),
(10188, 'Agente de Control Tiempo Completo CLO # 2', 3773, 'Agente de Control Tiempo Completo CLO # 2-Agente d', 'Agente de Control Tiempo Completo CLO # 2', 7002),
(10190, 'Agente de Control Tiempo Completo CLO # 4', 3773, 'Agente de Control Tiempo Completo CLO # 4-Agente d', 'Agente de Control Tiempo Completo CLO # 4', 7002),
(10191, 'Agente de Control Tiempo Completo CLO # 5', 3773, 'Agente de Control Tiempo Completo CLO # 5-Agente d', 'Agente de Control Tiempo Completo CLO # 5', 7002),
(10194, 'Agente de Control Tiempo Completo CLO # 8', 3773, 'Agente de Control Tiempo Completo CLO # 8-Agente d', 'Agente de Control Tiempo Completo CLO # 8', 7002),
(10195, 'Agente de Control Tiempo Completo CLO # 9', 3773, 'Agente de Control Tiempo Completo CLO # 9-Agente d', 'Agente de Control Tiempo Completo CLO # 9', 7002),
(10196, 'Agente de Control Tiempo Completo CLO # 10', 3773, 'Agente de Control Tiempo Completo CLO # 10-Agente ', 'Agente de Control Tiempo Completo CLO # 10', 7002),
(10197, 'Agente de Control Tiempo Completo CLO # 11', 3773, 'Agente de Control Tiempo Completo CLO # 11-Agente ', 'Agente de Control Tiempo Completo CLO # 11', 7002),
(10198, 'Agente de Control Tiempo Completo CLO # 12', 3773, 'Agente de Control Tiempo Completo CLO # 12-Agente ', 'Agente de Control Tiempo Completo CLO # 12', 7002),
(10199, 'Agente de Control Tiempo Completo CLO # 13', 3773, 'Agente de Control Tiempo Completo CLO # 13-Agente ', 'Agente de Control Tiempo Completo CLO # 13', 7002),
(10200, 'Agente de Control Tiempo Completo CLO # 14', 3773, 'Agente de Control Tiempo Completo CLO # 14-Agente ', 'Agente de Control Tiempo Completo CLO # 14', 7002),
(10202, 'Agente de Control Tiempo Completo CLO # 16', 3773, 'Agente de Control Tiempo Completo CLO # 16-Agente ', 'Agente de Control Tiempo Completo CLO # 16', 7002),
(10203, 'Agente de Control Tiempo Completo CLO # 17', 3773, 'Agente de Control Tiempo Completo CLO # 17-Agente ', 'Agente de Control Tiempo Completo CLO # 17', 7002),
(10204, 'Agente de Control Tiempo Completo CLO # 18', 3773, 'Agente de Control Tiempo Completo CLO # 18-Agente ', 'Agente de Control Tiempo Completo CLO # 18', 7002),
(10205, 'Agente de Control Tiempo Completo CLO # 19', 3773, 'Agente de Control Tiempo Completo CLO # 19-Agente ', 'Agente de Control Tiempo Completo CLO # 19', 7002),
(10206, 'Agente de Control Tiempo Completo CLO # 20', 3773, 'Agente de Control Tiempo Completo CLO # 20-Agente ', 'Agente de Control Tiempo Completo CLO # 20', 7002),
(10208, 'Agente de Control Tiempo Completo CLO # 22', 3773, 'Agente de Control Tiempo Completo CLO # 22-Agente ', 'Agente de Control Tiempo Completo CLO # 22', 7002),
(10209, 'Agente de Control Tiempo Completo CLO # 23', 3773, 'Agente de Control Tiempo Completo CLO # 23-Agente ', 'Agente de Control Tiempo Completo CLO # 23', 7002),
(10210, 'Agente de Control Tiempo Completo CLO # 24', 3773, 'Agente de Control Tiempo Completo CLO # 24-Agente ', 'Agente de Control Tiempo Completo CLO # 24', 7002),
(10211, 'Agente de Control Tiempo Completo CLO # 25', 3773, 'Agente de Control Tiempo Completo CLO # 25-Agente ', 'Agente de Control Tiempo Completo CLO # 25', 7002),
(10212, 'Lider de Control CLO # 1', 3773, 'Lider de Control CLO # 1-Lider de Control CLO # 1', 'Lider de Control CLO # 1', 5052),
(10213, 'Lider de Control CLO # 2', 3773, 'Lider de Control CLO # 2-Lider de Control CLO # 2', 'Lider de Control CLO # 2', 5052),
(10214, 'Agente de Control Medio Tiempo CLO # 1', 3773, 'Agente de Control Medio Tiempo CLO # 1-Agente de C', 'Agente de Control Medio Tiempo CLO # 1', 10134),
(10215, 'Agente de Control Medio Tiempo CLO # 2', 3773, 'Agente de Control Medio Tiempo CLO # 2-Agente de C', 'Agente de Control Medio Tiempo CLO # 2', 10134),
(10216, 'Agente de Control Medio Tiempo CLO # 3', 3773, 'Agente de Control Medio Tiempo CLO # 3-Agente de C', 'Agente de Control Medio Tiempo CLO # 3', 10134),
(10217, 'Agente de Control Medio Tiempo CLO # 4', 3773, 'Agente de Control Medio Tiempo CLO # 4-Agente de C', 'Agente de Control Medio Tiempo CLO # 4', 10134),
(10218, 'Agente de Control Medio Tiempo CLO # 5', 3773, 'Agente de Control Medio Tiempo CLO # 5-Agente de C', 'Agente de Control Medio Tiempo CLO # 5', 10134),
(10220, 'Agente de Control Medio Tiempo CLO # 7', 3773, 'Agente de Control Medio Tiempo CLO # 7-Agente de C', 'Agente de Control Medio Tiempo CLO # 7', 10134),
(10221, 'Agente de Control Medio Tiempo CLO # 8', 3773, 'Agente de Control Medio Tiempo CLO # 8-Agente de C', 'Agente de Control Medio Tiempo CLO # 8', 10134);
INSERT INTO `puesto` (`id_puesto`, `nombre_puesto`, `cliente_id`, `direccion_puesto`, `ciudad`, `modalidad_id`) VALUES
(10222, 'Agente de Control Medio Tiempo CLO # 9', 3773, 'Agente de Control Medio Tiempo CLO # 9-Agente de C', 'Agente de Control Medio Tiempo CLO # 9', 10134),
(10223, 'Agente de Control Medio Tiempo CLO # 10', 3773, 'Agente de Control Medio Tiempo CLO # 10-Agente de ', 'Agente de Control Medio Tiempo CLO # 10', 10134),
(10224, 'Agente de Control Medio Tiempo CLO # 11', 3773, 'Agente de Control Medio Tiempo CLO # 11-Agente de ', 'Agente de Control Medio Tiempo CLO # 11', 10134),
(10230, 'Coordinador Operativo  CTG # 1', 3773, 'Coordinador Operativo  CTG # 1-Coordinador Operati', 'Coordinador Operativo  CTG # 1', 2027),
(10231, 'Agente de Control Tiempo Completo CTG # 1', 3773, 'Agente de Control Tiempo Completo CTG # 1-Agente d', 'Agente de Control Tiempo Completo CTG # 1', 7002),
(10232, 'Agente de Control Tiempo Completo CTG # 2', 3773, 'Agente de Control Tiempo Completo CTG # 2-Agente d', 'Agente de Control Tiempo Completo CTG # 2', 7002),
(10233, 'Agente de Control Tiempo Completo CTG # 3', 3773, 'Agente de Control Tiempo Completo CTG # 3-Agente d', 'Agente de Control Tiempo Completo CTG # 3', 7002),
(10234, 'Agente de Control Tiempo Completo CTG # 4', 3773, 'Agente de Control Tiempo Completo CTG # 4-Agente d', 'Agente de Control Tiempo Completo CTG # 4', 7002),
(10235, 'Agente de Control Tiempo Completo CTG # 5', 3773, 'Agente de Control Tiempo Completo CTG # 5-Agente d', 'Agente de Control Tiempo Completo CTG # 5', 7002),
(10236, 'Agente de Control Tiempo Completo CTG # 6', 3773, 'Agente de Control Tiempo Completo CTG # 6-Agente d', 'Agente de Control Tiempo Completo CTG # 6', 7002),
(10237, 'Agente de Control Tiempo Completo CTG # 7', 3773, 'Agente de Control Tiempo Completo CTG # 7-Agente d', 'Agente de Control Tiempo Completo CTG # 7', 7002),
(10239, 'Agente de Control Tiempo Completo CTG # 9', 3773, 'Agente de Control Tiempo Completo CTG # 9-Agente d', 'Agente de Control Tiempo Completo CTG # 9', 7002),
(10240, 'Agente de Control Tiempo Completo CTG # 10', 3773, 'Agente de Control Tiempo Completo CTG # 10-Agente ', 'Agente de Control Tiempo Completo CTG # 10', 7002),
(10241, 'Agente de Control Tiempo Completo CTG # 11', 3773, 'Agente de Control Tiempo Completo CTG # 11-Agente ', 'Agente de Control Tiempo Completo CTG # 11', 7002),
(10242, 'Agente de Control Tiempo Completo CTG # 12', 3773, 'Agente de Control Tiempo Completo CTG # 12-Agente ', 'Agente de Control Tiempo Completo CTG # 12', 7002),
(10243, 'Lider de Control CTG # 1', 3773, 'Lider de Control CTG # 1-Lider de Control CTG # 1', 'Lider de Control CTG # 1', 5052),
(10244, 'Agente de Control Medio Tiempo CTG # 1', 3773, 'Agente de Control Medio Tiempo CTG # 1-Agente de C', 'Agente de Control Medio Tiempo CTG # 1', 10134),
(10245, 'Agente de Control Medio Tiempo CTG # 2', 3773, 'Agente de Control Medio Tiempo CTG # 2-Agente de C', 'Agente de Control Medio Tiempo CTG # 2', 10134),
(10247, 'Agente de Control Tiempo Completo MDE # 1', 3773, 'Agente de Control Tiempo Completo MDE # 1-Agente d', 'Agente de Control Tiempo Completo MDE # 1', 7002),
(10248, 'Agente de Control Tiempo Completo MDE # 2', 3773, 'Agente de Control Tiempo Completo MDE # 2-Agente d', 'Agente de Control Tiempo Completo MDE # 2', 7002),
(10249, 'Agente de Control Tiempo Completo MDE # 3', 3773, 'Agente de Control Tiempo Completo MDE # 3-Agente d', 'Agente de Control Tiempo Completo MDE # 3', 7002),
(10250, 'Agente de Control Tiempo Completo MDE # 4', 3773, 'Agente de Control Tiempo Completo MDE # 4-Agente d', 'Agente de Control Tiempo Completo MDE # 4', 7002),
(10251, 'Agente de Control Tiempo Completo MDE # 5', 3773, 'Agente de Control Tiempo Completo MDE # 5-Agente d', 'Agente de Control Tiempo Completo MDE # 5', 7002),
(10253, 'Agente de Control Tiempo Completo MDE # 7', 3773, 'Agente de Control Tiempo Completo MDE # 7-Agente d', 'Agente de Control Tiempo Completo MDE # 7', 7002),
(10254, 'Agente de Control Tiempo Completo MDE # 8', 3773, 'Agente de Control Tiempo Completo MDE # 8-Agente d', 'Agente de Control Tiempo Completo MDE # 8', 7002),
(10256, 'Agente de Control Tiempo Completo MDE # 10', 3773, 'Agente de Control Tiempo Completo MDE # 10-Agente ', 'Agente de Control Tiempo Completo MDE # 10', 7002),
(10257, 'Agente de Control Tiempo Completo MDE # 11', 3773, 'Agente de Control Tiempo Completo MDE # 11-Agente ', 'Agente de Control Tiempo Completo MDE # 11', 7002),
(10258, 'Agente de Control Tiempo Completo MDE # 12', 3773, 'Agente de Control Tiempo Completo MDE # 12-Agente ', 'Agente de Control Tiempo Completo MDE # 12', 7002),
(10259, 'Agente de Control Tiempo Completo MDE # 13', 3773, 'Agente de Control Tiempo Completo MDE # 13-Agente ', 'Agente de Control Tiempo Completo MDE # 13', 7002),
(10260, 'Agente de Control Tiempo Completo MDE # 14', 3773, 'Agente de Control Tiempo Completo MDE # 14-Agente ', 'Agente de Control Tiempo Completo MDE # 14', 7002),
(10261, 'Agente de Control Tiempo Completo MDE # 15', 3773, 'Agente de Control Tiempo Completo MDE # 15-Agente ', 'Agente de Control Tiempo Completo MDE # 15', 7002),
(10262, 'Agente de Control Tiempo Completo MDE # 16', 3773, 'Agente de Control Tiempo Completo MDE # 16-Agente ', 'Agente de Control Tiempo Completo MDE # 16', 7002),
(10263, 'Agente de Control Tiempo Completo MDE # 17', 3773, 'Agente de Control Tiempo Completo MDE # 17-Agente ', 'Agente de Control Tiempo Completo MDE # 17', 7002),
(10264, 'Agente de Control Tiempo Completo MDE # 18', 3773, 'Agente de Control Tiempo Completo MDE # 18-Agente ', 'Agente de Control Tiempo Completo MDE # 18', 7002),
(10265, 'Agente de Control Tiempo Completo MDE # 19', 3773, 'Agente de Control Tiempo Completo MDE # 19-Agente ', 'Agente de Control Tiempo Completo MDE # 19', 7002),
(10268, 'Agente de Control Tiempo Completo MDE # 22', 3773, 'Agente de Control Tiempo Completo MDE # 22-Agente ', 'Agente de Control Tiempo Completo MDE # 22', 7002),
(10269, 'Agente de Control Tiempo Completo MDE # 23', 3773, 'Agente de Control Tiempo Completo MDE # 23-Agente ', 'Agente de Control Tiempo Completo MDE # 23', 7002),
(10270, 'Agente de Control Tiempo Completo MDE # 24', 3773, 'Agente de Control Tiempo Completo MDE # 24-Agente ', 'Agente de Control Tiempo Completo MDE # 24', 7002),
(10271, 'Agente de Control Tiempo Completo MDE # 25', 3773, 'Agente de Control Tiempo Completo MDE # 25-Agente ', 'Agente de Control Tiempo Completo MDE # 25', 7002),
(10272, 'Agente de Control Tiempo Completo MDE # 26', 3773, 'Agente de Control Tiempo Completo MDE # 26-Agente ', 'Agente de Control Tiempo Completo MDE # 26', 7002),
(10274, 'Agente de Control Tiempo Completo MDE # 28', 3773, 'Agente de Control Tiempo Completo MDE # 28-Agente ', 'Agente de Control Tiempo Completo MDE # 28', 7002),
(10275, 'Agente de Control Tiempo Completo MDE # 29', 3773, 'Agente de Control Tiempo Completo MDE # 29-Agente ', 'Agente de Control Tiempo Completo MDE # 29', 7002),
(10276, 'Agente de Control Tiempo Completo MDE # 30', 3773, 'Agente de Control Tiempo Completo MDE # 30-Agente ', 'Agente de Control Tiempo Completo MDE # 30', 7002),
(10278, 'Agente de Control Tiempo Completo MDE # 32', 3773, 'Agente de Control Tiempo Completo MDE # 32-Agente ', 'Agente de Control Tiempo Completo MDE # 32', 7002),
(10279, 'Lider de Control MDE # 1', 3773, 'Lider de Control MDE # 1-Lider de Control MDE # 1', 'Lider de Control MDE # 1', 5052),
(10280, 'Lider de Control MDE # 2', 3773, 'Lider de Control MDE # 2-Lider de Control MDE # 2', 'Lider de Control MDE # 2', 5052),
(10281, 'Agente de Control Medio Tiempo MDE # 1', 3773, 'Agente de Control Medio Tiempo MDE # 1-Agente de C', 'Agente de Control Medio Tiempo MDE # 1', 10134),
(10282, 'Agente de Control Medio Tiempo MDE # 2', 3773, 'Agente de Control Medio Tiempo MDE # 2-Agente de C', 'Agente de Control Medio Tiempo MDE # 2', 10134),
(10283, 'Agente de Control Medio Tiempo MDE # 3', 3773, 'Agente de Control Medio Tiempo MDE # 3-Agente de C', 'Agente de Control Medio Tiempo MDE # 3', 10134),
(10285, 'Agente de Control Medio Tiempo MDE # 5', 3773, 'Agente de Control Medio Tiempo MDE # 5-Agente de C', 'Agente de Control Medio Tiempo MDE # 5', 10134),
(10286, 'Agente de Control Medio Tiempo MDE # 6', 3773, 'Agente de Control Medio Tiempo MDE # 6-Agente de C', 'Agente de Control Medio Tiempo MDE # 6', 10134),
(10288, 'Agente de Control Medio Tiempo MDE # 8', 3773, 'Agente de Control Medio Tiempo MDE # 8-Agente de C', 'Agente de Control Medio Tiempo MDE # 8', 10134),
(10289, 'Agente de Control Medio Tiempo MDE # 9', 3773, 'Agente de Control Medio Tiempo MDE # 9-Agente de C', 'Agente de Control Medio Tiempo MDE # 9', 10134),
(10291, 'Agente de Control Medio Tiempo MDE # 11', 3773, 'Agente de Control Medio Tiempo MDE # 11-Agente de ', 'Agente de Control Medio Tiempo MDE # 11', 10134),
(10292, 'Agente de Control Medio Tiempo MDE # 12', 3773, 'Agente de Control Medio Tiempo MDE # 12-Agente de ', 'Agente de Control Medio Tiempo MDE # 12', 10134),
(10293, 'Agente de Control Medio Tiempo MDE # 13', 3773, 'MEDELLIN-RIONEGRO', 'MEDELLIN', 10134),
(10294, 'Agente de Control Medio Tiempo MDE # 14', 3773, 'Agente de Control Medio Tiempo MDE # 14-Agente de ', 'Agente de Control Medio Tiempo MDE # 14', 10134),
(10295, 'Agente de Control Medio Tiempo MDE # 15', 3773, 'Agente de Control Medio Tiempo MDE # 15-Agente de ', 'Agente de Control Medio Tiempo MDE # 15', 10134),
(10298, 'Coordinador Operativo  PEI # 1', 3773, 'Coordinador Operativo  PEI # 1-Coordinador Operati', 'Coordinador Operativo  PEI # 1', 2027),
(10299, 'Lider de Control PEI # 1', 3773, 'Lider de Control PEI # 1-Lider de Control PEI # 1', 'Lider de Control PEI # 1', 5052),
(10300, 'Agente de Control Medio Tiempo PEI # 1', 3773, 'Agente de Control Medio Tiempo PEI # 1-Agente de C', 'Agente de Control Medio Tiempo PEI # 1', 10134),
(10301, 'Agente de Control Medio Tiempo PEI # 2', 3773, 'Agente de Control Medio Tiempo PEI # 2-Agente de C', 'Agente de Control Medio Tiempo PEI # 2', 10134),
(10302, 'Agente de Control Medio Tiempo PEI # 3', 3773, 'Agente de Control Medio Tiempo PEI # 3-Agente de C', 'Agente de Control Medio Tiempo PEI # 3', 10134),
(10303, 'Agente de Control Medio Tiempo PEI # 4', 3773, 'Agente de Control Medio Tiempo PEI # 4-Agente de C', 'Agente de Control Medio Tiempo PEI # 4', 10134),
(10304, 'Agente de Control Medio Tiempo PEI # 5', 3773, 'Agente de Control Medio Tiempo PEI # 5-Agente de C', 'Agente de Control Medio Tiempo PEI # 5', 10134),
(10305, 'Agente de Control Medio Tiempo PEI # 6', 3773, 'Agente de Control Medio Tiempo PEI # 6-Agente de C', 'Agente de Control Medio Tiempo PEI # 6', 10134),
(10306, 'Agente de Control Medio Tiempo PEI # 7', 3773, 'Agente de Control Medio Tiempo PEI # 7-Agente de C', 'Agente de Control Medio Tiempo PEI # 7', 10134),
(10307, 'Agente de Control Medio Tiempo PEI # 8', 3773, 'Agente de Control Medio Tiempo PEI # 8-Agente de C', 'Agente de Control Medio Tiempo PEI # 8', 10134),
(10308, 'Agente de Control Medio Tiempo PEI # 9', 3773, 'Agente de Control Medio Tiempo PEI # 9-Agente de C', 'Agente de Control Medio Tiempo PEI # 9', 10134),
(10309, 'Agente de Control Medio Tiempo PEI # 10', 3773, 'Agente de Control Medio Tiempo PEI # 10-Agente de ', 'Agente de Control Medio Tiempo PEI # 10', 10134),
(10310, 'Agente de Control Medio Tiempo PEI # 11', 3773, 'Agente de Control Medio Tiempo PEI # 11-Agente de ', 'Agente de Control Medio Tiempo PEI # 11', 10134),
(10311, 'Agente de Control Medio Tiempo PEI # 12', 3773, 'Agente de Control Medio Tiempo PEI # 12-Agente de ', 'Agente de Control Medio Tiempo PEI # 12', 10134),
(10326, 'En Proceso de Ingreso', 7230, 'BOGOTA-BOGOTÁ D.C.', 'BOGOTA', 7000),
(10396, 'PORTERIA OFIC MEDELLIN', 10331, 'BUCARAMANGA-GIRÓN', 'BUCARAMANGA', 1004),
(10398, 'RONDERO OFIC MEDELLIN', 10331, 'BUCARAMANGA-BUCARAMANGA', 'BUCARAMANGA', 5053),
(10402, 'REMEDIOS PORTERIA', 10331, 'BUCARAMANGA-GIRÓN', 'BUCARAMANGA', 1004),
(10406, 'QUIBDO PORTERIA', 10331, 'BUCARAMANGA-SABANA DE TORRES', 'BUCARAMANGA', 1004),
(10410, 'AGENCIA PORTERIA NOBSA', 10331, 'BUCARAMANGA-GIRÓN', 'BUCARAMANGA', 1004),
(10411, 'AGENCIA RECORREDOR NOBSA', 10331, 'CALI-PUERTO ASÍS', 'CALI', 1004),
(10431, 'A. MINAS MANIZALES', 10331, 'MEDELLIN-MEDELLIN', 'MEDELLIN', 1004),
(10432, 'ESM MARMATO CALDAS', 10331, 'MEDELLIN-RIONEGRO', 'MEDELLIN', 1004),
(10455, 'UPME', 10331, 'BOGOTA-BOGOTÁ D.C.', 'BOGOTA', 5053),
(10507, 'INMUEBLE BARRANQUILLITA', 10378, 'BOGOTA-BOGOTÁ D.C.', 'BOGOTA', 1004),
(10508, 'PLANTA BARANOA PARQUEADERO CAMIONES', 10378, 'BOGOTA-BOGOTÁ D.C.', 'BOGOTA', 5184),
(10513, 'EDS MOLINO', 10378, 'BOGOTA-BOGOTÁ D.C.', 'BOGOTA', 1004),
(10578, 'RECORREDOR PLANTA LA FORTUNA', 10378, 'BOGOTA-BOGOTÁ D.C.', 'BOGOTA', 1004),
(10594, 'PLANTA MULALO ENTRADA PPAL', 10378, 'BOGOTA-BOGOTÁ D.C.', 'BOGOTA', 1004),
(10595, 'PLANTA MULALO RECORREDOR', 10378, 'BOGOTA-BOGOTÁ D.C.', 'BOGOTA', 1004),
(10600, 'PLANTA BUGA', 10378, 'BOGOTA-BOGOTÁ D.C.', 'BOGOTA', 1004),
(10601, 'PLANTA COMPRESORA BUGA (MADRE BUGA)', 10378, 'BOGOTA-BOGOTÁ D.C.', 'BOGOTA', 1004),
(10605, 'PLANTA AEROPUERTO ALFONSO BONILLA PUERTA PPAL', 10378, 'BOGOTA-BOGOTÁ D.C.', 'BOGOTA', 1004),
(10609, 'EDS EL RECREO', 10378, 'BOGOTA-BOGOTÁ D.C.', 'BOGOTA', 5193),
(10613, 'EDS MARBELLA', 10378, 'BOGOTA-BOGOTÁ D.C.', 'BOGOTA', 1004),
(10614, 'LOTE PUENTE TIERRA', 10378, 'BOGOTA-BOGOTÁ D.C.', 'BOGOTA', 1004),
(10622, 'PLANTA TERPEL FLORENCIA', 10378, 'BOGOTA-BOGOTÁ D.C.', 'BOGOTA', 1004),
(10627, 'PLANTA ABASTO GUALANDAY', 10378, 'BOGOTA-BOGOTÁ D.C.', 'BOGOTA', 1004),
(10643, 'EDS MONTECRISTO', 10378, 'BOGOTA-BOGOTÁ D.C.', 'BOGOTA', 1004),
(10667, 'PLANTA LA PINTADA', 10378, 'BOGOTA-BOGOTÁ D.C.', 'BOGOTA', 1004),
(10687, 'PREDIO LA LOMA', 10378, 'MEDELLIN-MEDELLIN', 'MEDELLIN', 1004),
(10692, 'PORTERIA ESTACIÓN AEROPUERTO', 10378, 'MEDELLIN-MEDELLIN', 'MEDELLIN', 5072),
(10712, 'PLANTA APIAY', 10378, 'CARTAGENA-CARTAGENA', 'CARTAGENA', 1004),
(10718, 'PLANTA AEROPUERTO ALFONSO BONILLA PUERTA II', 10378, 'BUCARAMANGA-BARRANCABERMEJA', 'BUCARAMANGA', 1004),
(10780, 'CONSERJE CD ANTIGUO PEREIRA', 3800, 'BUCARAMANGA-CÚCUTA', 'BUCARAMANGA', 1081),
(10882, 'CONSERJE CD SOCIAL BUCARAMANGA', 3800, 'MEDELLIN-MEDELLIN', 'MEDELLIN', 1081),
(10905, '', 10382, 'VILLAVICENCIO-SAN MARTÍN', 'VILLAVICENCIO', 1081),
(10938, 'RECCOREDOR PLANTA PEREIRA', 10378, 'VILLAVICENCIO-ACACÍAS', 'VILLAVICENCIO', 5303),
(10943, 'PEAJE LOS CAUCHOS NEIVA-HUILA', 8545, 'VILLAVICENCIO-CASTILLA LA NUEVA', 'VILLAVICENCIO', 1081),
(10948, 'PEAJE ALTAMIRA ALTAMIRA-HUILA', 8545, 'VILLAVICENCIO-CASTILLA LA NUEVA', 'VILLAVICENCIO', 1081),
(10953, 'MOVIL 2  PITALITO-HUILA', 8545, 'VILLAVICENCIO-VILLAVICENCIO', 'VILLAVICENCIO', 1081),
(10958, 'MOVIL 1 MOCOA-PUTUMAYO', 8545, 'VILLAVICENCIO-VILLAVICENCIO', 'VILLAVICENCIO', 1081),
(10961, 'OFICINA MOCOA-PUTUMAYO', 8545, 'VILLAVICENCIO-VILLAVICENCIO', 'VILLAVICENCIO', 1081),
(10966, 'OFICINA  GARZON-HUILA', 8545, 'VILLAVICENCIO-VILLAVICENCIO', 'VILLAVICENCIO', 1081),
(10969, 'CCO OFICINAS PRINCIPALES   PITALITO-HUILA', 8545, 'VILLAVICENCIO-VILLAVICENCIO', 'VILLAVICENCIO', 1081),
(22007, 'GUARDA TAURAMENA II', 3896, 'BARRANQUILLA-BARRANQUILLA', 'BARRANQUILLA', 1081),
(22064, 'LABORATORIO UNIVERSIDAD PILOTO', 5343, 'BARRANQUILLA-BARRANQUILLA', 'BARRANQUILLA', 1081),
(22070, 'REGISTRO SUR PUESTO 2', 10380, 'BARRANQUILLA-BARRANQUILLA', 'BARRANQUILLA', 1004),
(22071, 'REFUERZO PISO 2', 10384, 'BARRANQUILLA-BARRANQUILLA', 'BARRANQUILLA', 5184),
(22072, 'KM 8 +50MTS', 4012, 'BARRANQUILLA-BARRANQUILLA', 'BARRANQUILLA', 4121),
(22073, 'SUPERVISOR TERPEL', 3833, 'BARRANQUILLA-BARRANQUILLA', 'BARRANQUILLA', 5195),
(22074, 'SUPERVISOR ARAUCA', 3833, 'BOGOTA-BOGOTÁ D.C.', 'BOGOTA', 1081),
(22084, 'KM 23', 4012, 'BARRANQUILLA-BARRANQUILLA', 'BARRANQUILLA', 1006),
(22085, 'RN 199', 4012, 'BARRANQUILLA-BARRANQUILLA', 'BARRANQUILLA', 1006),
(22086, 'VIGILANTE MEDIO TIEMPO SARAVENA', 3833, 'BARRANQUILLA-BARRANQUILLA', 'BARRANQUILLA', 1081),
(22121, 'BIOSENSOR CANINO ANTIEXPLOSIVO ATOSMR', 3773, 'CALI-POPAYÁN', 'CALI', 5308),
(22122, 'BODEGA PORVENIR', 3896, 'CALI-POPAYÁN', 'CALI', 1086),
(22130, 'OPERADORES CENTRO DE INFORMACIÓN DE SEGURIDAD', 4884, 'CALI-POPAYÁN', 'CALI', 1004),
(22132, 'TÉCNICO DE SEGURIDAD ELECTRÓNICA', 4884, 'BARRANQUILLA-BARRANQUILLA', 'BARRANQUILLA', 5052),
(22135, 'ESCOLTA - VICEPRESIDENCIA DISTRIBUCION', 4884, 'VILLAVICENCIO-CASTILLA LA NUEVA', 'VILLAVICENCIO', 3155),
(22138, 'ESCOLTA - VICEPRESIDENCIA DE OPERACIONES', 4884, 'GIRARDOT-NEIVA', 'GIRARDOT', 5147),
(22142, 'TORNO PROMIGAS VÍA 40 SEDE UNO', 4884, 'BUCARAMANGA-BUCARAMANGA', 'BUCARAMANGA', 5052),
(22143, 'TORNO ENLACE VÍA 40 SEDE UNO', 4884, 'GIRARDOT-GIRARDOT', 'GIRARDOT', 5147),
(22145, 'VÍA 40 SEDE UNO (CALLE 67)', 4884, 'BUCARAMANGA-BARRANCABERMEJA', 'BUCARAMANGA', 5193),
(22146, 'VÍA 40 SEDE DOS', 4884, 'BOGOTA-BOGOTÁ D.C.', 'BOGOTA', 1004),
(22147, 'PRESIDENCIA', 4884, 'GIRARDOT-GIRARDOT', 'GIRARDOT', 1004),
(22148, 'ESTACIÓN ARENOSA', 4884, 'TUNJA-AGUAZUL', 'TUNJA', 1004),
(22151, 'BODEGA CASCAJAL', 4884, 'TUNJA-TUNJA', 'TUNJA', 4165),
(22153, 'CCTV', 8508, 'CARTAGENA-CARTAGENA', 'CARTAGENA', 1012),
(22174, 'CONTROL DE CARGUE (SA)', 4481, 'TUNJA-TRINIDAD', 'TUNJA', 5184),
(22175, 'BASCULA (A)', 4481, 'TUNJA-TRINIDAD', 'TUNJA', 5184),
(22187, 'PERNOCTA FT BAQ', 9428, 'GIRARDOT-NEIVA', 'GIRARDOT', 10093),
(22231, 'CCTV UNAL', 6590, 'GIRARDOT-IBAGUÉ', 'GIRARDOT', 1006),
(22232, 'ARMERILLO', 3773, 'VILLAVICENCIO-GUAMAL', 'VILLAVICENCIO', 4168),
(22237, 'CARACOL TV MOVIL 7', 7163, 'GIRARDOT-PITALITO', 'GIRARDOT', 5043),
(22270, 'LOTE PATIO BOMITO VEREDA PALESTINA', 5006, 'BUCARAMANGA-PUERTO BERRÍO', 'BUCARAMANGA', 1140),
(22299, 'AGAVE', 3925, 'SANTA MARTA-SANTA MARTA', 'SANTA MARTA', 1164),
(22300, 'AZAFRAN', 3925, 'SANTA MARTA-SANTA MARTA', 'SANTA MARTA', 1164),
(22313, 'X - RAY PEREIRA', 9428, 'BUCARAMANGA-BARRANCABERMEJA', 'BUCARAMANGA', 10186),
(22314, 'RAMP PERIMETER PEREIRA', 9428, 'BUCARAMANGA-BARRANCABERMEJA', 'BUCARAMANGA', 10136),
(22315, 'AIRCRAFT ACCESS CONTROL PEREIRA', 9428, 'BUCARAMANGA-BARRANCABERMEJA', 'BUCARAMANGA', 10136);

-- --------------------------------------------------------

--
-- Estructura de tabla para la tabla `seguridad_social`
--

CREATE TABLE `seguridad_social` (
  `id_registro` int(100) NOT NULL,
  `empleado_id` int(20) NOT NULL,
  `afp` varchar(45) NOT NULL,
  `afc` varchar(45) NOT NULL,
  `arl` varchar(50) NOT NULL,
  `eps` varchar(45) NOT NULL,
  `ccf` varchar(45) NOT NULL
) ENGINE=InnoDB DEFAULT CHARSET=utf8;

--
-- Volcado de datos para la tabla `seguridad_social`
--

INSERT INTO `seguridad_social` (`id_registro`, `empleado_id`, `afp`, `afc`, `arl`, `eps`, `ccf`) VALUES
(1, 2316358, '138', '137', '84', '11', '99'),
(2, 2680820, '74', '137', '84', '112', '120'),
(3, 4372275, '74', '136', '84', '86', '115'),
(4, 4391851, '74', '138', '84', '73', '46'),
(5, 4415933, '74', '137', '84', '73', '99'),
(6, 4446750, '47', '137', '84', '112', '99'),
(7, 4512715, '26', '136', '84', '112', '46'),
(8, 4578632, '37', '138', '84', '112', '46'),
(9, 7549474, '47', '137', '84', '112', '115'),
(10, 7959553, '74', '136', '84', '86', '46'),
(11, 9697467, '47', '137', '84', '123', '46'),
(12, 9697804, '37', '138', '84', '112', '46'),
(13, 9726942, '26', '139', '84', '123', '115'),
(14, 9727897, '26', '139', '84', '86', '115'),
(15, 9728928, '74', '139', '84', '112', '115'),
(16, 9735423, '47', '139', '84', '86', '115'),
(17, 9809507, '47', '137', '84', '86', '115'),
(18, 9862498, '47', '137', '84', '112', '46'),
(19, 9921457, '74', '137', '84', '112', '46'),
(20, 9957041, '26', '137', '84', '11', '46'),
(21, 9971779, '74', '139', '84', '112', '99'),
(22, 9977165, '47', '137', '84', '11', '99'),
(23, 9992812, '74', '138', '84', '112', '46'),
(24, 10008438, '47', '137', '84', '86', '46'),
(25, 10127786, '26', '137', '84', '112', '46'),
(26, 10128205, '74', '138', '84', '112', '46'),
(27, 10186008, '47', '137', '84', '86', '46'),
(28, 10263787, '47', '137', '84', '22', '99'),
(29, 10273868, '74', '137', '84', '112', '99'),
(30, 10281008, '74', '137', '84', '112', '99'),
(31, 10286362, '74', '137', '84', '22', '99'),
(32, 13993559, '47', '137', '84', '73', '120'),
(33, 14571153, '47', '137', '84', '107', '120'),
(34, 14571892, '74', '137', '84', '463', '120'),
(35, 15908017, '47', '137', '84', '123', '46'),
(36, 15956575, '74', '139', '84', '11', '99'),
(37, 15959151, '47', '', '84', '112', '99'),
(38, 15959842, '74', '137', '84', '73', '99'),
(39, 16045186, '47', '137', '84', '123', '46'),
(40, 16055698, '47', '136', '84', '112', '46'),
(41, 16226344, '47', '137', '84', '112', '120'),
(42, 16232307, '26', '137', '84', '112', '120'),
(43, 16485243, '74', '139', '84', '73', '46'),
(44, 16627207, '47', '138', '84', '112', '46'),
(45, 18398705, '47', '139', '84', '86', '115'),
(46, 18402946, '26', '137', '84', '86', '115'),
(47, 18403227, '47', '137', '84', '73', '115'),
(48, 18492028, '47', '137', '84', '112', '115'),
(49, 18532107, '74', '137', '84', '86', '46'),
(50, 18596498, '47', '137', '84', '86', '46'),
(51, 18598051, '47', '137', '84', '112', '46'),
(52, 18598209, '47', '137', '84', '123', '46'),
(53, 18606864, '74', '138', '84', '73', '120'),
(54, 24398541, '26', '140', '84', '112', '46'),
(55, 29435277, '74', '137', '84', '135', '46'),
(56, 30360511, '26', '136', '84', '86', '99'),
(57, 31412768, '47', '137', '84', '112', '115'),
(58, 41912001, '47', '139', '84', '130', '115'),
(59, 42159210, '47', '140', '84', '22', '46'),
(60, 72252082, '26', '136', '84', '86', '46'),
(61, 75033492, '26', '137', '84', '112', '99'),
(62, 75050002, '47', '137', '84', '86', '46'),
(63, 75077610, '26', '137', '84', '22', '99'),
(64, 75079795, '74', '137', '84', '86', '99'),
(65, 75081513, '47', '137', '84', '86', '99'),
(66, 75084858, '47', '137', '84', '11', '99'),
(67, 75085511, '26', '137', '84', '11', '99'),
(68, 75101610, '47', '137', '84', '11', '46'),
(69, 75102420, '37', '137', '84', '86', '99'),
(70, 75143474, '47', '137', '84', '130', '63'),
(71, 75144459, '26', '137', '84', '86', '46'),
(72, 75146518, '26', '137', '84', '86', '46'),
(73, 83241316, '37', '139', '84', '212', '90'),
(74, 89004457, '37', '136', '84', '112', '115'),
(75, 93383597, '74', '137', '84', '123', '46'),
(76, 94288775, '37', '137', '84', '86', '46'),
(77, 94310956, '74', '139', '84', '123', '46'),
(78, 94393066, '47', '137', '84', '129', '120'),
(79, 94463013, '47', '137', '84', '86', '115'),
(80, 94533834, '26', '139', '84', '86', '115'),
(81, 1004211221, '47', '137', '84', '463', '99'),
(82, 1053791943, '47', '137', '84', '123', '99'),
(83, 1053794211, '74', '140', '84', '11', '99'),
(84, 1053800432, '26', '137', '84', '112', '99'),
(85, 1054916493, '47', '137', '84', '112', '46'),
(86, 1054990354, '26', '137', '84', '11', '99'),
(87, 1057757266, '47', '137', '84', '123', '46'),
(88, 1059785331, '26', '136', '84', '11', '99'),
(89, 1059812970, '47', '137', '84', '11', '99'),
(90, 1060590364, '47', '137', '84', '123', '99'),
(91, 1060646253, '37', '137', '84', '86', '99'),
(92, 1061624208, '37', '137', '84', '86', '99'),
(93, 1061625000, '37', '137', '84', '11', '99'),
(94, 1086278089, '74', '139', '84', '11', '46'),
(95, 1088002131, '47', '137', '84', '86', '46'),
(96, 1088003280, '47', '137', '84', '73', '46'),
(97, 1088021467, '47', '137', '84', '22', '46'),
(98, 1088028024, '47', '137', '84', '463', '46'),
(99, 1088238927, '26', '137', '84', '86', '46'),
(100, 1088245901, '26', '137', '84', '22', '46'),
(101, 1088248409, '26', '139', '84', '112', '46'),
(102, 1088273174, '47', '137', '84', '112', '46'),
(103, 1088292581, '47', '137', '84', '86', '46'),
(104, 1088300094, '26', '137', '84', '11', '46'),
(105, 1088313813, '26', '137', '84', '112', '46'),
(106, 1088321795, '47', '137', '84', '86', '46'),
(107, 1088327284, '26', '137', '84', '11', '46'),
(108, 1089746531, '26', '137', '84', '463', '46'),
(109, 1090336662, '47', '137', '84', '463', '46'),
(110, 1093215267, '47', '137', '84', '86', '46'),
(111, 1094882530, '26', '136', '84', '86', '115'),
(112, 1094902525, '26', '136', '84', '112', '115'),
(113, 1094911267, '26', '137', '84', '86', '115'),
(114, 1096032319, '26', '137', '84', '112', '115'),
(115, 1096646154, '47', '', '84', '107', '46'),
(116, 1097729714, '47', '137', '84', '73', '115'),
(117, 1104675026, '26', '136', '84', '123', '96'),
(118, 1109293858, '47', '139', '84', '11', '99'),
(119, 1109296032, '47', '', '84', '86', '96'),
(120, 1109298865, '47', '137', '84', '22', '99'),
(121, 1112302799, '47', '137', '84', '73', '120'),
(122, 1112761152, '47', '137', '84', '112', '120'),
(123, 1112769004, '47', '137', '84', '112', '46'),
(124, 1112770431, '47', '137', '84', '123', '120'),
(125, 1112780067, '47', '137', '84', '463', '120'),
(126, 1112784664, '47', '137', '84', '123', '120'),
(127, 1113512846, '26', '137', '84', '11', '99'),
(128, 1113533829, '47', '137', '84', '73', '46'),
(129, 1113779033, '47', '137', '84', '73', '120'),
(130, 1114092888, '26', '137', '84', '112', '120'),
(131, 1114120754, '47', '137', '84', '86', '120'),
(132, 1116264342, '47', '137', '84', '123', '120'),
(133, 1116437684, '37', '137', '84', '123', '120'),
(134, 1116726252, '47', '137', '84', '11', '46'),
(135, 1143946915, '47', '137', '84', '11', '99'),
(136, 0, '6318', '18119', '11340', '13682', '11007'),
(137, 0, '', '', '', '', ''),
(138, 0, '', '', '', '', '');

-- --------------------------------------------------------

--
-- Estructura de tabla para la tabla `tipo_contrato`
--

CREATE TABLE `tipo_contrato` (
  `id_tipo_contrato` int(20) NOT NULL,
  `descripcion` varchar(50) NOT NULL
) ENGINE=InnoDB DEFAULT CHARSET=utf8;

--
-- Volcado de datos para la tabla `tipo_contrato`
--

INSERT INTO `tipo_contrato` (`id_tipo_contrato`, `descripcion`) VALUES
(1, 'ANTIGUA CONTRATACIÓN OPERATIVOS (Q)'),
(2, 'ANTIGUA CONTRATACIÓN PENSIONADOS (Q)'),
(3, 'ANTIGUA CONTRATACIÓN OPERATIVO (M)'),
(20, 'CONTRATACIÓN NIVELADOS OPERATIVOS (Q)'),
(21, 'CONTRATACIÓN NIVELADOS PENSIONADOS (Q)'),
(22, 'CONTRATACIÓN NIVELADOS OPERATIVOS (M)'),
(23, 'CONTRATACIÓN NIVELADOS PESIONADOS (M)'),
(40, 'NUEVA CONTRATACIÓN OPERATIVOS (Q)'),
(42, 'NUEVA CONTRATACIÓN OPERATIVOS (M)'),
(60, 'NÓMINAS PLANAS (Q)'),
(61, 'NÓMINAS PLANAS PENSIONADOS (Q)'),
(62, 'NÓMINAS PLANAS (M)'),
(80, 'GARANTIZADOS ADMINISTRATIVOS (Q)'),
(81, 'GARANTIZADOS ADMINISTRATIVOS PENS. (Q)'),
(83, 'GARANTIZADOS ADMINISTRATIVOS PENS. (M)'),
(100, 'GARANTIZADOS OPERATIVOS (Q)'),
(102, 'GARANTIZADOS OPERATIVOS (M)'),
(124, 'NÓMINAS APRENDICES (Q)');

-- --------------------------------------------------------

--
-- Estructura de tabla para la tabla `ubicacion`
--

CREATE TABLE `ubicacion` (
  `id_registro` int(100) NOT NULL,
  `puesto_id` int(50) NOT NULL,
  `nombre_puesto` varchar(50) NOT NULL,
  `cliente_id` int(50) NOT NULL,
  `direccion_puesto` varchar(50) NOT NULL,
  `ciudad` varchar(45) NOT NULL,
  `modalidad_id` int(50) NOT NULL,
  `empleado_id` int(20) NOT NULL,
  `fecha_ingreso` date NOT NULL,
  `fecha_salida` date NOT NULL
) ENGINE=InnoDB DEFAULT CHARSET=utf8;

--
-- Volcado de datos para la tabla `ubicacion`
--

INSERT INTO `ubicacion` (`id_registro`, `puesto_id`, `nombre_puesto`, `cliente_id`, `direccion_puesto`, `ciudad`, `modalidad_id`, `empleado_id`, `fecha_ingreso`, `fecha_salida`) VALUES
(1, 4963, 'CD PEREIRA RECEPCION', 3800, 'PEREIRA PEREIRA', 'PEREIRA', 1062, 18606864, '1996-11-16', '0000-00-00'),
(2, 5085, 'EXXON MOBIL CARTAGO RESIDENTE', 3938, 'PEREIRA CARTAGO', 'CARTAGO', 10045, 16226344, '2017-02-13', '0000-00-00'),
(3, 10473, 'CONSERJE CD ANTIGUO PEREIRA', 3800, 'PEREIRA PEREIRA', 'PEREIRA', 9049, 18598209, '2017-11-13', '0000-00-00'),
(4, 5088, 'EXXON MOBIL CARTAGO RONDA INTERNA', 3938, 'PEREIRA CARTAGO', 'CARTAGO', 5052, 1112770431, '2017-02-07', '0000-00-00'),
(5, 10439, 'OFICINA/BODEGA PLANTA MANIZALES', 10378, 'PEREIRA MANIZALES', 'MANIZALES', 1004, 2316358, '2017-05-01', '0000-00-00'),
(6, 5054, 'BBVA CENTRO ARMENIA', 3871, 'PEREIRA ARMENIA', 'ARMENIA', 3095, 94463013, '2017-02-09', '0000-00-00'),
(7, 10437, 'AEROPUERTO MATECAÑA', 10378, 'PEREIRA PEREIRA', 'PEREIRA', 5193, 9921457, '2017-05-01', '0000-00-00'),
(8, 10439, 'OFICINA/BODEGA PLANTA MANIZALES', 10378, 'PEREIRA MANIZALES', 'MANIZALES', 1004, 75084858, '2017-05-01', '0000-00-00'),
(9, 5088, 'EXXON MOBIL CARTAGO RONDA INTERNA', 3938, 'PEREIRA CARTAGO', 'CARTAGO', 5052, 1112780067, '2017-11-03', '0000-00-00'),
(10, 0, '', 5155, 'PEREIRA MANIZALES', 'MANIZALES', 4054, 15956575, '1997-05-03', '0000-00-00'),
(11, 5002, 'SUPERVISOR MOTORIZADO', 3833, 'PEREIRA MANIZALES', 'MANIZALES', 1090, 75079795, '2017-04-28', '0000-00-00'),
(12, 5002, 'SUPERVISOR MOTORIZADO', 3833, 'PEREIRA MANIZALES', 'MANIZALES', 1000, 1053794211, '2017-02-08', '0000-00-00'),
(13, 4967, 'CD ARMENIA PORTERIA PEATONAL', 3800, 'PEREIRA ARMENIA', 'ARMENIA', 1062, 1094882530, '2017-01-07', '0000-00-00'),
(14, 4981, 'Radio Operador  VISE (C.A)', 3833, 'PEREIRA PEREIRA', 'PEREIRA', 1000, 16485243, '1997-01-08', '0000-00-00'),
(15, 4958, 'RAYOS X ARMENIA', 3773, 'PEREIRA ARMENIA', 'ARMENIA', 3122, 1094911267, '2017-02-12', '0000-00-00'),
(16, 5092, 'OFICINA(C.A)', 5089, 'PEREIRA PEREIRA', 'PEREIRA', 5064, 4391851, '1997-04-09', '0000-00-00'),
(17, 5054, 'BBVA CENTRO ARMENIA', 3871, 'PEREIRA ARMENIA', 'ARMENIA', 3095, 89004457, '2017-03-07', '0000-00-00'),
(18, 4955, 'PLATAFORMA 2', 3773, 'PEREIRA ARMENIA', 'ARMENIA', 1062, 94533834, '2017-03-19', '0000-00-00'),
(19, 5081, 'BANCOMPARTIR OFICINA PEREIRA 2', 3900, 'PEREIRA PEREIRA', 'PEREIRA', 9008, 16627207, '1996-11-16', '0000-00-00'),
(20, 5073, 'E-PAGO PEREIRA', 5070, 'PEREIRA PEREIRA', 'PEREIRA', 6039, 10127786, '2017-09-01', '0000-00-00'),
(21, 4987, 'RECORREDOR ARMENIA', 3833, 'PEREIRA ARMENIA', 'ARMENIA', 1090, 4372275, '2017-10-24', '0000-00-00'),
(22, 4971, 'BAVARIA NUEVA SEDE MANIZALES', 3800, 'PEREIRA MANIZALES', 'MANIZALES', 1062, 1061625000, '2016-12-22', '0000-00-00'),
(23, 4939, 'PLATAFORMA 1', 3773, 'PEREIRA MANIZALES', 'MANIZALES', 5052, 1053791943, '2017-05-24', '0000-00-00'),
(24, 10439, 'OFICINA/BODEGA PLANTA MANIZALES', 10378, 'PEREIRA MANIZALES', 'MANIZALES', 1004, 1143946915, '2017-05-03', '0000-00-00'),
(25, 4950, 'INSPECTOR - CUSTODIA CARGA Y CORREO ATO PEI', 3773, 'PEREIRA PEREIRA', 'PEREIRA', 1062, 1116726252, '2017-11-01', '0000-00-00'),
(26, 5160, 'CSS RIO FRIO PORTERIA', 5155, 'PEREIRA RIOFRÍO', 'RIOFRÍO', 5052, 1114120754, '2016-06-13', '0000-00-00'),
(27, 4937, 'PLATAFORMA 1', 3773, 'PEREIRA MANIZALES', 'MANIZALES', 5052, 75033492, '2017-06-27', '0000-00-00'),
(28, 4963, 'CD PEREIRA RECEPCION', 3800, 'PEREIRA PEREIRA', 'PEREIRA', 1062, 1093215267, '2017-01-14', '0000-00-00'),
(29, 5159, 'CSS RIO FRIO  RONDA 2', 5155, 'PEREIRA RIOFRÍO', 'RIOFRÍO', 5193, 1112302799, '2017-11-07', '0000-00-00'),
(30, 5149, 'OFICINA NUEVA EPS ZARZAL', 3971, 'PEREIRA ZARZAL', 'ZARZAL', 5064, 1113779033, '2017-02-15', '0000-00-00'),
(31, 5153, 'AUTOGERMANA PEREIRA', 3998, 'PEREIRA PEREIRA', 'PEREIRA', 5056, 16045186, '2017-03-28', '0000-00-00'),
(32, 4998, 'SUPERVISOR MOTORIZADO', 3833, 'PEREIRA PEREIRA', 'PEREIRA', 1090, 75146518, '2017-08-19', '0000-00-00'),
(33, 0, '', 5155, 'PEREIRA MANIZALES', 'MANIZALES', 5050, 4415933, '2016-02-28', '0000-00-00'),
(34, 5140, 'OFICINA NUEVA EPS ARMENIA', 3971, 'PEREIRA ARMENIA', 'ARMENIA', 5064, 30360511, '2017-02-15', '0000-00-00'),
(35, 5144, 'OFICINA NUEVA EPS MANIZALES', 3971, 'PEREIRA MANIZALES', 'MANIZALES', 5064, 1097729714, '2017-02-21', '0000-00-00'),
(36, 5149, 'OFICINA NUEVA EPS ZARZAL', 3971, 'PEREIRA ZARZAL', 'ZARZAL', 5166, 13993559, '2017-11-11', '0000-00-00'),
(37, 5003, 'PORTERIA OFICINAS VISE PEREIRA', 3833, 'PEREIRA PEREIRA', 'PEREIRA', 10064, 7549474, '2012-12-28', '0000-00-00'),
(38, 5002, 'SUPERVISOR MOTORIZADO', 3833, 'PEREIRA MANIZALES', 'MANIZALES', 1090, 9971779, '2017-04-27', '0000-00-00'),
(39, 4938, 'PLATAFORMA 3', 3773, 'PEREIRA MANIZALES', 'MANIZALES', 5052, 1109293858, '2017-03-07', '0000-00-00'),
(40, 5158, 'CSS RIO FRIO RONDA', 5155, 'PEREIRA RIOFRÍO', 'RIOFRÍO', 5193, 1112784664, '2016-02-28', '0000-00-00'),
(41, 5159, 'CSS RIO FRIO  RONDA 2', 5155, 'PEREIRA RIOFRÍO', 'RIOFRÍO', 5193, 94393066, '2017-03-04', '0000-00-00'),
(42, 4950, 'INSPECTOR - CUSTODIA CARGA Y CORREO ATO PEI', 3773, 'PEREIRA PEREIRA', 'PEREIRA', 1062, 94310956, '2017-04-29', '0000-00-00'),
(43, 5158, 'CSS RIO FRIO RONDA', 5155, 'PEREIRA RIOFRÍO', 'RIOFRÍO', 5193, 1116264342, '2016-02-28', '0000-00-00'),
(44, 4998, 'SUPERVISOR MOTORIZADO', 3833, 'PEREIRA PEREIRA', 'PEREIRA', 1090, 75144459, '2017-03-27', '0000-00-00'),
(45, 10436, 'PORTERIA PLANTA PEREIRA', 10378, 'PEREIRA PEREIRA', 'PEREIRA', 1004, 1088238927, '2017-11-01', '0000-00-00'),
(46, 4963, 'CD PEREIRA RECEPCION', 3800, 'PEREIRA PEREIRA', 'PEREIRA', 1062, 9957041, '2017-03-07', '0000-00-00'),
(47, 5086, 'EXXON MOBIL CARTAGO PLANTA', 3938, 'PEREIRA CARTAGO', 'CARTAGO', 1062, 14571153, '2017-04-06', '0000-00-00'),
(48, 0, '', 5155, 'PEREIRA MANIZALES', 'MANIZALES', 1062, 75085511, '2017-12-04', '0000-00-00'),
(49, 5066, 'BBVA OFICINA PRINCIPAL PEREIRA', 3871, 'PEREIRA PEREIRA', 'PEREIRA', 9094, 1088321795, '2017-11-28', '0000-00-00'),
(50, 5086, 'EXXON MOBIL CARTAGO PLANTA', 3938, 'PEREIRA CARTAGO', 'CARTAGO', 1062, 1112761152, '2017-04-18', '0000-00-00'),
(51, 5166, 'ADICIONAL CSS LOS SURTIPIELES', 5155, 'PEREIRA MANIZALES', 'MANIZALES', 1062, 1113512846, '2017-10-20', '0000-00-00'),
(52, 5166, 'ADICIONAL CSS LOS SURTIPIELES', 5155, 'PEREIRA MANIZALES', 'MANIZALES', 1062, 1059785331, '2017-03-01', '0000-00-00'),
(53, 5144, 'OFICINA NUEVA EPS MANIZALES', 3971, 'PEREIRA MANIZALES', 'MANIZALES', 5166, 1061624208, '2017-04-07', '0000-00-00'),
(54, 0, '', 5155, 'PEREIRA MANIZALES', 'MANIZALES', 5050, 1109296032, '2017-03-30', '0000-00-00'),
(55, 5069, 'BBVA PINARES (LA REBECA) PEREIRA', 3871, 'PEREIRA PEREIRA', 'PEREIRA', 10065, 10186008, '2017-08-24', '0000-00-00'),
(56, 10440, 'RECORREDOR PLANTA MANIZALES', 10378, 'PEREIRA MANIZALES', 'MANIZALES', 5193, 10273868, '2017-05-01', '0000-00-00'),
(57, 10438, 'PORTERIA PLANTA MANIZALES', 10378, 'PEREIRA MANIZALES', 'MANIZALES', 1004, 75081513, '2017-05-01', '0000-00-00'),
(58, 10438, 'PORTERIA PLANTA MANIZALES', 10378, 'PEREIRA MANIZALES', 'MANIZALES', 1004, 10286362, '2017-05-01', '0000-00-00'),
(59, 10436, 'PORTERIA PLANTA PEREIRA', 10378, 'PEREIRA PEREIRA', 'PEREIRA', 1004, 18532107, '2017-05-01', '0000-00-00'),
(60, 10436, 'PORTERIA PLANTA PEREIRA', 10378, 'PEREIRA PEREIRA', 'PEREIRA', 1004, 15908017, '2017-05-01', '0000-00-00'),
(61, 10494, 'RECCOREDOR PLANTA PEREIRA', 10378, 'PEREIRA PEREIRA', 'PEREIRA', 5303, 93383597, '2017-05-01', '0000-00-00'),
(62, 5003, 'PORTERIA OFICINAS VISE PEREIRA', 3833, 'PEREIRA PEREIRA', 'PEREIRA', 1000, 1089746531, '2017-10-20', '0000-00-00'),
(63, 4976, 'CONSERGE CALARCA', 3800, 'PEREIRA CALARCA', 'CALARCA', 10045, 31412768, '2017-04-01', '0000-00-00'),
(64, 4981, 'Radio Operador  VISE (C.A)', 3833, 'PEREIRA PEREIRA', 'PEREIRA', 1000, 75143474, '2017-04-11', '0000-00-00'),
(65, 4946, 'ENTRADA/ SALIDA DE EQUIPAJES', 3773, 'PEREIRA PEREIRA', 'PEREIRA', 3000, 14571892, '2017-08-30', '0000-00-00'),
(66, 4949, 'CONTROL ACCESO HUB PEI', 3773, 'PEREIRA PEREIRA', 'PEREIRA', 1062, 16055698, '2017-05-16', '0000-00-00'),
(67, 10309, 'Agente de Control Medio Tiempo PEI # 10', 3773, 'Agente de Control Medio Tiempo PEI # 10 Agente de ', 'Agente de Control Medio Tiempo PEI # 10', 3000, 1088292581, '2017-10-01', '0000-00-00'),
(68, 4980, 'Supervisor Motorizado(C.A)', 3833, 'PEREIRA PEREIRA', 'PEREIRA', 1090, 18598051, '2016-09-16', '0000-00-00'),
(69, 5003, 'PORTERIA OFICINAS VISE PEREIRA', 3833, 'PEREIRA PEREIRA', 'PEREIRA', 10064, 1053800432, '2017-05-31', '0000-00-00'),
(70, 10303, 'Agente de Control Medio Tiempo PEI # 4', 3773, 'Agente de Control Medio Tiempo PEI # 4 Agente de C', 'Agente de Control Medio Tiempo PEI # 4', 5166, 1088003280, '2017-10-01', '0000-00-00'),
(71, 4987, 'RECORREDOR ARMENIA', 3833, 'PEREIRA ARMENIA', 'ARMENIA', 1090, 9728928, '2017-06-23', '0000-00-00'),
(72, 5077, 'BANCOMPARTIR OFICINA ARMENIA', 3900, 'PEREIRA ARMENIA', 'ARMENIA', 3077, 18492028, '2017-02-28', '0000-00-00'),
(73, 4971, 'BAVARIA NUEVA SEDE MANIZALES', 3800, 'PEREIRA MANIZALES', 'MANIZALES', 1062, 15959151, '2017-03-01', '0000-00-00'),
(74, 4958, 'RAYOS X ARMENIA', 3773, 'PEREIRA ARMENIA', 'ARMENIA', 3122, 9726942, '2017-08-01', '0000-00-00'),
(75, 4950, 'INSPECTOR - CUSTODIA CARGA Y CORREO ATO PEI', 3773, 'PEREIRA PEREIRA', 'PEREIRA', 1062, 7959553, '2003-04-03', '0000-00-00'),
(76, 10307, 'Agente de Control Medio Tiempo PEI # 8', 3773, 'Agente de Control Medio Tiempo PEI # 8 Agente de C', 'Agente de Control Medio Tiempo PEI # 8', 5166, 1088002131, '2017-10-01', '0000-00-00'),
(77, 4980, 'Supervisor Motorizado(C.A)', 3833, 'PEREIRA PEREIRA', 'PEREIRA', 1090, 9862498, '2017-05-05', '0000-00-00'),
(78, 5088, 'EXXON MOBIL CARTAGO RONDA INTERNA', 3938, 'PEREIRA CARTAGO', 'CARTAGO', 5052, 1116437684, '2017-06-19', '0000-00-00'),
(79, 4948, 'CONTROL - CUSTODIA CARGA Y CORREO HUB PEI', 3773, 'PEREIRA PEREIRA', 'PEREIRA', 3126, 1088313813, '2017-08-12', '0000-00-00'),
(80, 5003, 'PORTERIA OFICINAS VISE PEREIRA', 3833, 'PEREIRA PEREIRA', 'PEREIRA', 5166, 1113533829, '2017-05-15', '0000-00-00'),
(81, 5003, 'PORTERIA OFICINAS VISE PEREIRA', 3833, 'PEREIRA PEREIRA', 'PEREIRA', 5166, 1088327284, '2017-05-15', '0000-00-00'),
(82, 5003, 'PORTERIA OFICINAS VISE PEREIRA', 3833, 'PEREIRA PEREIRA', 'PEREIRA', 5166, 1112769004, '2017-05-15', '0000-00-00'),
(83, 4948, 'CONTROL - CUSTODIA CARGA Y CORREO HUB PEI', 3773, 'PEREIRA PEREIRA', 'PEREIRA', 3126, 9697467, '2017-11-13', '0000-00-00'),
(84, 22222, 'PLATAFORMA 1', 3773, 'PEREIRA ARMENIA', 'ARMENIA', 1012, 9735423, '2017-10-03', '0000-00-00'),
(85, 4971, 'BAVARIA NUEVA SEDE MANIZALES', 3800, 'PEREIRA MANIZALES', 'MANIZALES', 1062, 75102420, '2017-08-19', '0000-00-00'),
(86, 5165, 'ADICIONAL CSS MANIZALES-SABINAS', 5155, 'PEREIRA MANIZALES', 'MANIZALES', 1062, 1054990354, '2017-05-12', '0000-00-00'),
(87, 4987, 'RECORREDOR ARMENIA', 3833, 'PEREIRA ARMENIA', 'ARMENIA', 1090, 18402946, '2016-09-21', '0000-00-00'),
(88, 4955, 'PLATAFORMA 2', 3773, 'PEREIRA ARMENIA', 'ARMENIA', 3006, 41912001, '2017-07-06', '0000-00-00'),
(89, 4949, 'CONTROL ACCESO HUB PEI', 3773, 'PEREIRA PEREIRA', 'PEREIRA', 1062, 1096646154, '2017-10-27', '0000-00-00'),
(90, 4938, 'PLATAFORMA 3', 3773, 'PEREIRA MANIZALES', 'MANIZALES', 1000, 1060646253, '2017-10-11', '0000-00-00'),
(91, 4967, 'CD ARMENIA PORTERIA PEATONAL', 3800, 'PEREIRA ARMENIA', 'ARMENIA', 1062, 18398705, '2017-04-10', '0000-00-00'),
(92, 10310, 'Agente de Control Medio Tiempo PEI # 11', 3773, 'Agente de Control Medio Tiempo PEI # 11 Agente de ', 'Agente de Control Medio Tiempo PEI # 11', 10129, 1054916493, '2017-10-01', '0000-00-00'),
(93, 10308, 'Agente de Control Medio Tiempo PEI # 9', 3773, 'Agente de Control Medio Tiempo PEI # 9 Agente de C', 'Agente de Control Medio Tiempo PEI # 9', 10129, 10008438, '2017-10-01', '0000-00-00'),
(94, 10302, 'Agente de Control Medio Tiempo PEI # 3', 3773, 'Agente de Control Medio Tiempo PEI # 3 Agente de C', 'Agente de Control Medio Tiempo PEI # 3', 5166, 1057757266, '2017-10-01', '0000-00-00'),
(95, 5003, 'PORTERIA OFICINAS VISE PEREIRA', 3833, 'PEREIRA PEREIRA', 'PEREIRA', 5166, 29435277, '2017-10-30', '0000-00-00'),
(96, 10300, 'Agente de Control Medio Tiempo PEI # 1', 3773, 'Agente de Control Medio Tiempo PEI # 1 Agente de C', 'Agente de Control Medio Tiempo PEI # 1', 10129, 9697804, '2017-10-01', '0000-00-00'),
(97, 4956, 'REFUERZO DE PLATAFORMA', 3773, 'PEREIRA PEREIRA', 'PEREIRA', 3000, 4512715, '2017-09-20', '0000-00-00'),
(98, 10299, 'Lider de Control PEI # 1', 3773, 'Lider de Control PEI # 1 Lider de Control PEI # 1', 'Lider de Control PEI # 1', 5052, 42159210, '2011-02-16', '0000-00-00'),
(99, 10304, 'Agente de Control Medio Tiempo PEI # 5', 3773, 'Agente de Control Medio Tiempo PEI # 5 Agente de C', 'Agente de Control Medio Tiempo PEI # 5', 10129, 24398541, '2017-10-01', '0000-00-00'),
(100, 10305, 'Agente de Control Medio Tiempo PEI # 6', 3773, 'Agente de Control Medio Tiempo PEI # 6 Agente de C', 'Agente de Control Medio Tiempo PEI # 6', 10129, 1088245901, '2017-10-01', '0000-00-00'),
(101, 10298, 'Coordinador Operativo  PEI # 1', 3773, 'Coordinador Operativo  PEI # 1 Coordinador Operati', 'Coordinador Operativo  PEI # 1', 2002, 83241316, '2011-02-16', '0000-00-00'),
(102, 4949, 'CONTROL ACCESO HUB PEI', 3773, 'PEREIRA PEREIRA', 'PEREIRA', 1062, 72252082, '2017-08-01', '0000-00-00'),
(103, 4956, 'REFUERZO DE PLATAFORMA', 3773, 'PEREIRA PEREIRA', 'PEREIRA', 2010, 75050002, '2017-01-13', '0000-00-00'),
(104, 10473, 'CONSERJE CD ANTIGUO PEREIRA', 3800, 'PEREIRA PEREIRA', 'PEREIRA', 1000, 1088300094, '2017-10-30', '0000-00-00'),
(105, 10438, 'PORTERIA PLANTA MANIZALES', 10378, 'PEREIRA MANIZALES', 'MANIZALES', 1004, 1104675026, '2017-04-29', '0000-00-00'),
(106, 5067, 'BBVA PPAL PLAZA DE BOLIVAR MANIZALES', 3871, 'PEREIRA MANIZALES', 'MANIZALES', 9094, 1059812970, '2016-10-11', '0000-00-00'),
(107, 4947, 'PLATAFORMA', 3773, 'PEREIRA PEREIRA', 'PEREIRA', 1000, 1088248409, '2017-04-09', '0000-00-00'),
(108, 4955, 'PLATAFORMA 2', 3773, 'PEREIRA ARMENIA', 'ARMENIA', 3006, 1096032319, '2017-09-27', '0000-00-00'),
(109, 10306, 'Agente de Control Medio Tiempo PEI # 7', 3773, 'Agente de Control Medio Tiempo PEI # 7 Agente de C', 'Agente de Control Medio Tiempo PEI # 7', 5166, 1088028024, '2017-10-01', '0000-00-00'),
(110, 5136, 'OFICINA NUEVA EPS PEREIRA', 3971, 'PEREIRA PEREIRA', 'PEREIRA', 5166, 16232307, '2017-02-19', '0000-00-00'),
(111, 10311, 'Agente de Control Medio Tiempo PEI # 12', 3773, 'Agente de Control Medio Tiempo PEI # 12 Agente de ', 'Agente de Control Medio Tiempo PEI # 12', 5166, 1088021467, '2017-10-01', '0000-00-00'),
(112, 4944, 'OFICINA AVIANCA  CENTRO C. A.', 3773, 'PEREIRA PEREIRA', 'PEREIRA', 6038, 4578632, '1997-04-14', '0000-00-00'),
(113, 5058, 'BBVA LOS ROSALES', 3871, 'PEREIRA MANIZALES', 'MANIZALES', 10065, 1004211221, '2017-12-04', '0000-00-00'),
(114, 22222, 'PLATAFORMA 1', 3773, 'PEREIRA ARMENIA', 'ARMENIA', 1012, 9809507, '2017-01-09', '0000-00-00'),
(115, 4946, 'ENTRADA/ SALIDA DE EQUIPAJES', 3773, 'PEREIRA PEREIRA', 'PEREIRA', 3000, 1114092888, '2017-06-11', '0000-00-00'),
(116, 5140, 'OFICINA NUEVA EPS ARMENIA', 3971, 'PEREIRA ARMENIA', 'ARMENIA', 5166, 18403227, '2017-10-24', '0000-00-00'),
(117, 10301, 'Agente de Control Medio Tiempo PEI # 2', 3773, 'Agente de Control Medio Tiempo PEI # 2 Agente de C', 'Agente de Control Medio Tiempo PEI # 2', 5166, 75101610, '2017-10-06', '0000-00-00'),
(118, 4967, 'CD ARMENIA PORTERIA PEATONAL', 3800, 'PEREIRA ARMENIA', 'ARMENIA', 1062, 1094902525, '2017-03-20', '0000-00-00'),
(119, 5003, 'PORTERIA OFICINAS VISE PEREIRA', 3833, 'PEREIRA PEREIRA', 'PEREIRA', 5166, 1088273174, '2017-11-15', '0000-00-00'),
(120, 4947, 'PLATAFORMA', 3773, 'PEREIRA PEREIRA', 'PEREIRA', 1000, 18596498, '1998-01-06', '0000-00-00'),
(121, 5068, 'BBVA CENTRO TECNOLOGICO LAGO URIBE', 3871, 'PEREIRA PEREIRA', 'PEREIRA', 10067, 1090336662, '2017-12-11', '0000-00-00'),
(122, 10473, 'CONSERJE CD ANTIGUO PEREIRA', 3800, 'PEREIRA PEREIRA', 'PEREIRA', 1062, 10128205, '1996-11-16', '0000-00-00'),
(123, 4993, 'RECORREDOR', 3833, 'PEREIRA CARTAGO', 'CARTAGO', 10209, 2680820, '2003-06-10', '0000-00-00'),
(124, 5144, 'OFICINA NUEVA EPS MANIZALES', 3971, 'PEREIRA MANIZALES', 'MANIZALES', 9094, 15959842, '2017-03-08', '0000-00-00'),
(125, 4956, 'REFUERZO DE PLATAFORMA', 3773, 'PEREIRA PEREIRA', 'PEREIRA', 2010, 1086278089, '2017-02-14', '0000-00-00'),
(126, 4981, 'Radio Operador  VISE (C.A)', 3833, 'PEREIRA PEREIRA', 'PEREIRA', 1000, 9992812, '1998-03-04', '0000-00-00'),
(127, 5003, 'PORTERIA OFICINAS VISE PEREIRA', 3833, 'PEREIRA PEREIRA', 'PEREIRA', 1062, 94288775, '2017-11-16', '0000-00-00'),
(128, 22222, 'PLATAFORMA 1', 3773, 'PEREIRA ARMENIA', 'ARMENIA', 1012, 9727897, '2017-11-24', '0000-00-00');

-- --------------------------------------------------------

--
-- Estructura de tabla para la tabla `usuarios`
--

CREATE TABLE `usuarios` (
  `id_usuario` int(100) NOT NULL,
  `usuario` varchar(100) NOT NULL,
  `password` varchar(10) NOT NULL,
  `correo` varchar(100) NOT NULL
) ENGINE=InnoDB DEFAULT CHARSET=utf8;

--
-- Volcado de datos para la tabla `usuarios`
--

INSERT INTO `usuarios` (`id_usuario`, `usuario`, `password`, `correo`) VALUES
(1088256244, 'ymarquez', 'Vise2015', 'ymarquez@vise.com.co');

--
-- Índices para tablas volcadas
--

--
-- Indices de la tabla `academias`
--
ALTER TABLE `academias`
  ADD PRIMARY KEY (`nit_academia`);

--
-- Indices de la tabla `acreditacion`
--
ALTER TABLE `acreditacion`
  ADD PRIMARY KEY (`acreditacion_id`),
  ADD KEY `persona_id_idx` (`empleado_id`);

--
-- Indices de la tabla `cargo`
--
ALTER TABLE `cargo`
  ADD PRIMARY KEY (`id_cargo`);

--
-- Indices de la tabla `cliente`
--
ALTER TABLE `cliente`
  ADD PRIMARY KEY (`id_cliente`);

--
-- Indices de la tabla `contrato`
--
ALTER TABLE `contrato`
  ADD PRIMARY KEY (`id_contrato`),
  ADD KEY `persona_id_idx` (`empleado_id`);

--
-- Indices de la tabla `control_cursos`
--
ALTER TABLE `control_cursos`
  ADD PRIMARY KEY (`id_registro`),
  ADD KEY `persona_id_idx` (`empleado_id`);

--
-- Indices de la tabla `cursos`
--
ALTER TABLE `cursos`
  ADD PRIMARY KEY (`id_cursos`);

--
-- Indices de la tabla `documento`
--
ALTER TABLE `documento`
  ADD KEY `persona_id_idx` (`empleado_id`);

--
-- Indices de la tabla `empleado`
--
ALTER TABLE `empleado`
  ADD PRIMARY KEY (`id_empleado`),
  ADD UNIQUE KEY `idpersona_UNIQUE` (`id_empleado`);

--
-- Indices de la tabla `entidad`
--
ALTER TABLE `entidad`
  ADD PRIMARY KEY (`id_entidad`);

--
-- Indices de la tabla `modalidad`
--
ALTER TABLE `modalidad`
  ADD PRIMARY KEY (`id_modalidad`);

--
-- Indices de la tabla `puesto`
--
ALTER TABLE `puesto`
  ADD PRIMARY KEY (`id_puesto`),
  ADD UNIQUE KEY `id_puesto_UNIQUE` (`id_puesto`);

--
-- Indices de la tabla `seguridad_social`
--
ALTER TABLE `seguridad_social`
  ADD PRIMARY KEY (`id_registro`);

--
-- Indices de la tabla `tipo_contrato`
--
ALTER TABLE `tipo_contrato`
  ADD PRIMARY KEY (`id_tipo_contrato`);

--
-- Indices de la tabla `ubicacion`
--
ALTER TABLE `ubicacion`
  ADD PRIMARY KEY (`id_registro`),
  ADD KEY `puesto_id` (`puesto_id`);

--
-- Indices de la tabla `usuarios`
--
ALTER TABLE `usuarios`
  ADD PRIMARY KEY (`id_usuario`);

--
-- AUTO_INCREMENT de las tablas volcadas
--

--
-- AUTO_INCREMENT de la tabla `acreditacion`
--
ALTER TABLE `acreditacion`
  MODIFY `acreditacion_id` int(100) NOT NULL AUTO_INCREMENT, AUTO_INCREMENT=136;
--
-- AUTO_INCREMENT de la tabla `contrato`
--
ALTER TABLE `contrato`
  MODIFY `id_contrato` int(100) NOT NULL AUTO_INCREMENT, AUTO_INCREMENT=133;
--
-- AUTO_INCREMENT de la tabla `control_cursos`
--
ALTER TABLE `control_cursos`
  MODIFY `id_registro` int(100) NOT NULL AUTO_INCREMENT, AUTO_INCREMENT=136;
--
-- AUTO_INCREMENT de la tabla `seguridad_social`
--
ALTER TABLE `seguridad_social`
  MODIFY `id_registro` int(100) NOT NULL AUTO_INCREMENT, AUTO_INCREMENT=139;
--
-- AUTO_INCREMENT de la tabla `ubicacion`
--
ALTER TABLE `ubicacion`
  MODIFY `id_registro` int(100) NOT NULL AUTO_INCREMENT, AUTO_INCREMENT=132;COMMIT;

/*!40101 SET CHARACTER_SET_CLIENT=@OLD_CHARACTER_SET_CLIENT */;
/*!40101 SET CHARACTER_SET_RESULTS=@OLD_CHARACTER_SET_RESULTS */;
/*!40101 SET COLLATION_CONNECTION=@OLD_COLLATION_CONNECTION */;
